date_id,time_period,category_id,volume_code,volume_index
198801,1988-01-01,1,J5EK,
198802,1988-02-01,1,J5EK,
198803,1988-03-01,1,J5EK,
198804,1988-04-01,1,J5EK,
198805,1988-05-01,1,J5EK,
198806,1988-06-01,1,J5EK,
198807,1988-07-01,1,J5EK,
198808,1988-08-01,1,J5EK,
198809,1988-09-01,1,J5EK,
198810,1988-10-01,1,J5EK,
198811,1988-11-01,1,J5EK,
198812,1988-12-01,1,J5EK,
198901,1989-01-01,1,J5EK,
198902,1989-02-01,1,J5EK,
198903,1989-03-01,1,J5EK,
198904,1989-04-01,1,J5EK,
198905,1989-05-01,1,J5EK,
198906,1989-06-01,1,J5EK,
198907,1989-07-01,1,J5EK,
198908,1989-08-01,1,J5EK,
198909,1989-09-01,1,J5EK,
198910,1989-10-01,1,J5EK,
198911,1989-11-01,1,J5EK,
198912,1989-12-01,1,J5EK,
199001,1990-01-01,1,J5EK,
199002,1990-02-01,1,J5EK,
199003,1990-03-01,1,J5EK,
199004,1990-04-01,1,J5EK,
199005,1990-05-01,1,J5EK,
199006,1990-06-01,1,J5EK,
199007,1990-07-01,1,J5EK,
199008,1990-08-01,1,J5EK,
199009,1990-09-01,1,J5EK,
199010,1990-10-01,1,J5EK,
199011,1990-11-01,1,J5EK,
199012,1990-12-01,1,J5EK,
199101,1991-01-01,1,J5EK,
199102,1991-02-01,1,J5EK,
199103,1991-03-01,1,J5EK,
199104,1991-04-01,1,J5EK,
199105,1991-05-01,1,J5EK,
199106,1991-06-01,1,J5EK,
199107,1991-07-01,1,J5EK,
199108,1991-08-01,1,J5EK,
199109,1991-09-01,1,J5EK,
199110,1991-10-01,1,J5EK,
199111,1991-11-01,1,J5EK,
199112,1991-12-01,1,J5EK,
199201,1992-01-01,1,J5EK,
199202,1992-02-01,1,J5EK,
199203,1992-03-01,1,J5EK,
199204,1992-04-01,1,J5EK,
199205,1992-05-01,1,J5EK,
199206,1992-06-01,1,J5EK,
199207,1992-07-01,1,J5EK,
199208,1992-08-01,1,J5EK,
199209,1992-09-01,1,J5EK,
199210,1992-10-01,1,J5EK,
199211,1992-11-01,1,J5EK,
199212,1992-12-01,1,J5EK,
199301,1993-01-01,1,J5EK,
199302,1993-02-01,1,J5EK,
199303,1993-03-01,1,J5EK,
199304,1993-04-01,1,J5EK,
199305,1993-05-01,1,J5EK,
199306,1993-06-01,1,J5EK,
199307,1993-07-01,1,J5EK,
199308,1993-08-01,1,J5EK,
199309,1993-09-01,1,J5EK,
199310,1993-10-01,1,J5EK,
199311,1993-11-01,1,J5EK,
199312,1993-12-01,1,J5EK,
199401,1994-01-01,1,J5EK,
199402,1994-02-01,1,J5EK,
199403,1994-03-01,1,J5EK,
199404,1994-04-01,1,J5EK,
199405,1994-05-01,1,J5EK,
199406,1994-06-01,1,J5EK,
199407,1994-07-01,1,J5EK,
199408,1994-08-01,1,J5EK,
199409,1994-09-01,1,J5EK,
199410,1994-10-01,1,J5EK,
199411,1994-11-01,1,J5EK,
199412,1994-12-01,1,J5EK,
199501,1995-01-01,1,J5EK,
199502,1995-02-01,1,J5EK,
199503,1995-03-01,1,J5EK,
199504,1995-04-01,1,J5EK,
199505,1995-05-01,1,J5EK,
199506,1995-06-01,1,J5EK,
199507,1995-07-01,1,J5EK,
199508,1995-08-01,1,J5EK,
199509,1995-09-01,1,J5EK,
199510,1995-10-01,1,J5EK,
199511,1995-11-01,1,J5EK,
199512,1995-12-01,1,J5EK,
199601,1996-01-01,1,J5EK,58.4
199602,1996-02-01,1,J5EK,59.6
199603,1996-03-01,1,J5EK,59.8
199604,1996-04-01,1,J5EK,60.6
199605,1996-05-01,1,J5EK,60.2
199606,1996-06-01,1,J5EK,60.9
199607,1996-07-01,1,J5EK,60.7
199608,1996-08-01,1,J5EK,60.6
199609,1996-09-01,1,J5EK,61.6
199610,1996-10-01,1,J5EK,61.2
199611,1996-11-01,1,J5EK,61.7
199612,1996-12-01,1,J5EK,60.0
199701,1997-01-01,1,J5EK,61.0
199702,1997-02-01,1,J5EK,61.5
199703,1997-03-01,1,J5EK,62.1
199704,1997-04-01,1,J5EK,62.4
199705,1997-05-01,1,J5EK,62.2
199706,1997-06-01,1,J5EK,63.1
199707,1997-07-01,1,J5EK,63.1
199708,1997-08-01,1,J5EK,62.4
199709,1997-09-01,1,J5EK,62.6
199710,1997-10-01,1,J5EK,63.5
199711,1997-11-01,1,J5EK,63.6
199712,1997-12-01,1,J5EK,63.8
199801,1998-01-01,1,J5EK,64.0
199802,1998-02-01,1,J5EK,63.8
199803,1998-03-01,1,J5EK,63.5
199804,1998-04-01,1,J5EK,63.4
199805,1998-05-01,1,J5EK,64.0
199806,1998-06-01,1,J5EK,63.3
199807,1998-07-01,1,J5EK,63.9
199808,1998-08-01,1,J5EK,64.5
199809,1998-09-01,1,J5EK,64.2
199810,1998-10-01,1,J5EK,63.8
199811,1998-11-01,1,J5EK,64.1
199812,1998-12-01,1,J5EK,63.1
199901,1999-01-01,1,J5EK,64.4
199902,1999-02-01,1,J5EK,64.1
199903,1999-03-01,1,J5EK,63.8
199904,1999-04-01,1,J5EK,64.2
199905,1999-05-01,1,J5EK,65.0
199906,1999-06-01,1,J5EK,65.3
199907,1999-07-01,1,J5EK,65.2
199908,1999-08-01,1,J5EK,65.7
199909,1999-09-01,1,J5EK,65.4
199910,1999-10-01,1,J5EK,66.0
199911,1999-11-01,1,J5EK,66.3
199912,1999-12-01,1,J5EK,66.8
200001,2000-01-01,1,J5EK,68.2
200002,2000-02-01,1,J5EK,66.9
200003,2000-03-01,1,J5EK,67.1
200004,2000-04-01,1,J5EK,68.3
200005,2000-05-01,1,J5EK,67.5
200006,2000-06-01,1,J5EK,67.4
200007,2000-07-01,1,J5EK,67.1
200008,2000-08-01,1,J5EK,68.3
200009,2000-09-01,1,J5EK,68.2
200010,2000-10-01,1,J5EK,68.6
200011,2000-11-01,1,J5EK,68.7
200012,2000-12-01,1,J5EK,69.1
200101,2001-01-01,1,J5EK,69.8
200102,2001-02-01,1,J5EK,72.0
200103,2001-03-01,1,J5EK,72.2
200104,2001-04-01,1,J5EK,72.5
200105,2001-05-01,1,J5EK,73.9
200106,2001-06-01,1,J5EK,73.5
200107,2001-07-01,1,J5EK,74.0
200108,2001-08-01,1,J5EK,74.1
200109,2001-09-01,1,J5EK,74.6
200110,2001-10-01,1,J5EK,75.1
200111,2001-11-01,1,J5EK,76.0
200112,2001-12-01,1,J5EK,77.1
200201,2002-01-01,1,J5EK,76.4
200202,2002-02-01,1,J5EK,77.5
200203,2002-03-01,1,J5EK,77.5
200204,2002-04-01,1,J5EK,78.7
200205,2002-05-01,1,J5EK,78.0
200206,2002-06-01,1,J5EK,77.0
200207,2002-07-01,1,J5EK,78.4
200208,2002-08-01,1,J5EK,78.2
200209,2002-09-01,1,J5EK,78.6
200210,2002-10-01,1,J5EK,78.9
200211,2002-11-01,1,J5EK,79.5
200212,2002-12-01,1,J5EK,78.1
200301,2003-01-01,1,J5EK,78.3
200302,2003-02-01,1,J5EK,78.4
200303,2003-03-01,1,J5EK,78.8
200304,2003-04-01,1,J5EK,78.8
200305,2003-05-01,1,J5EK,78.8
200306,2003-06-01,1,J5EK,79.9
200307,2003-07-01,1,J5EK,80.3
200308,2003-08-01,1,J5EK,80.2
200309,2003-09-01,1,J5EK,81.1
200310,2003-10-01,1,J5EK,81.1
200311,2003-11-01,1,J5EK,81.1
200312,2003-12-01,1,J5EK,81.1
200401,2004-01-01,1,J5EK,82.3
200402,2004-02-01,1,J5EK,81.9
200403,2004-03-01,1,J5EK,82.3
200404,2004-04-01,1,J5EK,82.8
200405,2004-05-01,1,J5EK,83.0
200406,2004-06-01,1,J5EK,83.7
200407,2004-07-01,1,J5EK,83.7
200408,2004-08-01,1,J5EK,83.9
200409,2004-09-01,1,J5EK,84.3
200410,2004-10-01,1,J5EK,84.2
200411,2004-11-01,1,J5EK,83.9
200412,2004-12-01,1,J5EK,83.6
200501,2005-01-01,1,J5EK,83.6
200502,2005-02-01,1,J5EK,83.4
200503,2005-03-01,1,J5EK,82.8
200504,2005-04-01,1,J5EK,83.3
200505,2005-05-01,1,J5EK,83.1
200506,2005-06-01,1,J5EK,83.7
200507,2005-07-01,1,J5EK,83.4
200508,2005-08-01,1,J5EK,82.6
200509,2005-09-01,1,J5EK,83.0
200510,2005-10-01,1,J5EK,83.2
200511,2005-11-01,1,J5EK,84.1
200512,2005-12-01,1,J5EK,83.8
200601,2006-01-01,1,J5EK,84.5
200602,2006-02-01,1,J5EK,84.2
200603,2006-03-01,1,J5EK,85.0
200604,2006-04-01,1,J5EK,84.8
200605,2006-05-01,1,J5EK,85.4
200606,2006-06-01,1,J5EK,85.7
200607,2006-07-01,1,J5EK,85.5
200608,2006-08-01,1,J5EK,85.4
200609,2006-09-01,1,J5EK,85.3
200610,2006-10-01,1,J5EK,86.1
200611,2006-11-01,1,J5EK,86.4
200612,2006-12-01,1,J5EK,86.9
200701,2007-01-01,1,J5EK,86.1
200702,2007-02-01,1,J5EK,87.0
200703,2007-03-01,1,J5EK,87.5
200704,2007-04-01,1,J5EK,88.1
200705,2007-05-01,1,J5EK,87.3
200706,2007-06-01,1,J5EK,87.4
200707,2007-07-01,1,J5EK,87.5
200708,2007-08-01,1,J5EK,87.8
200709,2007-09-01,1,J5EK,88.1
200710,2007-10-01,1,J5EK,87.2
200711,2007-11-01,1,J5EK,87.5
200712,2007-12-01,1,J5EK,87.1
200801,2008-01-01,1,J5EK,87.5
200802,2008-02-01,1,J5EK,89.2
200803,2008-03-01,1,J5EK,87.0
200804,2008-04-01,1,J5EK,86.2
200805,2008-05-01,1,J5EK,88.8
200806,2008-06-01,1,J5EK,85.5
200807,2008-07-01,1,J5EK,85.9
200808,2008-08-01,1,J5EK,86.1
200809,2008-09-01,1,J5EK,86.1
200810,2008-10-01,1,J5EK,85.7
200811,2008-11-01,1,J5EK,86.1
200812,2008-12-01,1,J5EK,86.8
200901,2009-01-01,1,J5EK,87.2
200902,2009-02-01,1,J5EK,85.5
200903,2009-03-01,1,J5EK,86.0
200904,2009-04-01,1,J5EK,86.2
200905,2009-05-01,1,J5EK,86.3
200906,2009-06-01,1,J5EK,86.8
200907,2009-07-01,1,J5EK,87.2
200908,2009-08-01,1,J5EK,87.3
200909,2009-09-01,1,J5EK,87.1
200910,2009-10-01,1,J5EK,87.4
200911,2009-11-01,1,J5EK,86.8
200912,2009-12-01,1,J5EK,86.1
201001,2010-01-01,1,J5EK,83.4
201002,2010-02-01,1,J5EK,85.9
201003,2010-03-01,1,J5EK,85.3
201004,2010-04-01,1,J5EK,85.8
201005,2010-05-01,1,J5EK,86.0
201006,2010-06-01,1,J5EK,85.9
201007,2010-07-01,1,J5EK,86.2
201008,2010-08-01,1,J5EK,86.3
201009,2010-09-01,1,J5EK,85.2
201010,2010-10-01,1,J5EK,85.6
201011,2010-11-01,1,J5EK,85.6
201012,2010-12-01,1,J5EK,84.0
201101,2011-01-01,1,J5EK,85.5
201102,2011-02-01,1,J5EK,85.1
201103,2011-03-01,1,J5EK,85.1
201104,2011-04-01,1,J5EK,86.3
201105,2011-05-01,1,J5EK,84.5
201106,2011-06-01,1,J5EK,84.3
201107,2011-07-01,1,J5EK,84.7
201108,2011-08-01,1,J5EK,84.5
201109,2011-09-01,1,J5EK,84.6
201110,2011-10-01,1,J5EK,85.4
201111,2011-11-01,1,J5EK,85.0
201112,2011-12-01,1,J5EK,85.8
201201,2012-01-01,1,J5EK,85.4
201202,2012-02-01,1,J5EK,84.6
201203,2012-03-01,1,J5EK,86.5
201204,2012-04-01,1,J5EK,84.3
201205,2012-05-01,1,J5EK,85.0
201206,2012-06-01,1,J5EK,85.2
201207,2012-07-01,1,J5EK,85.2
201208,2012-08-01,1,J5EK,85.2
201209,2012-09-01,1,J5EK,85.5
201210,2012-10-01,1,J5EK,84.8
201211,2012-11-01,1,J5EK,84.4
201212,2012-12-01,1,J5EK,84.7
201301,2013-01-01,1,J5EK,84.5
201302,2013-02-01,1,J5EK,85.8
201303,2013-03-01,1,J5EK,84.7
201304,2013-04-01,1,J5EK,84.8
201305,2013-05-01,1,J5EK,85.7
201306,2013-06-01,1,J5EK,86.4
201307,2013-07-01,1,J5EK,86.6
201308,2013-08-01,1,J5EK,85.9
201309,2013-09-01,1,J5EK,86.8
201310,2013-10-01,1,J5EK,86.0
201311,2013-11-01,1,J5EK,86.6
201312,2013-12-01,1,J5EK,87.1
201401,2014-01-01,1,J5EK,87.0
201402,2014-02-01,1,J5EK,87.6
201403,2014-03-01,1,J5EK,88.6
201404,2014-04-01,1,J5EK,88.3
201405,2014-05-01,1,J5EK,88.8
201406,2014-06-01,1,J5EK,89.0
201407,2014-07-01,1,J5EK,89.2
201408,2014-08-01,1,J5EK,89.5
201409,2014-09-01,1,J5EK,88.8
201410,2014-10-01,1,J5EK,89.8
201411,2014-11-01,1,J5EK,90.4
201412,2014-12-01,1,J5EK,92.6
201501,2015-01-01,1,J5EK,91.8
201502,2015-02-01,1,J5EK,91.8
201503,2015-03-01,1,J5EK,91.9
201504,2015-04-01,1,J5EK,92.6
201505,2015-05-01,1,J5EK,92.3
201506,2015-06-01,1,J5EK,92.5
201507,2015-07-01,1,J5EK,92.7
201508,2015-08-01,1,J5EK,92.1
201509,2015-09-01,1,J5EK,94.1
201510,2015-10-01,1,J5EK,93.2
201511,2015-11-01,1,J5EK,93.9
201512,2015-12-01,1,J5EK,93.9
201601,2016-01-01,1,J5EK,96.6
201602,2016-02-01,1,J5EK,95.5
201603,2016-03-01,1,J5EK,95.4
201604,2016-04-01,1,J5EK,96.0
201605,2016-05-01,1,J5EK,97.1
201606,2016-06-01,1,J5EK,96.0
201607,2016-07-01,1,J5EK,97.9
201608,2016-08-01,1,J5EK,97.6
201609,2016-09-01,1,J5EK,98.0
201610,2016-10-01,1,J5EK,99.7
201611,2016-11-01,1,J5EK,99.0
201612,2016-12-01,1,J5EK,98.5
201701,2017-01-01,1,J5EK,97.5
201702,2017-02-01,1,J5EK,98.0
201703,2017-03-01,1,J5EK,97.5
201704,2017-04-01,1,J5EK,99.3
201705,2017-05-01,1,J5EK,97.7
201706,2017-06-01,1,J5EK,98.5
201707,2017-07-01,1,J5EK,98.4
201708,2017-08-01,1,J5EK,99.5
201709,2017-09-01,1,J5EK,99.3
201710,2017-10-01,1,J5EK,99.6
201711,2017-11-01,1,J5EK,99.7
201712,2017-12-01,1,J5EK,99.8
201801,2018-01-01,1,J5EK,99.0
201802,2018-02-01,1,J5EK,99.4
201803,2018-03-01,1,J5EK,97.8
201804,2018-04-01,1,J5EK,99.7
201805,2018-05-01,1,J5EK,101.2
201806,2018-06-01,1,J5EK,100.7
201807,2018-07-01,1,J5EK,101.7
201808,2018-08-01,1,J5EK,102.0
201809,2018-09-01,1,J5EK,101.7
201810,2018-10-01,1,J5EK,101.1
201811,2018-11-01,1,J5EK,102.4
201812,2018-12-01,1,J5EK,102.4
201901,2019-01-01,1,J5EK,102.7
201902,2019-02-01,1,J5EK,103.0
201903,2019-03-01,1,J5EK,104.1
201904,2019-04-01,1,J5EK,104.1
201905,2019-05-01,1,J5EK,102.8
201906,2019-06-01,1,J5EK,104.1
201907,2019-07-01,1,J5EK,105.2
201908,2019-08-01,1,J5EK,104.5
201909,2019-09-01,1,J5EK,104.5
201910,2019-10-01,1,J5EK,103.9
201911,2019-11-01,1,J5EK,103.5
201912,2019-12-01,1,J5EK,104.5
202001,2020-01-01,1,J5EK,104.3
202002,2020-02-01,1,J5EK,103.8
202003,2020-03-01,1,J5EK,97.4
202004,2020-04-01,1,J5EK,80.1
202005,2020-05-01,1,J5EK,90.8
202006,2020-06-01,1,J5EK,101.8
202007,2020-07-01,1,J5EK,106.9
202008,2020-08-01,1,J5EK,108.6
202009,2020-09-01,1,J5EK,110.2
202010,2020-10-01,1,J5EK,111.2
202011,2020-11-01,1,J5EK,106.2
202012,2020-12-01,1,J5EK,107.1
202101,2021-01-01,1,J5EK,99.1
202102,2021-02-01,1,J5EK,100.0
202103,2021-03-01,1,J5EK,104.1
202104,2021-04-01,1,J5EK,112.9
202105,2021-05-01,1,J5EK,110.3
202106,2021-06-01,1,J5EK,111.0
202107,2021-07-01,1,J5EK,108.7
202108,2021-08-01,1,J5EK,109.0
202109,2021-09-01,1,J5EK,109.1
202110,2021-10-01,1,J5EK,108.7
202111,2021-11-01,1,J5EK,108.6
202112,2021-12-01,1,J5EK,108.5
202201,2022-01-01,1,J5EK,107.6
202202,2022-02-01,1,J5EK,106.4
202203,2022-03-01,1,J5EK,105.6
202204,2022-04-01,1,J5EK,104.8
202205,2022-05-01,1,J5EK,103.2
202206,2022-06-01,1,J5EK,103.0
202207,2022-07-01,1,J5EK,103.4
202208,2022-08-01,1,J5EK,101.6
202209,2022-09-01,1,J5EK,100.4
202210,2022-10-01,1,J5EK,101.7
202211,2022-11-01,1,J5EK,100.7
202212,2022-12-01,1,J5EK,100.9
202301,2023-01-01,1,J5EK,101.0
202302,2023-02-01,1,J5EK,101.4
202303,2023-03-01,1,J5EK,100.1
202304,2023-04-01,1,J5EK,101.4
202305,2023-05-01,1,J5EK,100.2
202306,2023-06-01,1,J5EK,101.0
202307,2023-07-01,1,J5EK,99.8
202308,2023-08-01,1,J5EK,99.7
202309,2023-09-01,1,J5EK,98.7
202310,2023-10-01,1,J5EK,99.3
202311,2023-11-01,1,J5EK,100.8
202312,2023-12-01,1,J5EK,97.2
202401,2024-01-01,1,J5EK,100.4
202402,2024-02-01,1,J5EK,100.5
202403,2024-03-01,1,J5EK,99.9
202404,2024-04-01,1,J5EK,98.8
202405,2024-05-01,1,J5EK,101.2
202406,2024-06-01,1,J5EK,99.5
202407,2024-07-01,1,J5EK,100.4
202408,2024-08-01,1,J5EK,100.8
202409,2024-09-01,1,J5EK,100.8
202410,2024-10-01,1,J5EK,100.1
202411,2024-11-01,1,J5EK,100.1
202412,2024-12-01,1,J5EK,100.2
202501,2025-01-01,1,J5EK,99.1
202502,2025-02-01,1,J5EK,101.2
202503,2025-03-01,1,J5EK,102.1
202504,2025-04-01,1,J5EK,102.1
202505,2025-05-01,1,J5EK,100.3
202506,2025-06-01,1,J5EK,100.6
202507,2025-07-01,1,J5EK,102.1
202508,2025-08-01,1,J5EK,101.6
202509,2025-09-01,1,J5EK,102.7
202510,2025-10-01,1,J5EK,101.9
202511,2025-11-01,1,J5EK,101.5
202512,2025-12-01,1,J5EK,101.6
202601,2026-01-01,1,J5EK,103.6
202602,2026-02-01,1,J5EK,102.6
202603,2026-03-01,1,J5EK,103.3
202604,2026-04-01,1,J5EK,102.6
202605,2026-05-01,1,J5EK,103.8
202606,2026-06-01,1,J5EK,104.8
198801,1988-01-01,2,J467,51.4
198802,1988-02-01,2,J467,50.3
198803,1988-03-01,2,J467,50.3
198804,1988-04-01,2,J467,51.6
198805,1988-05-01,2,J467,51.3
198806,1988-06-01,2,J467,51.7
198807,1988-07-01,2,J467,52.5
198808,1988-08-01,2,J467,52.5
198809,1988-09-01,2,J467,52.1
198810,1988-10-01,2,J467,53.0
198811,1988-11-01,2,J467,53.3
198812,1988-12-01,2,J467,53.6
198901,1989-01-01,2,J467,52.5
198902,1989-02-01,2,J467,53.1
198903,1989-03-01,2,J467,53.0
198904,1989-04-01,2,J467,53.4
198905,1989-05-01,2,J467,54.0
198906,1989-06-01,2,J467,53.1
198907,1989-07-01,2,J467,52.7
198908,1989-08-01,2,J467,53.3
198909,1989-09-01,2,J467,53.5
198910,1989-10-01,2,J467,53.5
198911,1989-11-01,2,J467,53.4
198912,1989-12-01,2,J467,54.5
199001,1990-01-01,2,J467,53.7
199002,1990-02-01,2,J467,54.7
199003,1990-03-01,2,J467,54.5
199004,1990-04-01,2,J467,53.8
199005,1990-05-01,2,J467,55.1
199006,1990-06-01,2,J467,53.7
199007,1990-07-01,2,J467,54.5
199008,1990-08-01,2,J467,53.8
199009,1990-09-01,2,J467,53.7
199010,1990-10-01,2,J467,53.5
199011,1990-11-01,2,J467,52.9
199012,1990-12-01,2,J467,54.5
199101,1991-01-01,2,J467,52.9
199102,1991-02-01,2,J467,52.4
199103,1991-03-01,2,J467,54.5
199104,1991-04-01,2,J467,52.9
199105,1991-05-01,2,J467,52.5
199106,1991-06-01,2,J467,53.0
199107,1991-07-01,2,J467,53.9
199108,1991-08-01,2,J467,52.8
199109,1991-09-01,2,J467,53.0
199110,1991-10-01,2,J467,52.6
199111,1991-11-01,2,J467,52.8
199112,1991-12-01,2,J467,52.0
199201,1992-01-01,2,J467,52.9
199202,1992-02-01,2,J467,52.9
199203,1992-03-01,2,J467,52.5
199204,1992-04-01,2,J467,52.8
199205,1992-05-01,2,J467,53.3
199206,1992-06-01,2,J467,53.2
199207,1992-07-01,2,J467,52.5
199208,1992-08-01,2,J467,53.4
199209,1992-09-01,2,J467,53.1
199210,1992-10-01,2,J467,53.3
199211,1992-11-01,2,J467,53.4
199212,1992-12-01,2,J467,52.7
199301,1993-01-01,2,J467,54.0
199302,1993-02-01,2,J467,54.0
199303,1993-03-01,2,J467,53.9
199304,1993-04-01,2,J467,54.1
199305,1993-05-01,2,J467,53.8
199306,1993-06-01,2,J467,54.4
199307,1993-07-01,2,J467,53.8
199308,1993-08-01,2,J467,54.5
199309,1993-09-01,2,J467,54.5
199310,1993-10-01,2,J467,54.7
199311,1993-11-01,2,J467,54.8
199312,1993-12-01,2,J467,55.0
199401,1994-01-01,2,J467,55.8
199402,1994-02-01,2,J467,54.9
199403,1994-03-01,2,J467,55.4
199404,1994-04-01,2,J467,55.6
199405,1994-05-01,2,J467,56.1
199406,1994-06-01,2,J467,55.8
199407,1994-07-01,2,J467,55.8
199408,1994-08-01,2,J467,56.3
199409,1994-09-01,2,J467,56.6
199410,1994-10-01,2,J467,56.4
199411,1994-11-01,2,J467,56.3
199412,1994-12-01,2,J467,56.5
199501,1995-01-01,2,J467,55.4
199502,1995-02-01,2,J467,56.3
199503,1995-03-01,2,J467,56.4
199504,1995-04-01,2,J467,55.7
199505,1995-05-01,2,J467,56.2
199506,1995-06-01,2,J467,55.9
199507,1995-07-01,2,J467,56.3
199508,1995-08-01,2,J467,56.0
199509,1995-09-01,2,J467,56.2
199510,1995-10-01,2,J467,56.5
199511,1995-11-01,2,J467,56.7
199512,1995-12-01,2,J467,57.1
199601,1996-01-01,2,J467,56.0
199602,1996-02-01,2,J467,57.0
199603,1996-03-01,2,J467,57.0
199604,1996-04-01,2,J467,57.9
199605,1996-05-01,2,J467,57.5
199606,1996-06-01,2,J467,58.4
199607,1996-07-01,2,J467,58.1
199608,1996-08-01,2,J467,58.0
199609,1996-09-01,2,J467,59.1
199610,1996-10-01,2,J467,58.9
199611,1996-11-01,2,J467,59.5
199612,1996-12-01,2,J467,57.9
199701,1997-01-01,2,J467,58.8
199702,1997-02-01,2,J467,59.3
199703,1997-03-01,2,J467,59.7
199704,1997-04-01,2,J467,60.1
199705,1997-05-01,2,J467,59.6
199706,1997-06-01,2,J467,60.6
199707,1997-07-01,2,J467,60.9
199708,1997-08-01,2,J467,60.3
199709,1997-09-01,2,J467,60.4
199710,1997-10-01,2,J467,61.2
199711,1997-11-01,2,J467,61.2
199712,1997-12-01,2,J467,61.2
199801,1998-01-01,2,J467,61.6
199802,1998-02-01,2,J467,61.5
199803,1998-03-01,2,J467,61.4
199804,1998-04-01,2,J467,61.6
199805,1998-05-01,2,J467,62.0
199806,1998-06-01,2,J467,61.3
199807,1998-07-01,2,J467,61.7
199808,1998-08-01,2,J467,62.1
199809,1998-09-01,2,J467,61.7
199810,1998-10-01,2,J467,61.5
199811,1998-11-01,2,J467,61.9
199812,1998-12-01,2,J467,61.1
199901,1999-01-01,2,J467,62.4
199902,1999-02-01,2,J467,62.0
199903,1999-03-01,2,J467,62.1
199904,1999-04-01,2,J467,62.4
199905,1999-05-01,2,J467,63.1
199906,1999-06-01,2,J467,63.1
199907,1999-07-01,2,J467,63.2
199908,1999-08-01,2,J467,63.8
199909,1999-09-01,2,J467,63.5
199910,1999-10-01,2,J467,63.9
199911,1999-11-01,2,J467,64.2
199912,1999-12-01,2,J467,64.4
200001,2000-01-01,2,J467,66.0
200002,2000-02-01,2,J467,64.6
200003,2000-03-01,2,J467,65.2
200004,2000-04-01,2,J467,64.8
200005,2000-05-01,2,J467,65.0
200006,2000-06-01,2,J467,65.1
200007,2000-07-01,2,J467,65.2
200008,2000-08-01,2,J467,66.2
200009,2000-09-01,2,J467,66.1
200010,2000-10-01,2,J467,66.6
200011,2000-11-01,2,J467,66.5
200012,2000-12-01,2,J467,67.0
200101,2001-01-01,2,J467,67.7
200102,2001-02-01,2,J467,70.3
200103,2001-03-01,2,J467,70.5
200104,2001-04-01,2,J467,70.6
200105,2001-05-01,2,J467,72.2
200106,2001-06-01,2,J467,71.5
200107,2001-07-01,2,J467,72.1
200108,2001-08-01,2,J467,72.2
200109,2001-09-01,2,J467,72.9
200110,2001-10-01,2,J467,73.3
200111,2001-11-01,2,J467,74.1
200112,2001-12-01,2,J467,75.2
200201,2002-01-01,2,J467,74.5
200202,2002-02-01,2,J467,75.6
200203,2002-03-01,2,J467,75.5
200204,2002-04-01,2,J467,76.8
200205,2002-05-01,2,J467,76.3
200206,2002-06-01,2,J467,75.6
200207,2002-07-01,2,J467,77.2
200208,2002-08-01,2,J467,76.9
200209,2002-09-01,2,J467,77.0
200210,2002-10-01,2,J467,77.4
200211,2002-11-01,2,J467,78.2
200212,2002-12-01,2,J467,76.5
200301,2003-01-01,2,J467,76.4
200302,2003-02-01,2,J467,76.4
200303,2003-03-01,2,J467,76.9
200304,2003-04-01,2,J467,77.1
200305,2003-05-01,2,J467,77.0
200306,2003-06-01,2,J467,78.1
200307,2003-07-01,2,J467,78.3
200308,2003-08-01,2,J467,78.1
200309,2003-09-01,2,J467,79.0
200310,2003-10-01,2,J467,79.1
200311,2003-11-01,2,J467,79.2
200312,2003-12-01,2,J467,79.5
200401,2004-01-01,2,J467,81.0
200402,2004-02-01,2,J467,80.5
200403,2004-03-01,2,J467,80.8
200404,2004-04-01,2,J467,81.2
200405,2004-05-01,2,J467,81.7
200406,2004-06-01,2,J467,82.1
200407,2004-07-01,2,J467,82.0
200408,2004-08-01,2,J467,82.0
200409,2004-09-01,2,J467,82.6
200410,2004-10-01,2,J467,81.9
200411,2004-11-01,2,J467,82.3
200412,2004-12-01,2,J467,81.8
200501,2005-01-01,2,J467,82.5
200502,2005-02-01,2,J467,82.0
200503,2005-03-01,2,J467,81.4
200504,2005-04-01,2,J467,81.9
200505,2005-05-01,2,J467,81.4
200506,2005-06-01,2,J467,81.9
200507,2005-07-01,2,J467,81.8
200508,2005-08-01,2,J467,81.4
200509,2005-09-01,2,J467,82.0
200510,2005-10-01,2,J467,82.4
200511,2005-11-01,2,J467,83.1
200512,2005-12-01,2,J467,82.6
200601,2006-01-01,2,J467,82.3
200602,2006-02-01,2,J467,82.3
200603,2006-03-01,2,J467,82.9
200604,2006-04-01,2,J467,82.9
200605,2006-05-01,2,J467,83.4
200606,2006-06-01,2,J467,83.8
200607,2006-07-01,2,J467,83.5
200608,2006-08-01,2,J467,83.5
200609,2006-09-01,2,J467,83.2
200610,2006-10-01,2,J467,84.1
200611,2006-11-01,2,J467,84.3
200612,2006-12-01,2,J467,84.9
200701,2007-01-01,2,J467,83.9
200702,2007-02-01,2,J467,85.0
200703,2007-03-01,2,J467,85.3
200704,2007-04-01,2,J467,85.8
200705,2007-05-01,2,J467,85.2
200706,2007-06-01,2,J467,85.2
200707,2007-07-01,2,J467,85.3
200708,2007-08-01,2,J467,85.6
200709,2007-09-01,2,J467,85.9
200710,2007-10-01,2,J467,85.1
200711,2007-11-01,2,J467,85.2
200712,2007-12-01,2,J467,84.7
200801,2008-01-01,2,J467,85.4
200802,2008-02-01,2,J467,87.2
200803,2008-03-01,2,J467,84.9
200804,2008-04-01,2,J467,84.2
200805,2008-05-01,2,J467,87.0
200806,2008-06-01,2,J467,83.7
200807,2008-07-01,2,J467,83.9
200808,2008-08-01,2,J467,84.2
200809,2008-09-01,2,J467,84.1
200810,2008-10-01,2,J467,83.7
200811,2008-11-01,2,J467,84.2
200812,2008-12-01,2,J467,85.1
200901,2009-01-01,2,J467,84.9
200902,2009-02-01,2,J467,83.6
200903,2009-03-01,2,J467,84.1
200904,2009-04-01,2,J467,84.7
200905,2009-05-01,2,J467,84.4
200906,2009-06-01,2,J467,84.9
200907,2009-07-01,2,J467,85.6
200908,2009-08-01,2,J467,85.6
200909,2009-09-01,2,J467,85.5
200910,2009-10-01,2,J467,85.5
200911,2009-11-01,2,J467,85.6
200912,2009-12-01,2,J467,85.0
201001,2010-01-01,2,J467,82.7
201002,2010-02-01,2,J467,85.1
201003,2010-03-01,2,J467,84.4
201004,2010-04-01,2,J467,84.9
201005,2010-05-01,2,J467,85.0
201006,2010-06-01,2,J467,85.0
201007,2010-07-01,2,J467,85.2
201008,2010-08-01,2,J467,85.4
201009,2010-09-01,2,J467,84.4
201010,2010-10-01,2,J467,84.5
201011,2010-11-01,2,J467,84.5
201012,2010-12-01,2,J467,83.1
201101,2011-01-01,2,J467,84.3
201102,2011-02-01,2,J467,83.8
201103,2011-03-01,2,J467,83.9
201104,2011-04-01,2,J467,85.1
201105,2011-05-01,2,J467,83.3
201106,2011-06-01,2,J467,82.9
201107,2011-07-01,2,J467,83.4
201108,2011-08-01,2,J467,83.2
201109,2011-09-01,2,J467,83.3
201110,2011-10-01,2,J467,84.0
201111,2011-11-01,2,J467,83.3
201112,2011-12-01,2,J467,83.9
201201,2012-01-01,2,J467,83.8
201202,2012-02-01,2,J467,83.2
201203,2012-03-01,2,J467,84.5
201204,2012-04-01,2,J467,83.7
201205,2012-05-01,2,J467,84.0
201206,2012-06-01,2,J467,84.4
201207,2012-07-01,2,J467,84.2
201208,2012-08-01,2,J467,84.1
201209,2012-09-01,2,J467,84.4
201210,2012-10-01,2,J467,83.9
201211,2012-11-01,2,J467,83.6
201212,2012-12-01,2,J467,83.9
201301,2013-01-01,2,J467,83.7
201302,2013-02-01,2,J467,85.0
201303,2013-03-01,2,J467,83.7
201304,2013-04-01,2,J467,84.0
201305,2013-05-01,2,J467,84.9
201306,2013-06-01,2,J467,85.5
201307,2013-07-01,2,J467,85.7
201308,2013-08-01,2,J467,85.0
201309,2013-09-01,2,J467,86.1
201310,2013-10-01,2,J467,85.5
201311,2013-11-01,2,J467,86.2
201312,2013-12-01,2,J467,86.8
201401,2014-01-01,2,J467,86.7
201402,2014-02-01,2,J467,87.2
201403,2014-03-01,2,J467,87.6
201404,2014-04-01,2,J467,87.9
201405,2014-05-01,2,J467,88.3
201406,2014-06-01,2,J467,88.5
201407,2014-07-01,2,J467,88.8
201408,2014-08-01,2,J467,89.1
201409,2014-09-01,2,J467,88.4
201410,2014-10-01,2,J467,89.5
201411,2014-11-01,2,J467,90.1
201412,2014-12-01,2,J467,92.1
201501,2015-01-01,2,J467,90.6
201502,2015-02-01,2,J467,91.2
201503,2015-03-01,2,J467,91.4
201504,2015-04-01,2,J467,91.9
201505,2015-05-01,2,J467,91.7
201506,2015-06-01,2,J467,91.9
201507,2015-07-01,2,J467,92.2
201508,2015-08-01,2,J467,91.4
201509,2015-09-01,2,J467,93.2
201510,2015-10-01,2,J467,92.2
201511,2015-11-01,2,J467,92.7
201512,2015-12-01,2,J467,93.1
201601,2016-01-01,2,J467,95.1
201602,2016-02-01,2,J467,94.6
201603,2016-03-01,2,J467,94.2
201604,2016-04-01,2,J467,95.1
201605,2016-05-01,2,J467,96.2
201606,2016-06-01,2,J467,95.2
201607,2016-07-01,2,J467,96.9
201608,2016-08-01,2,J467,96.6
201609,2016-09-01,2,J467,97.1
201610,2016-10-01,2,J467,98.8
201611,2016-11-01,2,J467,98.2
201612,2016-12-01,2,J467,97.7
201701,2017-01-01,2,J467,96.7
201702,2017-02-01,2,J467,97.3
201703,2017-03-01,2,J467,96.9
201704,2017-04-01,2,J467,98.6
201705,2017-05-01,2,J467,96.5
201706,2017-06-01,2,J467,97.7
201707,2017-07-01,2,J467,97.7
201708,2017-08-01,2,J467,98.8
201709,2017-09-01,2,J467,98.5
201710,2017-10-01,2,J467,98.6
201711,2017-11-01,2,J467,98.8
201712,2017-12-01,2,J467,98.8
201801,2018-01-01,2,J467,97.9
201802,2018-02-01,2,J467,98.3
201803,2018-03-01,2,J467,97.2
201804,2018-04-01,2,J467,98.8
201805,2018-05-01,2,J467,100.3
201806,2018-06-01,2,J467,99.9
201807,2018-07-01,2,J467,101.1
201808,2018-08-01,2,J467,101.5
201809,2018-09-01,2,J467,101.1
201810,2018-10-01,2,J467,100.5
201811,2018-11-01,2,J467,101.5
201812,2018-12-01,2,J467,101.7
201901,2019-01-01,2,J467,101.4
201902,2019-02-01,2,J467,101.6
201903,2019-03-01,2,J467,102.7
201904,2019-04-01,2,J467,102.8
201905,2019-05-01,2,J467,101.7
201906,2019-06-01,2,J467,103.0
201907,2019-07-01,2,J467,104.2
201908,2019-08-01,2,J467,103.6
201909,2019-09-01,2,J467,103.7
201910,2019-10-01,2,J467,102.8
201911,2019-11-01,2,J467,102.3
201912,2019-12-01,2,J467,103.4
202001,2020-01-01,2,J467,103.5
202002,2020-02-01,2,J467,102.9
202003,2020-03-01,2,J467,97.9
202004,2020-04-01,2,J467,83.8
202005,2020-05-01,2,J467,93.4
202006,2020-06-01,2,J467,104.6
202007,2020-07-01,2,J467,108.1
202008,2020-08-01,2,J467,109.6
202009,2020-09-01,2,J467,111.3
202010,2020-10-01,2,J467,112.3
202011,2020-11-01,2,J467,108.3
202012,2020-12-01,2,J467,109.0
202101,2021-01-01,2,J467,100.6
202102,2021-02-01,2,J467,101.8
202103,2021-03-01,2,J467,105.2
202104,2021-04-01,2,J467,114.1
202105,2021-05-01,2,J467,111.1
202106,2021-06-01,2,J467,111.5
202107,2021-07-01,2,J467,108.8
202108,2021-08-01,2,J467,109.0
202109,2021-09-01,2,J467,108.8
202110,2021-10-01,2,J467,109.3
202111,2021-11-01,2,J467,108.5
202112,2021-12-01,2,J467,108.5
202201,2022-01-01,2,J467,107.7
202202,2022-02-01,2,J467,106.2
202203,2022-03-01,2,J467,105.5
202204,2022-04-01,2,J467,104.7
202205,2022-05-01,2,J467,103.0
202206,2022-06-01,2,J467,103.1
202207,2022-07-01,2,J467,103.7
202208,2022-08-01,2,J467,101.8
202209,2022-09-01,2,J467,100.6
202210,2022-10-01,2,J467,101.4
202211,2022-11-01,2,J467,100.6
202212,2022-12-01,2,J467,100.5
202301,2023-01-01,2,J467,100.4
202302,2023-02-01,2,J467,101.4
202303,2023-03-01,2,J467,100.1
202304,2023-04-01,2,J467,101.6
202305,2023-05-01,2,J467,100.5
202306,2023-06-01,2,J467,101.2
202307,2023-07-01,2,J467,99.9
202308,2023-08-01,2,J467,99.8
202309,2023-09-01,2,J467,98.6
202310,2023-10-01,2,J467,99.4
202311,2023-11-01,2,J467,100.9
202312,2023-12-01,2,J467,96.9
202401,2024-01-01,2,J467,99.8
202402,2024-02-01,2,J467,100.3
202403,2024-03-01,2,J467,99.4
202404,2024-04-01,2,J467,98.5
202405,2024-05-01,2,J467,101.1
202406,2024-06-01,2,J467,99.2
202407,2024-07-01,2,J467,100.2
202408,2024-08-01,2,J467,100.5
202409,2024-09-01,2,J467,100.6
202410,2024-10-01,2,J467,99.7
202411,2024-11-01,2,J467,99.8
202412,2024-12-01,2,J467,100.1
202501,2025-01-01,2,J467,98.7
202502,2025-02-01,2,J467,101.0
202503,2025-03-01,2,J467,102.1
202504,2025-04-01,2,J467,102.1
202505,2025-05-01,2,J467,100.0
202506,2025-06-01,2,J467,100.6
202507,2025-07-01,2,J467,102.2
202508,2025-08-01,2,J467,102.3
202509,2025-09-01,2,J467,103.4
202510,2025-10-01,2,J467,102.6
202511,2025-11-01,2,J467,102.0
202512,2025-12-01,2,J467,102.1
202601,2026-01-01,2,J467,104.3
202602,2026-02-01,2,J467,103.3
202603,2026-03-01,2,J467,103.4
202604,2026-04-01,2,J467,103.7
202605,2026-05-01,2,J467,104.9
202606,2026-06-01,2,J467,106.0
198801,1988-01-01,3,EAPT,63.8
198802,1988-02-01,3,EAPT,63.5
198803,1988-03-01,3,EAPT,63.1
198804,1988-04-01,3,EAPT,64.3
198805,1988-05-01,3,EAPT,63.7
198806,1988-06-01,3,EAPT,63.7
198807,1988-07-01,3,EAPT,63.4
198808,1988-08-01,3,EAPT,64.0
198809,1988-09-01,3,EAPT,63.7
198810,1988-10-01,3,EAPT,64.6
198811,1988-11-01,3,EAPT,64.8
198812,1988-12-01,3,EAPT,65.5
198901,1989-01-01,3,EAPT,62.7
198902,1989-02-01,3,EAPT,64.8
198903,1989-03-01,3,EAPT,64.5
198904,1989-04-01,3,EAPT,65.4
198905,1989-05-01,3,EAPT,65.8
198906,1989-06-01,3,EAPT,65.5
198907,1989-07-01,3,EAPT,65.3
198908,1989-08-01,3,EAPT,65.4
198909,1989-09-01,3,EAPT,65.1
198910,1989-10-01,3,EAPT,65.5
198911,1989-11-01,3,EAPT,65.6
198912,1989-12-01,3,EAPT,66.2
199001,1990-01-01,3,EAPT,64.0
199002,1990-02-01,3,EAPT,65.7
199003,1990-03-01,3,EAPT,66.1
199004,1990-04-01,3,EAPT,64.7
199005,1990-05-01,3,EAPT,66.8
199006,1990-06-01,3,EAPT,65.1
199007,1990-07-01,3,EAPT,66.3
199008,1990-08-01,3,EAPT,65.6
199009,1990-09-01,3,EAPT,66.0
199010,1990-10-01,3,EAPT,65.9
199011,1990-11-01,3,EAPT,66.0
199012,1990-12-01,3,EAPT,66.8
199101,1991-01-01,3,EAPT,65.9
199102,1991-02-01,3,EAPT,66.3
199103,1991-03-01,3,EAPT,66.6
199104,1991-04-01,3,EAPT,66.0
199105,1991-05-01,3,EAPT,65.6
199106,1991-06-01,3,EAPT,66.6
199107,1991-07-01,3,EAPT,68.0
199108,1991-08-01,3,EAPT,67.3
199109,1991-09-01,3,EAPT,67.8
199110,1991-10-01,3,EAPT,66.5
199111,1991-11-01,3,EAPT,65.9
199112,1991-12-01,3,EAPT,65.2
199201,1992-01-01,3,EAPT,67.3
199202,1992-02-01,3,EAPT,67.3
199203,1992-03-01,3,EAPT,67.7
199204,1992-04-01,3,EAPT,67.3
199205,1992-05-01,3,EAPT,67.6
199206,1992-06-01,3,EAPT,68.2
199207,1992-07-01,3,EAPT,67.3
199208,1992-08-01,3,EAPT,67.6
199209,1992-09-01,3,EAPT,68.0
199210,1992-10-01,3,EAPT,68.6
199211,1992-11-01,3,EAPT,68.4
199212,1992-12-01,3,EAPT,67.4
199301,1993-01-01,3,EAPT,69.6
199302,1993-02-01,3,EAPT,68.5
199303,1993-03-01,3,EAPT,68.4
199304,1993-04-01,3,EAPT,68.8
199305,1993-05-01,3,EAPT,68.8
199306,1993-06-01,3,EAPT,68.8
199307,1993-07-01,3,EAPT,68.1
199308,1993-08-01,3,EAPT,68.8
199309,1993-09-01,3,EAPT,68.9
199310,1993-10-01,3,EAPT,69.2
199311,1993-11-01,3,EAPT,69.6
199312,1993-12-01,3,EAPT,70.0
199401,1994-01-01,3,EAPT,70.5
199402,1994-02-01,3,EAPT,69.9
199403,1994-03-01,3,EAPT,69.9
199404,1994-04-01,3,EAPT,70.7
199405,1994-05-01,3,EAPT,70.8
199406,1994-06-01,3,EAPT,70.9
199407,1994-07-01,3,EAPT,71.5
199408,1994-08-01,3,EAPT,71.5
199409,1994-09-01,3,EAPT,71.5
199410,1994-10-01,3,EAPT,71.9
199411,1994-11-01,3,EAPT,72.0
199412,1994-12-01,3,EAPT,71.4
199501,1995-01-01,3,EAPT,71.3
199502,1995-02-01,3,EAPT,72.3
199503,1995-03-01,3,EAPT,72.9
199504,1995-04-01,3,EAPT,71.9
199505,1995-05-01,3,EAPT,72.9
199506,1995-06-01,3,EAPT,72.3
199507,1995-07-01,3,EAPT,72.6
199508,1995-08-01,3,EAPT,73.1
199509,1995-09-01,3,EAPT,72.1
199510,1995-10-01,3,EAPT,72.5
199511,1995-11-01,3,EAPT,72.8
199512,1995-12-01,3,EAPT,72.7
199601,1996-01-01,3,EAPT,72.3
199602,1996-02-01,3,EAPT,73.4
199603,1996-03-01,3,EAPT,73.1
199604,1996-04-01,3,EAPT,73.6
199605,1996-05-01,3,EAPT,73.2
199606,1996-06-01,3,EAPT,74.2
199607,1996-07-01,3,EAPT,74.8
199608,1996-08-01,3,EAPT,74.0
199609,1996-09-01,3,EAPT,75.0
199610,1996-10-01,3,EAPT,75.0
199611,1996-11-01,3,EAPT,75.0
199612,1996-12-01,3,EAPT,73.0
199701,1997-01-01,3,EAPT,75.6
199702,1997-02-01,3,EAPT,75.5
199703,1997-03-01,3,EAPT,75.8
199704,1997-04-01,3,EAPT,76.3
199705,1997-05-01,3,EAPT,76.0
199706,1997-06-01,3,EAPT,75.4
199707,1997-07-01,3,EAPT,77.1
199708,1997-08-01,3,EAPT,77.3
199709,1997-09-01,3,EAPT,77.3
199710,1997-10-01,3,EAPT,77.5
199711,1997-11-01,3,EAPT,77.3
199712,1997-12-01,3,EAPT,77.7
199801,1998-01-01,3,EAPT,78.3
199802,1998-02-01,3,EAPT,78.2
199803,1998-03-01,3,EAPT,78.4
199804,1998-04-01,3,EAPT,78.5
199805,1998-05-01,3,EAPT,78.7
199806,1998-06-01,3,EAPT,79.0
199807,1998-07-01,3,EAPT,78.3
199808,1998-08-01,3,EAPT,79.2
199809,1998-09-01,3,EAPT,78.7
199810,1998-10-01,3,EAPT,79.1
199811,1998-11-01,3,EAPT,79.1
199812,1998-12-01,3,EAPT,77.0
199901,1999-01-01,3,EAPT,79.1
199902,1999-02-01,3,EAPT,78.9
199903,1999-03-01,3,EAPT,78.5
199904,1999-04-01,3,EAPT,78.9
199905,1999-05-01,3,EAPT,79.6
199906,1999-06-01,3,EAPT,79.5
199907,1999-07-01,3,EAPT,79.9
199908,1999-08-01,3,EAPT,79.7
199909,1999-09-01,3,EAPT,80.6
199910,1999-10-01,3,EAPT,80.4
199911,1999-11-01,3,EAPT,80.5
199912,1999-12-01,3,EAPT,82.2
200001,2000-01-01,3,EAPT,81.8
200002,2000-02-01,3,EAPT,81.3
200003,2000-03-01,3,EAPT,81.9
200004,2000-04-01,3,EAPT,82.0
200005,2000-05-01,3,EAPT,80.7
200006,2000-06-01,3,EAPT,81.1
200007,2000-07-01,3,EAPT,80.3
200008,2000-08-01,3,EAPT,81.6
200009,2000-09-01,3,EAPT,82.0
200010,2000-10-01,3,EAPT,81.9
200011,2000-11-01,3,EAPT,82.6
200012,2000-12-01,3,EAPT,82.1
200101,2001-01-01,3,EAPT,82.2
200102,2001-02-01,3,EAPT,89.4
200103,2001-03-01,3,EAPT,89.8
200104,2001-04-01,3,EAPT,88.3
200105,2001-05-01,3,EAPT,90.4
200106,2001-06-01,3,EAPT,89.6
200107,2001-07-01,3,EAPT,89.3
200108,2001-08-01,3,EAPT,89.7
200109,2001-09-01,3,EAPT,90.2
200110,2001-10-01,3,EAPT,91.2
200111,2001-11-01,3,EAPT,92.7
200112,2001-12-01,3,EAPT,92.6
200201,2002-01-01,3,EAPT,91.7
200202,2002-02-01,3,EAPT,92.5
200203,2002-03-01,3,EAPT,91.2
200204,2002-04-01,3,EAPT,92.8
200205,2002-05-01,3,EAPT,93.5
200206,2002-06-01,3,EAPT,93.0
200207,2002-07-01,3,EAPT,94.6
200208,2002-08-01,3,EAPT,94.3
200209,2002-09-01,3,EAPT,94.3
200210,2002-10-01,3,EAPT,94.7
200211,2002-11-01,3,EAPT,94.7
200212,2002-12-01,3,EAPT,94.2
200301,2003-01-01,3,EAPT,94.5
200302,2003-02-01,3,EAPT,94.3
200303,2003-03-01,3,EAPT,94.9
200304,2003-04-01,3,EAPT,94.8
200305,2003-05-01,3,EAPT,94.5
200306,2003-06-01,3,EAPT,96.1
200307,2003-07-01,3,EAPT,96.3
200308,2003-08-01,3,EAPT,97.0
200309,2003-09-01,3,EAPT,96.7
200310,2003-10-01,3,EAPT,96.6
200311,2003-11-01,3,EAPT,95.8
200312,2003-12-01,3,EAPT,97.1
200401,2004-01-01,3,EAPT,97.7
200402,2004-02-01,3,EAPT,97.2
200403,2004-03-01,3,EAPT,97.0
200404,2004-04-01,3,EAPT,97.8
200405,2004-05-01,3,EAPT,98.6
200406,2004-06-01,3,EAPT,98.6
200407,2004-07-01,3,EAPT,98.5
200408,2004-08-01,3,EAPT,99.7
200409,2004-09-01,3,EAPT,99.3
200410,2004-10-01,3,EAPT,99.4
200411,2004-11-01,3,EAPT,99.5
200412,2004-12-01,3,EAPT,99.5
200501,2005-01-01,3,EAPT,100.7
200502,2005-02-01,3,EAPT,99.3
200503,2005-03-01,3,EAPT,98.3
200504,2005-04-01,3,EAPT,100.1
200505,2005-05-01,3,EAPT,99.6
200506,2005-06-01,3,EAPT,99.7
200507,2005-07-01,3,EAPT,100.0
200508,2005-08-01,3,EAPT,99.0
200509,2005-09-01,3,EAPT,99.8
200510,2005-10-01,3,EAPT,100.4
200511,2005-11-01,3,EAPT,101.1
200512,2005-12-01,3,EAPT,100.2
200601,2006-01-01,3,EAPT,99.6
200602,2006-02-01,3,EAPT,100.5
200603,2006-03-01,3,EAPT,101.1
200604,2006-04-01,3,EAPT,99.9
200605,2006-05-01,3,EAPT,100.4
200606,2006-06-01,3,EAPT,101.8
200607,2006-07-01,3,EAPT,102.5
200608,2006-08-01,3,EAPT,100.1
200609,2006-09-01,3,EAPT,101.0
200610,2006-10-01,3,EAPT,101.1
200611,2006-11-01,3,EAPT,101.1
200612,2006-12-01,3,EAPT,101.5
200701,2007-01-01,3,EAPT,101.6
200702,2007-02-01,3,EAPT,101.9
200703,2007-03-01,3,EAPT,101.8
200704,2007-04-01,3,EAPT,102.4
200705,2007-05-01,3,EAPT,101.7
200706,2007-06-01,3,EAPT,100.6
200707,2007-07-01,3,EAPT,100.9
200708,2007-08-01,3,EAPT,101.9
200709,2007-09-01,3,EAPT,101.7
200710,2007-10-01,3,EAPT,101.1
200711,2007-11-01,3,EAPT,101.3
200712,2007-12-01,3,EAPT,101.4
200801,2008-01-01,3,EAPT,102.0
200802,2008-02-01,3,EAPT,102.8
200803,2008-03-01,3,EAPT,100.4
200804,2008-04-01,3,EAPT,99.9
200805,2008-05-01,3,EAPT,102.2
200806,2008-06-01,3,EAPT,99.0
200807,2008-07-01,3,EAPT,99.6
200808,2008-08-01,3,EAPT,99.0
200809,2008-09-01,3,EAPT,99.4
200810,2008-10-01,3,EAPT,100.3
200811,2008-11-01,3,EAPT,99.6
200812,2008-12-01,3,EAPT,99.5
200901,2009-01-01,3,EAPT,100.3
200902,2009-02-01,3,EAPT,100.7
200903,2009-03-01,3,EAPT,100.6
200904,2009-04-01,3,EAPT,101.5
200905,2009-05-01,3,EAPT,101.2
200906,2009-06-01,3,EAPT,102.3
200907,2009-07-01,3,EAPT,101.8
200908,2009-08-01,3,EAPT,102.4
200909,2009-09-01,3,EAPT,102.0
200910,2009-10-01,3,EAPT,101.1
200911,2009-11-01,3,EAPT,100.9
200912,2009-12-01,3,EAPT,100.7
201001,2010-01-01,3,EAPT,100.3
201002,2010-02-01,3,EAPT,99.6
201003,2010-03-01,3,EAPT,98.4
201004,2010-04-01,3,EAPT,99.7
201005,2010-05-01,3,EAPT,100.4
201006,2010-06-01,3,EAPT,100.7
201007,2010-07-01,3,EAPT,99.0
201008,2010-08-01,3,EAPT,98.5
201009,2010-09-01,3,EAPT,98.2
201010,2010-10-01,3,EAPT,98.2
201011,2010-11-01,3,EAPT,98.8
201012,2010-12-01,3,EAPT,97.1
201101,2011-01-01,3,EAPT,97.2
201102,2011-02-01,3,EAPT,96.9
201103,2011-03-01,3,EAPT,98.4
201104,2011-04-01,3,EAPT,99.6
201105,2011-05-01,3,EAPT,96.5
201106,2011-06-01,3,EAPT,95.9
201107,2011-07-01,3,EAPT,97.0
201108,2011-08-01,3,EAPT,97.3
201109,2011-09-01,3,EAPT,97.3
201110,2011-10-01,3,EAPT,98.1
201111,2011-11-01,3,EAPT,97.3
201112,2011-12-01,3,EAPT,97.8
201201,2012-01-01,3,EAPT,97.3
201202,2012-02-01,3,EAPT,97.5
201203,2012-03-01,3,EAPT,97.1
201204,2012-04-01,3,EAPT,97.2
201205,2012-05-01,3,EAPT,97.0
201206,2012-06-01,3,EAPT,97.0
201207,2012-07-01,3,EAPT,96.7
201208,2012-08-01,3,EAPT,97.2
201209,2012-09-01,3,EAPT,97.2
201210,2012-10-01,3,EAPT,96.4
201211,2012-11-01,3,EAPT,96.2
201212,2012-12-01,3,EAPT,96.0
201301,2013-01-01,3,EAPT,96.7
201302,2013-02-01,3,EAPT,95.9
201303,2013-03-01,3,EAPT,96.0
201304,2013-04-01,3,EAPT,95.4
201305,2013-05-01,3,EAPT,96.0
201306,2013-06-01,3,EAPT,96.1
201307,2013-07-01,3,EAPT,98.0
201308,2013-08-01,3,EAPT,95.9
201309,2013-09-01,3,EAPT,96.0
201310,2013-10-01,3,EAPT,96.0
201311,2013-11-01,3,EAPT,96.6
201312,2013-12-01,3,EAPT,97.7
201401,2014-01-01,3,EAPT,96.7
201402,2014-02-01,3,EAPT,96.2
201403,2014-03-01,3,EAPT,95.8
201404,2014-04-01,3,EAPT,97.0
201405,2014-05-01,3,EAPT,96.4
201406,2014-06-01,3,EAPT,96.9
201407,2014-07-01,3,EAPT,97.7
201408,2014-08-01,3,EAPT,97.3
201409,2014-09-01,3,EAPT,97.1
201410,2014-10-01,3,EAPT,97.6
201411,2014-11-01,3,EAPT,98.2
201412,2014-12-01,3,EAPT,98.7
201501,2015-01-01,3,EAPT,98.1
201502,2015-02-01,3,EAPT,98.0
201503,2015-03-01,3,EAPT,98.3
201504,2015-04-01,3,EAPT,98.4
201505,2015-05-01,3,EAPT,98.8
201506,2015-06-01,3,EAPT,98.9
201507,2015-07-01,3,EAPT,98.9
201508,2015-08-01,3,EAPT,98.2
201509,2015-09-01,3,EAPT,101.0
201510,2015-10-01,3,EAPT,99.3
201511,2015-11-01,3,EAPT,100.1
201512,2015-12-01,3,EAPT,100.8
201601,2016-01-01,3,EAPT,101.8
201602,2016-02-01,3,EAPT,102.0
201603,2016-03-01,3,EAPT,101.8
201604,2016-04-01,3,EAPT,101.7
201605,2016-05-01,3,EAPT,102.4
201606,2016-06-01,3,EAPT,102.1
201607,2016-07-01,3,EAPT,102.5
201608,2016-08-01,3,EAPT,103.4
201609,2016-09-01,3,EAPT,103.7
201610,2016-10-01,3,EAPT,104.1
201611,2016-11-01,3,EAPT,103.6
201612,2016-12-01,3,EAPT,102.7
201701,2017-01-01,3,EAPT,102.2
201702,2017-02-01,3,EAPT,102.8
201703,2017-03-01,3,EAPT,102.8
201704,2017-04-01,3,EAPT,103.1
201705,2017-05-01,3,EAPT,102.1
201706,2017-06-01,3,EAPT,101.3
201707,2017-07-01,3,EAPT,101.8
201708,2017-08-01,3,EAPT,102.2
201709,2017-09-01,3,EAPT,102.2
201710,2017-10-01,3,EAPT,102.7
201711,2017-11-01,3,EAPT,102.5
201712,2017-12-01,3,EAPT,102.3
201801,2018-01-01,3,EAPT,101.4
201802,2018-02-01,3,EAPT,102.5
201803,2018-03-01,3,EAPT,101.4
201804,2018-04-01,3,EAPT,102.8
201805,2018-05-01,3,EAPT,104.1
201806,2018-06-01,3,EAPT,103.9
201807,2018-07-01,3,EAPT,104.7
201808,2018-08-01,3,EAPT,103.9
201809,2018-09-01,3,EAPT,103.2
201810,2018-10-01,3,EAPT,103.6
201811,2018-11-01,3,EAPT,103.8
201812,2018-12-01,3,EAPT,104.1
201901,2019-01-01,3,EAPT,104.9
201902,2019-02-01,3,EAPT,103.8
201903,2019-03-01,3,EAPT,104.3
201904,2019-04-01,3,EAPT,105.0
201905,2019-05-01,3,EAPT,103.9
201906,2019-06-01,3,EAPT,103.7
201907,2019-07-01,3,EAPT,104.6
201908,2019-08-01,3,EAPT,104.5
201909,2019-09-01,3,EAPT,105.4
201910,2019-10-01,3,EAPT,105.5
201911,2019-11-01,3,EAPT,104.4
201912,2019-12-01,3,EAPT,105.8
202001,2020-01-01,3,EAPT,105.4
202002,2020-02-01,3,EAPT,105.1
202003,2020-03-01,3,EAPT,113.6
202004,2020-04-01,3,EAPT,110.2
202005,2020-05-01,3,EAPT,111.5
202006,2020-06-01,3,EAPT,110.2
202007,2020-07-01,3,EAPT,107.9
202008,2020-08-01,3,EAPT,110.0
202009,2020-09-01,3,EAPT,110.9
202010,2020-10-01,3,EAPT,109.6
202011,2020-11-01,3,EAPT,111.7
202012,2020-12-01,3,EAPT,107.5
202101,2021-01-01,3,EAPT,111.0
202102,2021-02-01,3,EAPT,112.5
202103,2021-03-01,3,EAPT,113.9
202104,2021-04-01,3,EAPT,112.9
202105,2021-05-01,3,EAPT,107.1
202106,2021-06-01,3,EAPT,110.0
202107,2021-07-01,3,EAPT,109.5
202108,2021-08-01,3,EAPT,108.6
202109,2021-09-01,3,EAPT,108.2
202110,2021-10-01,3,EAPT,108.6
202111,2021-11-01,3,EAPT,107.4
202112,2021-12-01,3,EAPT,108.4
202201,2022-01-01,3,EAPT,105.3
202202,2022-02-01,3,EAPT,104.6
202203,2022-03-01,3,EAPT,104.6
202204,2022-04-01,3,EAPT,104.0
202205,2022-05-01,3,EAPT,101.6
202206,2022-06-01,3,EAPT,103.7
202207,2022-07-01,3,EAPT,105.3
202208,2022-08-01,3,EAPT,104.1
202209,2022-09-01,3,EAPT,101.9
202210,2022-10-01,3,EAPT,101.9
202211,2022-11-01,3,EAPT,102.1
202212,2022-12-01,3,EAPT,101.2
202301,2023-01-01,3,EAPT,100.7
202302,2023-02-01,3,EAPT,101.4
202303,2023-03-01,3,EAPT,100.6
202304,2023-04-01,3,EAPT,101.2
202305,2023-05-01,3,EAPT,100.4
202306,2023-06-01,3,EAPT,100.8
202307,2023-07-01,3,EAPT,98.8
202308,2023-08-01,3,EAPT,99.5
202309,2023-09-01,3,EAPT,100.1
202310,2023-10-01,3,EAPT,100.6
202311,2023-11-01,3,EAPT,101.0
202312,2023-12-01,3,EAPT,95.6
202401,2024-01-01,3,EAPT,100.0
202402,2024-02-01,3,EAPT,100.0
202403,2024-03-01,3,EAPT,98.6
202404,2024-04-01,3,EAPT,98.0
202405,2024-05-01,3,EAPT,98.9
202406,2024-06-01,3,EAPT,97.3
202407,2024-07-01,3,EAPT,98.2
202408,2024-08-01,3,EAPT,99.4
202409,2024-09-01,3,EAPT,98.3
202410,2024-10-01,3,EAPT,97.5
202411,2024-11-01,3,EAPT,97.9
202412,2024-12-01,3,EAPT,97.9
202501,2025-01-01,3,EAPT,99.0
202502,2025-02-01,3,EAPT,98.3
202503,2025-03-01,3,EAPT,99.1
202504,2025-04-01,3,EAPT,99.4
202505,2025-05-01,3,EAPT,97.7
202506,2025-06-01,3,EAPT,98.4
202507,2025-07-01,3,EAPT,100.7
202508,2025-08-01,3,EAPT,99.2
202509,2025-09-01,3,EAPT,99.6
202510,2025-10-01,3,EAPT,99.0
202511,2025-11-01,3,EAPT,98.8
202512,2025-12-01,3,EAPT,98.8
202601,2026-01-01,3,EAPT,100.1
202602,2026-02-01,3,EAPT,99.2
202603,2026-03-01,3,EAPT,98.2
202604,2026-04-01,3,EAPT,99.5
202605,2026-05-01,3,EAPT,99.2
202606,2026-06-01,3,EAPT,99.5
198801,1988-01-01,4,JO59,50.0
198802,1988-02-01,4,JO59,50.0
198803,1988-03-01,4,JO59,49.6
198804,1988-04-01,4,JO59,50.8
198805,1988-05-01,4,JO59,50.3
198806,1988-06-01,4,JO59,50.3
198807,1988-07-01,4,JO59,50.1
198808,1988-08-01,4,JO59,50.6
198809,1988-09-01,4,JO59,50.4
198810,1988-10-01,4,JO59,51.1
198811,1988-11-01,4,JO59,51.4
198812,1988-12-01,4,JO59,51.5
198901,1989-01-01,4,JO59,49.1
198902,1989-02-01,4,JO59,51.2
198903,1989-03-01,4,JO59,50.8
198904,1989-04-01,4,JO59,52.0
198905,1989-05-01,4,JO59,52.1
198906,1989-06-01,4,JO59,51.9
198907,1989-07-01,4,JO59,51.7
198908,1989-08-01,4,JO59,51.8
198909,1989-09-01,4,JO59,51.6
198910,1989-10-01,4,JO59,52.0
198911,1989-11-01,4,JO59,52.2
198912,1989-12-01,4,JO59,52.1
199001,1990-01-01,4,JO59,50.7
199002,1990-02-01,4,JO59,52.2
199003,1990-03-01,4,JO59,52.7
199004,1990-04-01,4,JO59,51.3
199005,1990-05-01,4,JO59,53.1
199006,1990-06-01,4,JO59,51.8
199007,1990-07-01,4,JO59,52.8
199008,1990-08-01,4,JO59,52.3
199009,1990-09-01,4,JO59,53.0
199010,1990-10-01,4,JO59,52.9
199011,1990-11-01,4,JO59,53.1
199012,1990-12-01,4,JO59,53.5
199101,1991-01-01,4,JO59,53.3
199102,1991-02-01,4,JO59,53.9
199103,1991-03-01,4,JO59,54.1
199104,1991-04-01,4,JO59,53.9
199105,1991-05-01,4,JO59,53.6
199106,1991-06-01,4,JO59,54.4
199107,1991-07-01,4,JO59,55.8
199108,1991-08-01,4,JO59,55.3
199109,1991-09-01,4,JO59,55.5
199110,1991-10-01,4,JO59,54.6
199111,1991-11-01,4,JO59,54.2
199112,1991-12-01,4,JO59,53.8
199201,1992-01-01,4,JO59,55.3
199202,1992-02-01,4,JO59,55.7
199203,1992-03-01,4,JO59,56.4
199204,1992-04-01,4,JO59,55.9
199205,1992-05-01,4,JO59,56.5
199206,1992-06-01,4,JO59,56.9
199207,1992-07-01,4,JO59,56.5
199208,1992-08-01,4,JO59,56.8
199209,1992-09-01,4,JO59,57.3
199210,1992-10-01,4,JO59,57.8
199211,1992-11-01,4,JO59,57.7
199212,1992-12-01,4,JO59,57.4
199301,1993-01-01,4,JO59,58.5
199302,1993-02-01,4,JO59,57.9
199303,1993-03-01,4,JO59,57.9
199304,1993-04-01,4,JO59,58.3
199305,1993-05-01,4,JO59,58.5
199306,1993-06-01,4,JO59,58.7
199307,1993-07-01,4,JO59,58.1
199308,1993-08-01,4,JO59,58.7
199309,1993-09-01,4,JO59,58.9
199310,1993-10-01,4,JO59,59.3
199311,1993-11-01,4,JO59,59.8
199312,1993-12-01,4,JO59,60.2
199401,1994-01-01,4,JO59,60.6
199402,1994-02-01,4,JO59,60.4
199403,1994-03-01,4,JO59,60.4
199404,1994-04-01,4,JO59,61.3
199405,1994-05-01,4,JO59,61.2
199406,1994-06-01,4,JO59,61.6
199407,1994-07-01,4,JO59,62.2
199408,1994-08-01,4,JO59,62.3
199409,1994-09-01,4,JO59,62.6
199410,1994-10-01,4,JO59,62.9
199411,1994-11-01,4,JO59,63.1
199412,1994-12-01,4,JO59,62.9
199501,1995-01-01,4,JO59,62.9
199502,1995-02-01,4,JO59,63.6
199503,1995-03-01,4,JO59,64.4
199504,1995-04-01,4,JO59,63.3
199505,1995-05-01,4,JO59,64.2
199506,1995-06-01,4,JO59,63.9
199507,1995-07-01,4,JO59,64.2
199508,1995-08-01,4,JO59,64.9
199509,1995-09-01,4,JO59,63.8
199510,1995-10-01,4,JO59,64.3
199511,1995-11-01,4,JO59,64.7
199512,1995-12-01,4,JO59,65.0
199601,1996-01-01,4,JO59,64.5
199602,1996-02-01,4,JO59,65.5
199603,1996-03-01,4,JO59,65.1
199604,1996-04-01,4,JO59,65.9
199605,1996-05-01,4,JO59,65.6
199606,1996-06-01,4,JO59,66.4
199607,1996-07-01,4,JO59,67.2
199608,1996-08-01,4,JO59,66.6
199609,1996-09-01,4,JO59,67.4
199610,1996-10-01,4,JO59,67.6
199611,1996-11-01,4,JO59,67.6
199612,1996-12-01,4,JO59,66.3
199701,1997-01-01,4,JO59,68.0
199702,1997-02-01,4,JO59,68.1
199703,1997-03-01,4,JO59,68.3
199704,1997-04-01,4,JO59,69.0
199705,1997-05-01,4,JO59,68.8
199706,1997-06-01,4,JO59,68.2
199707,1997-07-01,4,JO59,70.0
199708,1997-08-01,4,JO59,70.4
199709,1997-09-01,4,JO59,70.3
199710,1997-10-01,4,JO59,70.4
199711,1997-11-01,4,JO59,70.2
199712,1997-12-01,4,JO59,70.7
199801,1998-01-01,4,JO59,71.1
199802,1998-02-01,4,JO59,71.0
199803,1998-03-01,4,JO59,71.4
199804,1998-04-01,4,JO59,71.3
199805,1998-05-01,4,JO59,71.5
199806,1998-06-01,4,JO59,71.8
199807,1998-07-01,4,JO59,71.3
199808,1998-08-01,4,JO59,72.1
199809,1998-09-01,4,JO59,71.8
199810,1998-10-01,4,JO59,72.3
199811,1998-11-01,4,JO59,72.3
199812,1998-12-01,4,JO59,70.6
199901,1999-01-01,4,JO59,72.5
199902,1999-02-01,4,JO59,72.3
199903,1999-03-01,4,JO59,71.7
199904,1999-04-01,4,JO59,72.2
199905,1999-05-01,4,JO59,72.7
199906,1999-06-01,4,JO59,72.6
199907,1999-07-01,4,JO59,73.1
199908,1999-08-01,4,JO59,73.0
199909,1999-09-01,4,JO59,73.7
199910,1999-10-01,4,JO59,73.6
199911,1999-11-01,4,JO59,73.8
199912,1999-12-01,4,JO59,75.0
200001,2000-01-01,4,JO59,75.0
200002,2000-02-01,4,JO59,74.7
200003,2000-03-01,4,JO59,75.9
200004,2000-04-01,4,JO59,75.4
200005,2000-05-01,4,JO59,74.9
200006,2000-06-01,4,JO59,75.6
200007,2000-07-01,4,JO59,74.4
200008,2000-08-01,4,JO59,76.1
200009,2000-09-01,4,JO59,76.7
200010,2000-10-01,4,JO59,76.5
200011,2000-11-01,4,JO59,77.3
200012,2000-12-01,4,JO59,76.6
200101,2001-01-01,4,JO59,77.4
200102,2001-02-01,4,JO59,84.0
200103,2001-03-01,4,JO59,84.4
200104,2001-04-01,4,JO59,82.8
200105,2001-05-01,4,JO59,84.5
200106,2001-06-01,4,JO59,84.1
200107,2001-07-01,4,JO59,83.9
200108,2001-08-01,4,JO59,84.0
200109,2001-09-01,4,JO59,84.9
200110,2001-10-01,4,JO59,85.9
200111,2001-11-01,4,JO59,87.5
200112,2001-12-01,4,JO59,87.4
200201,2002-01-01,4,JO59,86.9
200202,2002-02-01,4,JO59,87.6
200203,2002-03-01,4,JO59,85.9
200204,2002-04-01,4,JO59,88.2
200205,2002-05-01,4,JO59,88.8
200206,2002-06-01,4,JO59,88.3
200207,2002-07-01,4,JO59,90.2
200208,2002-08-01,4,JO59,90.0
200209,2002-09-01,4,JO59,90.0
200210,2002-10-01,4,JO59,90.5
200211,2002-11-01,4,JO59,90.5
200212,2002-12-01,4,JO59,90.0
200301,2003-01-01,4,JO59,90.2
200302,2003-02-01,4,JO59,90.3
200303,2003-03-01,4,JO59,91.1
200304,2003-04-01,4,JO59,90.9
200305,2003-05-01,4,JO59,90.9
200306,2003-06-01,4,JO59,92.6
200307,2003-07-01,4,JO59,92.8
200308,2003-08-01,4,JO59,93.9
200309,2003-09-01,4,JO59,93.4
200310,2003-10-01,4,JO59,93.5
200311,2003-11-01,4,JO59,92.8
200312,2003-12-01,4,JO59,94.2
200401,2004-01-01,4,JO59,94.5
200402,2004-02-01,4,JO59,94.4
200403,2004-03-01,4,JO59,94.1
200404,2004-04-01,4,JO59,95.0
200405,2004-05-01,4,JO59,95.9
200406,2004-06-01,4,JO59,95.9
200407,2004-07-01,4,JO59,95.7
200408,2004-08-01,4,JO59,97.0
200409,2004-09-01,4,JO59,96.7
200410,2004-10-01,4,JO59,96.9
200411,2004-11-01,4,JO59,97.0
200412,2004-12-01,4,JO59,96.8
200501,2005-01-01,4,JO59,98.6
200502,2005-02-01,4,JO59,97.3
200503,2005-03-01,4,JO59,96.0
200504,2005-04-01,4,JO59,98.0
200505,2005-05-01,4,JO59,97.4
200506,2005-06-01,4,JO59,97.5
200507,2005-07-01,4,JO59,98.0
200508,2005-08-01,4,JO59,96.8
200509,2005-09-01,4,JO59,97.6
200510,2005-10-01,4,JO59,98.1
200511,2005-11-01,4,JO59,99.0
200512,2005-12-01,4,JO59,98.5
200601,2006-01-01,4,JO59,97.8
200602,2006-02-01,4,JO59,98.5
200603,2006-03-01,4,JO59,99.3
200604,2006-04-01,4,JO59,98.1
200605,2006-05-01,4,JO59,98.8
200606,2006-06-01,4,JO59,100.4
200607,2006-07-01,4,JO59,101.1
200608,2006-08-01,4,JO59,98.7
200609,2006-09-01,4,JO59,99.9
200610,2006-10-01,4,JO59,99.7
200611,2006-11-01,4,JO59,99.6
200612,2006-12-01,4,JO59,99.9
200701,2007-01-01,4,JO59,100.6
200702,2007-02-01,4,JO59,101.0
200703,2007-03-01,4,JO59,100.8
200704,2007-04-01,4,JO59,101.5
200705,2007-05-01,4,JO59,100.7
200706,2007-06-01,4,JO59,99.7
200707,2007-07-01,4,JO59,99.9
200708,2007-08-01,4,JO59,101.2
200709,2007-09-01,4,JO59,101.1
200710,2007-10-01,4,JO59,100.5
200711,2007-11-01,4,JO59,100.7
200712,2007-12-01,4,JO59,100.9
200801,2008-01-01,4,JO59,101.4
200802,2008-02-01,4,JO59,102.2
200803,2008-03-01,4,JO59,99.8
200804,2008-04-01,4,JO59,99.3
200805,2008-05-01,4,JO59,101.5
200806,2008-06-01,4,JO59,98.2
200807,2008-07-01,4,JO59,98.9
200808,2008-08-01,4,JO59,98.4
200809,2008-09-01,4,JO59,98.6
200810,2008-10-01,4,JO59,99.5
200811,2008-11-01,4,JO59,99.1
200812,2008-12-01,4,JO59,99.0
200901,2009-01-01,4,JO59,99.9
200902,2009-02-01,4,JO59,100.3
200903,2009-03-01,4,JO59,100.4
200904,2009-04-01,4,JO59,101.3
200905,2009-05-01,4,JO59,101.1
200906,2009-06-01,4,JO59,102.4
200907,2009-07-01,4,JO59,101.7
200908,2009-08-01,4,JO59,102.3
200909,2009-09-01,4,JO59,102.1
200910,2009-10-01,4,JO59,101.5
200911,2009-11-01,4,JO59,101.4
200912,2009-12-01,4,JO59,101.4
201001,2010-01-01,4,JO59,100.9
201002,2010-02-01,4,JO59,100.5
201003,2010-03-01,4,JO59,99.0
201004,2010-04-01,4,JO59,100.6
201005,2010-05-01,4,JO59,101.4
201006,2010-06-01,4,JO59,101.6
201007,2010-07-01,4,JO59,100.0
201008,2010-08-01,4,JO59,99.6
201009,2010-09-01,4,JO59,99.4
201010,2010-10-01,4,JO59,99.1
201011,2010-11-01,4,JO59,99.8
201012,2010-12-01,4,JO59,98.8
201101,2011-01-01,4,JO59,98.1
201102,2011-02-01,4,JO59,97.9
201103,2011-03-01,4,JO59,99.6
201104,2011-04-01,4,JO59,100.9
201105,2011-05-01,4,JO59,97.7
201106,2011-06-01,4,JO59,96.8
201107,2011-07-01,4,JO59,98.1
201108,2011-08-01,4,JO59,98.4
201109,2011-09-01,4,JO59,98.3
201110,2011-10-01,4,JO59,99.1
201111,2011-11-01,4,JO59,98.4
201112,2011-12-01,4,JO59,98.7
201201,2012-01-01,4,JO59,98.4
201202,2012-02-01,4,JO59,98.9
201203,2012-03-01,4,JO59,98.5
201204,2012-04-01,4,JO59,98.7
201205,2012-05-01,4,JO59,98.4
201206,2012-06-01,4,JO59,98.4
201207,2012-07-01,4,JO59,97.9
201208,2012-08-01,4,JO59,98.5
201209,2012-09-01,4,JO59,98.7
201210,2012-10-01,4,JO59,97.9
201211,2012-11-01,4,JO59,97.8
201212,2012-12-01,4,JO59,97.8
201301,2013-01-01,4,JO59,98.1
201302,2013-02-01,4,JO59,97.2
201303,2013-03-01,4,JO59,97.2
201304,2013-04-01,4,JO59,96.8
201305,2013-05-01,4,JO59,97.4
201306,2013-06-01,4,JO59,97.7
201307,2013-07-01,4,JO59,99.8
201308,2013-08-01,4,JO59,97.4
201309,2013-09-01,4,JO59,97.6
201310,2013-10-01,4,JO59,97.4
201311,2013-11-01,4,JO59,98.0
201312,2013-12-01,4,JO59,99.4
201401,2014-01-01,4,JO59,98.0
201402,2014-02-01,4,JO59,97.6
201403,2014-03-01,4,JO59,97.1
201404,2014-04-01,4,JO59,98.2
201405,2014-05-01,4,JO59,98.0
201406,2014-06-01,4,JO59,98.6
201407,2014-07-01,4,JO59,99.5
201408,2014-08-01,4,JO59,99.0
201409,2014-09-01,4,JO59,98.7
201410,2014-10-01,4,JO59,99.3
201411,2014-11-01,4,JO59,99.9
201412,2014-12-01,4,JO59,100.1
201501,2015-01-01,4,JO59,99.3
201502,2015-02-01,4,JO59,99.4
201503,2015-03-01,4,JO59,99.8
201504,2015-04-01,4,JO59,99.7
201505,2015-05-01,4,JO59,100.0
201506,2015-06-01,4,JO59,100.1
201507,2015-07-01,4,JO59,100.1
201508,2015-08-01,4,JO59,99.6
201509,2015-09-01,4,JO59,102.3
201510,2015-10-01,4,JO59,100.7
201511,2015-11-01,4,JO59,101.0
201512,2015-12-01,4,JO59,101.8
201601,2016-01-01,4,JO59,103.1
201602,2016-02-01,4,JO59,102.8
201603,2016-03-01,4,JO59,102.5
201604,2016-04-01,4,JO59,102.7
201605,2016-05-01,4,JO59,103.5
201606,2016-06-01,4,JO59,102.9
201607,2016-07-01,4,JO59,103.4
201608,2016-08-01,4,JO59,104.4
201609,2016-09-01,4,JO59,104.7
201610,2016-10-01,4,JO59,105.2
201611,2016-11-01,4,JO59,104.0
201612,2016-12-01,4,JO59,104.0
201701,2017-01-01,4,JO59,103.7
201702,2017-02-01,4,JO59,104.3
201703,2017-03-01,4,JO59,104.7
201704,2017-04-01,4,JO59,104.8
201705,2017-05-01,4,JO59,103.9
201706,2017-06-01,4,JO59,103.4
201707,2017-07-01,4,JO59,103.8
201708,2017-08-01,4,JO59,104.3
201709,2017-09-01,4,JO59,104.2
201710,2017-10-01,4,JO59,104.8
201711,2017-11-01,4,JO59,104.5
201712,2017-12-01,4,JO59,104.1
201801,2018-01-01,4,JO59,103.3
201802,2018-02-01,4,JO59,104.6
201803,2018-03-01,4,JO59,102.9
201804,2018-04-01,4,JO59,104.4
201805,2018-05-01,4,JO59,105.5
201806,2018-06-01,4,JO59,105.9
201807,2018-07-01,4,JO59,106.0
201808,2018-08-01,4,JO59,105.3
201809,2018-09-01,4,JO59,104.8
201810,2018-10-01,4,JO59,105.3
201811,2018-11-01,4,JO59,105.5
201812,2018-12-01,4,JO59,106.1
201901,2019-01-01,4,JO59,106.6
201902,2019-02-01,4,JO59,105.6
201903,2019-03-01,4,JO59,105.6
201904,2019-04-01,4,JO59,106.7
201905,2019-05-01,4,JO59,105.2
201906,2019-06-01,4,JO59,104.7
201907,2019-07-01,4,JO59,105.5
201908,2019-08-01,4,JO59,105.6
201909,2019-09-01,4,JO59,106.4
201910,2019-10-01,4,JO59,106.5
201911,2019-11-01,4,JO59,105.5
201912,2019-12-01,4,JO59,105.6
202001,2020-01-01,4,JO59,107.3
202002,2020-02-01,4,JO59,106.2
202003,2020-03-01,4,JO59,115.3
202004,2020-04-01,4,JO59,114.0
202005,2020-05-01,4,JO59,115.0
202006,2020-06-01,4,JO59,113.5
202007,2020-07-01,4,JO59,109.9
202008,2020-08-01,4,JO59,112.3
202009,2020-09-01,4,JO59,112.8
202010,2020-10-01,4,JO59,111.6
202011,2020-11-01,4,JO59,113.8
202012,2020-12-01,4,JO59,109.5
202101,2021-01-01,4,JO59,113.7
202102,2021-02-01,4,JO59,114.6
202103,2021-03-01,4,JO59,115.8
202104,2021-04-01,4,JO59,114.9
202105,2021-05-01,4,JO59,108.5
202106,2021-06-01,4,JO59,111.1
202107,2021-07-01,4,JO59,110.4
202108,2021-08-01,4,JO59,109.4
202109,2021-09-01,4,JO59,108.9
202110,2021-10-01,4,JO59,109.3
202111,2021-11-01,4,JO59,107.5
202112,2021-12-01,4,JO59,107.9
202201,2022-01-01,4,JO59,105.4
202202,2022-02-01,4,JO59,105.4
202203,2022-03-01,4,JO59,105.6
202204,2022-04-01,4,JO59,104.8
202205,2022-05-01,4,JO59,102.4
202206,2022-06-01,4,JO59,104.9
202207,2022-07-01,4,JO59,106.3
202208,2022-08-01,4,JO59,105.0
202209,2022-09-01,4,JO59,102.6
202210,2022-10-01,4,JO59,102.2
202211,2022-11-01,4,JO59,102.3
202212,2022-12-01,4,JO59,101.3
202301,2023-01-01,4,JO59,101.0
202302,2023-02-01,4,JO59,101.4
202303,2023-03-01,4,JO59,100.7
202304,2023-04-01,4,JO59,101.2
202305,2023-05-01,4,JO59,100.3
202306,2023-06-01,4,JO59,101.0
202307,2023-07-01,4,JO59,98.9
202308,2023-08-01,4,JO59,99.4
202309,2023-09-01,4,JO59,100.1
202310,2023-10-01,4,JO59,100.8
202311,2023-11-01,4,JO59,100.4
202312,2023-12-01,4,JO59,95.5
202401,2024-01-01,4,JO59,99.9
202402,2024-02-01,4,JO59,100.2
202403,2024-03-01,4,JO59,99.0
202404,2024-04-01,4,JO59,98.2
202405,2024-05-01,4,JO59,98.9
202406,2024-06-01,4,JO59,97.7
202407,2024-07-01,4,JO59,98.2
202408,2024-08-01,4,JO59,99.7
202409,2024-09-01,4,JO59,98.4
202410,2024-10-01,4,JO59,97.7
202411,2024-11-01,4,JO59,98.1
202412,2024-12-01,4,JO59,98.0
202501,2025-01-01,4,JO59,99.2
202502,2025-02-01,4,JO59,98.3
202503,2025-03-01,4,JO59,99.0
202504,2025-04-01,4,JO59,99.4
202505,2025-05-01,4,JO59,97.5
202506,2025-06-01,4,JO59,98.5
202507,2025-07-01,4,JO59,101.5
202508,2025-08-01,4,JO59,99.5
202509,2025-09-01,4,JO59,99.8
202510,2025-10-01,4,JO59,99.3
202511,2025-11-01,4,JO59,99.0
202512,2025-12-01,4,JO59,98.9
202601,2026-01-01,4,JO59,99.6
202602,2026-02-01,4,JO59,99.2
202603,2026-03-01,4,JO59,98.2
202604,2026-04-01,4,JO59,99.5
202605,2026-05-01,4,JO59,99.4
202606,2026-06-01,4,JO59,99.4
198801,1988-01-01,5,JO5U,156.0
198802,1988-02-01,5,JO5U,152.4
198803,1988-03-01,5,JO5U,149.9
198804,1988-04-01,5,JO5U,152.9
198805,1988-05-01,5,JO5U,151.5
198806,1988-06-01,5,JO5U,149.4
198807,1988-07-01,5,JO5U,149.8
198808,1988-08-01,5,JO5U,150.8
198809,1988-09-01,5,JO5U,149.6
198810,1988-10-01,5,JO5U,150.7
198811,1988-11-01,5,JO5U,151.1
198812,1988-12-01,5,JO5U,152.4
198901,1989-01-01,5,JO5U,151.3
198902,1989-02-01,5,JO5U,153.1
198903,1989-03-01,5,JO5U,152.1
198904,1989-04-01,5,JO5U,150.5
198905,1989-05-01,5,JO5U,152.5
198906,1989-06-01,5,JO5U,151.6
198907,1989-07-01,5,JO5U,151.1
198908,1989-08-01,5,JO5U,152.0
198909,1989-09-01,5,JO5U,150.5
198910,1989-10-01,5,JO5U,151.4
198911,1989-11-01,5,JO5U,149.7
198912,1989-12-01,5,JO5U,149.9
199001,1990-01-01,5,JO5U,147.3
199002,1990-02-01,5,JO5U,149.5
199003,1990-03-01,5,JO5U,148.5
199004,1990-04-01,5,JO5U,145.9
199005,1990-05-01,5,JO5U,151.5
199006,1990-06-01,5,JO5U,146.3
199007,1990-07-01,5,JO5U,148.6
199008,1990-08-01,5,JO5U,146.8
199009,1990-09-01,5,JO5U,145.6
199010,1990-10-01,5,JO5U,144.7
199011,1990-11-01,5,JO5U,145.0
199012,1990-12-01,5,JO5U,144.1
199101,1991-01-01,5,JO5U,142.8
199102,1991-02-01,5,JO5U,141.0
199103,1991-03-01,5,JO5U,143.5
199104,1991-04-01,5,JO5U,141.6
199105,1991-05-01,5,JO5U,139.9
199106,1991-06-01,5,JO5U,142.7
199107,1991-07-01,5,JO5U,142.5
199108,1991-08-01,5,JO5U,138.6
199109,1991-09-01,5,JO5U,142.4
199110,1991-10-01,5,JO5U,139.4
199111,1991-11-01,5,JO5U,138.8
199112,1991-12-01,5,JO5U,132.5
199201,1992-01-01,5,JO5U,140.5
199202,1992-02-01,5,JO5U,135.2
199203,1992-03-01,5,JO5U,133.6
199204,1992-04-01,5,JO5U,135.0
199205,1992-05-01,5,JO5U,131.7
199206,1992-06-01,5,JO5U,133.3
199207,1992-07-01,5,JO5U,130.2
199208,1992-08-01,5,JO5U,129.9
199209,1992-09-01,5,JO5U,128.6
199210,1992-10-01,5,JO5U,129.7
199211,1992-11-01,5,JO5U,129.2
199212,1992-12-01,5,JO5U,123.9
199301,1993-01-01,5,JO5U,133.9
199302,1993-02-01,5,JO5U,128.8
199303,1993-03-01,5,JO5U,127.0
199304,1993-04-01,5,JO5U,127.0
199305,1993-05-01,5,JO5U,127.0
199306,1993-06-01,5,JO5U,123.4
199307,1993-07-01,5,JO5U,123.2
199308,1993-08-01,5,JO5U,125.5
199309,1993-09-01,5,JO5U,122.6
199310,1993-10-01,5,JO5U,122.8
199311,1993-11-01,5,JO5U,121.4
199312,1993-12-01,5,JO5U,128.5
199401,1994-01-01,5,JO5U,123.4
199402,1994-02-01,5,JO5U,119.2
199403,1994-03-01,5,JO5U,119.1
199404,1994-04-01,5,JO5U,119.0
199405,1994-05-01,5,JO5U,120.5
199406,1994-06-01,5,JO5U,117.4
199407,1994-07-01,5,JO5U,117.1
199408,1994-08-01,5,JO5U,117.3
199409,1994-09-01,5,JO5U,115.9
199410,1994-10-01,5,JO5U,116.3
199411,1994-11-01,5,JO5U,115.4
199412,1994-12-01,5,JO5U,112.9
199501,1995-01-01,5,JO5U,111.7
199502,1995-02-01,5,JO5U,113.9
199503,1995-03-01,5,JO5U,113.0
199504,1995-04-01,5,JO5U,111.4
199505,1995-05-01,5,JO5U,112.0
199506,1995-06-01,5,JO5U,110.2
199507,1995-07-01,5,JO5U,108.8
199508,1995-08-01,5,JO5U,106.5
199509,1995-09-01,5,JO5U,107.6
199510,1995-10-01,5,JO5U,107.3
199511,1995-11-01,5,JO5U,106.4
199512,1995-12-01,5,JO5U,104.7
199601,1996-01-01,5,JO5U,104.4
199602,1996-02-01,5,JO5U,106.2
199603,1996-03-01,5,JO5U,105.8
199604,1996-04-01,5,JO5U,104.6
199605,1996-05-01,5,JO5U,102.8
199606,1996-06-01,5,JO5U,104.6
199607,1996-07-01,5,JO5U,104.4
199608,1996-08-01,5,JO5U,102.0
199609,1996-09-01,5,JO5U,104.6
199610,1996-10-01,5,JO5U,102.8
199611,1996-11-01,5,JO5U,103.7
199612,1996-12-01,5,JO5U,98.4
199701,1997-01-01,5,JO5U,103.7
199702,1997-02-01,5,JO5U,102.3
199703,1997-03-01,5,JO5U,103.7
199704,1997-04-01,5,JO5U,103.1
199705,1997-05-01,5,JO5U,101.4
199706,1997-06-01,5,JO5U,101.5
199707,1997-07-01,5,JO5U,101.0
199708,1997-08-01,5,JO5U,100.5
199709,1997-09-01,5,JO5U,102.1
199710,1997-10-01,5,JO5U,102.7
199711,1997-11-01,5,JO5U,101.7
199712,1997-12-01,5,JO5U,105.1
199801,1998-01-01,5,JO5U,104.8
199802,1998-02-01,5,JO5U,104.4
199803,1998-03-01,5,JO5U,103.0
199804,1998-04-01,5,JO5U,104.6
199805,1998-05-01,5,JO5U,104.2
199806,1998-06-01,5,JO5U,105.7
199807,1998-07-01,5,JO5U,103.9
199808,1998-08-01,5,JO5U,104.9
199809,1998-09-01,5,JO5U,103.4
199810,1998-10-01,5,JO5U,103.3
199811,1998-11-01,5,JO5U,103.3
199812,1998-12-01,5,JO5U,99.3
199901,1999-01-01,5,JO5U,101.3
199902,1999-02-01,5,JO5U,99.7
199903,1999-03-01,5,JO5U,100.2
199904,1999-04-01,5,JO5U,100.7
199905,1999-05-01,5,JO5U,102.9
199906,1999-06-01,5,JO5U,102.5
199907,1999-07-01,5,JO5U,102.7
199908,1999-08-01,5,JO5U,103.2
199909,1999-09-01,5,JO5U,103.4
199910,1999-10-01,5,JO5U,103.0
199911,1999-11-01,5,JO5U,102.0
199912,1999-12-01,5,JO5U,112.0
200001,2000-01-01,5,JO5U,106.2
200002,2000-02-01,5,JO5U,104.1
200003,2000-03-01,5,JO5U,98.6
200004,2000-04-01,5,JO5U,107.3
200005,2000-05-01,5,JO5U,97.4
200006,2000-06-01,5,JO5U,95.8
200007,2000-07-01,5,JO5U,99.1
200008,2000-08-01,5,JO5U,96.0
200009,2000-09-01,5,JO5U,93.4
200010,2000-10-01,5,JO5U,92.6
200011,2000-11-01,5,JO5U,92.2
200012,2000-12-01,5,JO5U,91.2
200101,2001-01-01,5,JO5U,92.3
200102,2001-02-01,5,JO5U,99.9
200103,2001-03-01,5,JO5U,99.8
200104,2001-04-01,5,JO5U,98.9
200105,2001-05-01,5,JO5U,105.1
200106,2001-06-01,5,JO5U,99.3
200107,2001-07-01,5,JO5U,97.5
200108,2001-08-01,5,JO5U,101.8
200109,2001-09-01,5,JO5U,100.4
200110,2001-10-01,5,JO5U,99.8
200111,2001-11-01,5,JO5U,101.3
200112,2001-12-01,5,JO5U,102.1
200201,2002-01-01,5,JO5U,95.4
200202,2002-02-01,5,JO5U,98.9
200203,2002-03-01,5,JO5U,101.8
200204,2002-04-01,5,JO5U,96.5
200205,2002-05-01,5,JO5U,98.0
200206,2002-06-01,5,JO5U,98.5
200207,2002-07-01,5,JO5U,97.6
200208,2002-08-01,5,JO5U,95.5
200209,2002-09-01,5,JO5U,95.1
200210,2002-10-01,5,JO5U,97.7
200211,2002-11-01,5,JO5U,97.3
200212,2002-12-01,5,JO5U,96.2
200301,2003-01-01,5,JO5U,98.1
200302,2003-02-01,5,JO5U,96.2
200303,2003-03-01,5,JO5U,94.9
200304,2003-04-01,5,JO5U,95.5
200305,2003-05-01,5,JO5U,93.1
200306,2003-06-01,5,JO5U,94.2
200307,2003-07-01,5,JO5U,93.7
200308,2003-08-01,5,JO5U,93.5
200309,2003-09-01,5,JO5U,94.5
200310,2003-10-01,5,JO5U,91.6
200311,2003-11-01,5,JO5U,90.1
200312,2003-12-01,5,JO5U,90.8
200401,2004-01-01,5,JO5U,96.1
200402,2004-02-01,5,JO5U,90.3
200403,2004-03-01,5,JO5U,90.3
200404,2004-04-01,5,JO5U,92.1
200405,2004-05-01,5,JO5U,92.6
200406,2004-06-01,5,JO5U,93.1
200407,2004-07-01,5,JO5U,93.4
200408,2004-08-01,5,JO5U,91.3
200409,2004-09-01,5,JO5U,91.2
200410,2004-10-01,5,JO5U,91.5
200411,2004-11-01,5,JO5U,90.7
200412,2004-12-01,5,JO5U,92.3
200501,2005-01-01,5,JO5U,91.8
200502,2005-02-01,5,JO5U,88.9
200503,2005-03-01,5,JO5U,89.0
200504,2005-04-01,5,JO5U,89.8
200505,2005-05-01,5,JO5U,90.3
200506,2005-06-01,5,JO5U,89.2
200507,2005-07-01,5,JO5U,89.7
200508,2005-08-01,5,JO5U,91.5
200509,2005-09-01,5,JO5U,92.3
200510,2005-10-01,5,JO5U,95.0
200511,2005-11-01,5,JO5U,92.1
200512,2005-12-01,5,JO5U,88.6
200601,2006-01-01,5,JO5U,89.2
200602,2006-02-01,5,JO5U,92.3
200603,2006-03-01,5,JO5U,92.1
200604,2006-04-01,5,JO5U,90.7
200605,2006-05-01,5,JO5U,89.7
200606,2006-06-01,5,JO5U,87.9
200607,2006-07-01,5,JO5U,84.4
200608,2006-08-01,5,JO5U,85.1
200609,2006-09-01,5,JO5U,82.0
200610,2006-10-01,5,JO5U,85.3
200611,2006-11-01,5,JO5U,88.7
200612,2006-12-01,5,JO5U,86.6
200701,2007-01-01,5,JO5U,83.6
200702,2007-02-01,5,JO5U,84.0
200703,2007-03-01,5,JO5U,83.7
200704,2007-04-01,5,JO5U,82.4
200705,2007-05-01,5,JO5U,83.3
200706,2007-06-01,5,JO5U,84.2
200707,2007-07-01,5,JO5U,85.6
200708,2007-08-01,5,JO5U,83.4
200709,2007-09-01,5,JO5U,83.4
200710,2007-10-01,5,JO5U,83.1
200711,2007-11-01,5,JO5U,81.7
200712,2007-12-01,5,JO5U,79.1
200801,2008-01-01,5,JO5U,79.0
200802,2008-02-01,5,JO5U,82.8
200803,2008-03-01,5,JO5U,80.2
200804,2008-04-01,5,JO5U,79.7
200805,2008-05-01,5,JO5U,80.2
200806,2008-06-01,5,JO5U,80.5
200807,2008-07-01,5,JO5U,78.8
200808,2008-08-01,5,JO5U,80.3
200809,2008-09-01,5,JO5U,80.3
200810,2008-10-01,5,JO5U,81.0
200811,2008-11-01,5,JO5U,78.2
200812,2008-12-01,5,JO5U,82.2
200901,2009-01-01,5,JO5U,84.8
200902,2009-02-01,5,JO5U,81.2
200903,2009-03-01,5,JO5U,79.7
200904,2009-04-01,5,JO5U,83.2
200905,2009-05-01,5,JO5U,81.2
200906,2009-06-01,5,JO5U,79.6
200907,2009-07-01,5,JO5U,82.9
200908,2009-08-01,5,JO5U,81.4
200909,2009-09-01,5,JO5U,79.7
200910,2009-10-01,5,JO5U,75.9
200911,2009-11-01,5,JO5U,75.9
200912,2009-12-01,5,JO5U,73.6
201001,2010-01-01,5,JO5U,72.6
201002,2010-02-01,5,JO5U,73.7
201003,2010-03-01,5,JO5U,75.6
201004,2010-04-01,5,JO5U,76.2
201005,2010-05-01,5,JO5U,75.6
201006,2010-06-01,5,JO5U,76.9
201007,2010-07-01,5,JO5U,75.8
201008,2010-08-01,5,JO5U,74.8
201009,2010-09-01,5,JO5U,75.3
201010,2010-10-01,5,JO5U,80.7
201011,2010-11-01,5,JO5U,77.5
201012,2010-12-01,5,JO5U,71.9
201101,2011-01-01,5,JO5U,76.6
201102,2011-02-01,5,JO5U,73.7
201103,2011-03-01,5,JO5U,72.7
201104,2011-04-01,5,JO5U,72.3
201105,2011-05-01,5,JO5U,72.9
201106,2011-06-01,5,JO5U,72.7
201107,2011-07-01,5,JO5U,73.3
201108,2011-08-01,5,JO5U,73.4
201109,2011-09-01,5,JO5U,73.1
201110,2011-10-01,5,JO5U,72.3
201111,2011-11-01,5,JO5U,72.0
201112,2011-12-01,5,JO5U,74.3
201201,2012-01-01,5,JO5U,73.5
201202,2012-02-01,5,JO5U,72.4
201203,2012-03-01,5,JO5U,72.5
201204,2012-04-01,5,JO5U,72.1
201205,2012-05-01,5,JO5U,72.4
201206,2012-06-01,5,JO5U,72.9
201207,2012-07-01,5,JO5U,73.5
201208,2012-08-01,5,JO5U,72.5
201209,2012-09-01,5,JO5U,73.5
201210,2012-10-01,5,JO5U,76.2
201211,2012-11-01,5,JO5U,74.0
201212,2012-12-01,5,JO5U,74.5
201301,2013-01-01,5,JO5U,73.8
201302,2013-02-01,5,JO5U,76.2
201303,2013-03-01,5,JO5U,76.1
201304,2013-04-01,5,JO5U,72.9
201305,2013-05-01,5,JO5U,74.7
201306,2013-06-01,5,JO5U,73.7
201307,2013-07-01,5,JO5U,72.4
201308,2013-08-01,5,JO5U,74.9
201309,2013-09-01,5,JO5U,73.7
201310,2013-10-01,5,JO5U,75.1
201311,2013-11-01,5,JO5U,74.8
201312,2013-12-01,5,JO5U,73.3
201401,2014-01-01,5,JO5U,76.2
201402,2014-02-01,5,JO5U,75.6
201403,2014-03-01,5,JO5U,75.0
201404,2014-04-01,5,JO5U,75.7
201405,2014-05-01,5,JO5U,74.3
201406,2014-06-01,5,JO5U,73.5
201407,2014-07-01,5,JO5U,73.4
201408,2014-08-01,5,JO5U,73.0
201409,2014-09-01,5,JO5U,73.2
201410,2014-10-01,5,JO5U,72.7
201411,2014-11-01,5,JO5U,72.2
201412,2014-12-01,5,JO5U,75.2
201501,2015-01-01,5,JO5U,75.9
201502,2015-02-01,5,JO5U,75.4
201503,2015-03-01,5,JO5U,75.1
201504,2015-04-01,5,JO5U,77.0
201505,2015-05-01,5,JO5U,77.3
201506,2015-06-01,5,JO5U,78.1
201507,2015-07-01,5,JO5U,77.0
201508,2015-08-01,5,JO5U,74.1
201509,2015-09-01,5,JO5U,76.9
201510,2015-10-01,5,JO5U,74.7
201511,2015-11-01,5,JO5U,81.4
201512,2015-12-01,5,JO5U,81.0
201601,2016-01-01,5,JO5U,79.7
201602,2016-02-01,5,JO5U,81.5
201603,2016-03-01,5,JO5U,83.0
201604,2016-04-01,5,JO5U,78.8
201605,2016-05-01,5,JO5U,78.0
201606,2016-06-01,5,JO5U,80.3
201607,2016-07-01,5,JO5U,80.6
201608,2016-08-01,5,JO5U,80.1
201609,2016-09-01,5,JO5U,83.8
201610,2016-10-01,5,JO5U,81.2
201611,2016-11-01,5,JO5U,89.9
201612,2016-12-01,5,JO5U,77.1
201701,2017-01-01,5,JO5U,76.6
201702,2017-02-01,5,JO5U,77.7
201703,2017-03-01,5,JO5U,74.0
201704,2017-04-01,5,JO5U,75.7
201705,2017-05-01,5,JO5U,75.6
201706,2017-06-01,5,JO5U,65.8
201707,2017-07-01,5,JO5U,73.6
201708,2017-08-01,5,JO5U,74.6
201709,2017-09-01,5,JO5U,73.3
201710,2017-10-01,5,JO5U,71.7
201711,2017-11-01,5,JO5U,73.3
201712,2017-12-01,5,JO5U,73.9
201801,2018-01-01,5,JO5U,74.3
201802,2018-02-01,5,JO5U,74.2
201803,2018-03-01,5,JO5U,78.2
201804,2018-04-01,5,JO5U,80.6
201805,2018-05-01,5,JO5U,82.4
201806,2018-06-01,5,JO5U,77.2
201807,2018-07-01,5,JO5U,88.8
201808,2018-08-01,5,JO5U,85.0
201809,2018-09-01,5,JO5U,82.5
201810,2018-10-01,5,JO5U,82.7
201811,2018-11-01,5,JO5U,83.1
201812,2018-12-01,5,JO5U,81.1
201901,2019-01-01,5,JO5U,81.7
201902,2019-02-01,5,JO5U,81.8
201903,2019-03-01,5,JO5U,86.9
201904,2019-04-01,5,JO5U,85.2
201905,2019-05-01,5,JO5U,85.3
201906,2019-06-01,5,JO5U,86.4
201907,2019-07-01,5,JO5U,87.3
201908,2019-08-01,5,JO5U,85.9
201909,2019-09-01,5,JO5U,87.0
201910,2019-10-01,5,JO5U,86.6
201911,2019-11-01,5,JO5U,86.5
201912,2019-12-01,5,JO5U,91.8
202001,2020-01-01,5,JO5U,76.5
202002,2020-02-01,5,JO5U,89.9
202003,2020-03-01,5,JO5U,85.1
202004,2020-04-01,5,JO5U,56.8
202005,2020-05-01,5,JO5U,62.2
202006,2020-06-01,5,JO5U,63.8
202007,2020-07-01,5,JO5U,78.3
202008,2020-08-01,5,JO5U,77.6
202009,2020-09-01,5,JO5U,84.8
202010,2020-10-01,5,JO5U,81.7
202011,2020-11-01,5,JO5U,81.7
202012,2020-12-01,5,JO5U,78.0
202101,2021-01-01,5,JO5U,70.4
202102,2021-02-01,5,JO5U,75.7
202103,2021-03-01,5,JO5U,79.4
202104,2021-04-01,5,JO5U,78.6
202105,2021-05-01,5,JO5U,78.9
202106,2021-06-01,5,JO5U,82.0
202107,2021-07-01,5,JO5U,81.2
202108,2021-08-01,5,JO5U,83.6
202109,2021-09-01,5,JO5U,85.9
202110,2021-10-01,5,JO5U,86.8
202111,2021-11-01,5,JO5U,88.8
202112,2021-12-01,5,JO5U,94.0
202201,2022-01-01,5,JO5U,94.1
202202,2022-02-01,5,JO5U,90.6
202203,2022-03-01,5,JO5U,89.8
202204,2022-04-01,5,JO5U,89.7
202205,2022-05-01,5,JO5U,87.1
202206,2022-06-01,5,JO5U,82.7
202207,2022-07-01,5,JO5U,92.1
202208,2022-08-01,5,JO5U,92.4
202209,2022-09-01,5,JO5U,91.8
202210,2022-10-01,5,JO5U,94.8
202211,2022-11-01,5,JO5U,95.7
202212,2022-12-01,5,JO5U,92.9
202301,2023-01-01,5,JO5U,94.0
202302,2023-02-01,5,JO5U,99.0
202303,2023-03-01,5,JO5U,97.5
202304,2023-04-01,5,JO5U,98.7
202305,2023-05-01,5,JO5U,100.4
202306,2023-06-01,5,JO5U,99.6
202307,2023-07-01,5,JO5U,98.9
202308,2023-08-01,5,JO5U,101.1
202309,2023-09-01,5,JO5U,100.4
202310,2023-10-01,5,JO5U,101.3
202311,2023-11-01,5,JO5U,112.0
202312,2023-12-01,5,JO5U,98.1
202401,2024-01-01,5,JO5U,100.5
202402,2024-02-01,5,JO5U,98.6
202403,2024-03-01,5,JO5U,95.8
202404,2024-04-01,5,JO5U,95.9
202405,2024-05-01,5,JO5U,99.9
202406,2024-06-01,5,JO5U,93.5
202407,2024-07-01,5,JO5U,97.4
202408,2024-08-01,5,JO5U,95.8
202409,2024-09-01,5,JO5U,93.7
202410,2024-10-01,5,JO5U,91.7
202411,2024-11-01,5,JO5U,91.8
202412,2024-12-01,5,JO5U,92.2
202501,2025-01-01,5,JO5U,92.8
202502,2025-02-01,5,JO5U,97.9
202503,2025-03-01,5,JO5U,99.3
202504,2025-04-01,5,JO5U,98.1
202505,2025-05-01,5,JO5U,99.2
202506,2025-06-01,5,JO5U,96.9
202507,2025-07-01,5,JO5U,90.0
202508,2025-08-01,5,JO5U,94.6
202509,2025-09-01,5,JO5U,97.0
202510,2025-10-01,5,JO5U,98.2
202511,2025-11-01,5,JO5U,100.4
202512,2025-12-01,5,JO5U,100.2
202601,2026-01-01,5,JO5U,103.6
202602,2026-02-01,5,JO5U,99.7
202603,2026-03-01,5,JO5U,98.9
202604,2026-04-01,5,JO5U,100.6
202605,2026-05-01,5,JO5U,96.8
202606,2026-06-01,5,JO5U,98.2
198801,1988-01-01,6,JO5V,454.3
198802,1988-02-01,6,JO5V,446.3
198803,1988-03-01,6,JO5V,455.4
198804,1988-04-01,6,JO5V,452.6
198805,1988-05-01,6,JO5V,450.7
198806,1988-06-01,6,JO5V,455.4
198807,1988-07-01,6,JO5V,447.5
198808,1988-08-01,6,JO5V,456.1
198809,1988-09-01,6,JO5V,453.0
198810,1988-10-01,6,JO5V,460.5
198811,1988-11-01,6,JO5V,459.4
198812,1988-12-01,6,JO5V,491.9
198901,1989-01-01,6,JO5V,453.7
198902,1989-02-01,6,JO5V,457.1
198903,1989-03-01,6,JO5V,464.9
198904,1989-04-01,6,JO5V,459.4
198905,1989-05-01,6,JO5V,474.2
198906,1989-06-01,6,JO5V,467.5
198907,1989-07-01,6,JO5V,474.1
198908,1989-08-01,6,JO5V,466.7
198909,1989-09-01,6,JO5V,467.7
198910,1989-10-01,6,JO5V,466.9
198911,1989-11-01,6,JO5V,468.5
198912,1989-12-01,6,JO5V,514.2
199001,1990-01-01,6,JO5V,469.6
199002,1990-02-01,6,JO5V,477.5
199003,1990-03-01,6,JO5V,476.8
199004,1990-04-01,6,JO5V,487.5
199005,1990-05-01,6,JO5V,485.4
199006,1990-06-01,6,JO5V,469.8
199007,1990-07-01,6,JO5V,481.6
199008,1990-08-01,6,JO5V,476.4
199009,1990-09-01,6,JO5V,469.1
199010,1990-10-01,6,JO5V,470.0
199011,1990-11-01,6,JO5V,463.4
199012,1990-12-01,6,JO5V,501.5
199101,1991-01-01,6,JO5V,451.6
199102,1991-02-01,6,JO5V,456.9
199103,1991-03-01,6,JO5V,448.5
199104,1991-04-01,6,JO5V,426.7
199105,1991-05-01,6,JO5V,426.1
199106,1991-06-01,6,JO5V,431.4
199107,1991-07-01,6,JO5V,437.7
199108,1991-08-01,6,JO5V,444.0
199109,1991-09-01,6,JO5V,444.1
199110,1991-10-01,6,JO5V,432.6
199111,1991-11-01,6,JO5V,415.9
199112,1991-12-01,6,JO5V,425.0
199201,1992-01-01,6,JO5V,437.2
199202,1992-02-01,6,JO5V,437.2
199203,1992-03-01,6,JO5V,424.9
199204,1992-04-01,6,JO5V,421.6
199205,1992-05-01,6,JO5V,422.8
199206,1992-06-01,6,JO5V,427.1
199207,1992-07-01,6,JO5V,407.8
199208,1992-08-01,6,JO5V,405.2
199209,1992-09-01,6,JO5V,413.6
199210,1992-10-01,6,JO5V,412.7
199211,1992-11-01,6,JO5V,415.6
199212,1992-12-01,6,JO5V,392.6
199301,1993-01-01,6,JO5V,417.5
199302,1993-02-01,6,JO5V,408.6
199303,1993-03-01,6,JO5V,412.1
199304,1993-04-01,6,JO5V,411.8
199305,1993-05-01,6,JO5V,402.2
199306,1993-06-01,6,JO5V,404.6
199307,1993-07-01,6,JO5V,398.0
199308,1993-08-01,6,JO5V,398.3
199309,1993-09-01,6,JO5V,399.2
199310,1993-10-01,6,JO5V,398.6
199311,1993-11-01,6,JO5V,397.7
199312,1993-12-01,6,JO5V,366.1
199401,1994-01-01,6,JO5V,395.3
199402,1994-02-01,6,JO5V,390.8
199403,1994-03-01,6,JO5V,395.0
199404,1994-04-01,6,JO5V,395.7
199405,1994-05-01,6,JO5V,396.1
199406,1994-06-01,6,JO5V,394.3
199407,1994-07-01,6,JO5V,401.0
199408,1994-08-01,6,JO5V,386.8
199409,1994-09-01,6,JO5V,383.1
199410,1994-10-01,6,JO5V,388.3
199411,1994-11-01,6,JO5V,390.0
199412,1994-12-01,6,JO5V,372.4
199501,1995-01-01,6,JO5V,365.7
199502,1995-02-01,6,JO5V,381.9
199503,1995-03-01,6,JO5V,373.6
199504,1995-04-01,6,JO5V,386.5
199505,1995-05-01,6,JO5V,390.8
199506,1995-06-01,6,JO5V,380.2
199507,1995-07-01,6,JO5V,386.9
199508,1995-08-01,6,JO5V,392.4
199509,1995-09-01,6,JO5V,381.6
199510,1995-10-01,6,JO5V,383.2
199511,1995-11-01,6,JO5V,381.3
199512,1995-12-01,6,JO5V,368.9
199601,1996-01-01,6,JO5V,374.2
199602,1996-02-01,6,JO5V,377.0
199603,1996-03-01,6,JO5V,378.0
199604,1996-04-01,6,JO5V,370.5
199605,1996-05-01,6,JO5V,368.1
199606,1996-06-01,6,JO5V,376.5
199607,1996-07-01,6,JO5V,369.1
199608,1996-08-01,6,JO5V,365.2
199609,1996-09-01,6,JO5V,371.8
199610,1996-10-01,6,JO5V,372.5
199611,1996-11-01,6,JO5V,364.0
199612,1996-12-01,6,JO5V,336.2
199701,1997-01-01,6,JO5V,380.0
199702,1997-02-01,6,JO5V,367.8
199703,1997-03-01,6,JO5V,376.6
199704,1997-04-01,6,JO5V,372.2
199705,1997-05-01,6,JO5V,366.1
199706,1997-06-01,6,JO5V,364.1
199707,1997-07-01,6,JO5V,365.4
199708,1997-08-01,6,JO5V,364.6
199709,1997-09-01,6,JO5V,363.9
199710,1997-10-01,6,JO5V,363.1
199711,1997-11-01,6,JO5V,365.3
199712,1997-12-01,6,JO5V,348.8
199801,1998-01-01,6,JO5V,365.4
199802,1998-02-01,6,JO5V,361.4
199803,1998-03-01,6,JO5V,360.1
199804,1998-04-01,6,JO5V,362.3
199805,1998-05-01,6,JO5V,365.8
199806,1998-06-01,6,JO5V,364.7
199807,1998-07-01,6,JO5V,357.3
199808,1998-08-01,6,JO5V,360.3
199809,1998-09-01,6,JO5V,358.3
199810,1998-10-01,6,JO5V,349.7
199811,1998-11-01,6,JO5V,353.1
199812,1998-12-01,6,JO5V,335.0
199901,1999-01-01,6,JO5V,353.0
199902,1999-02-01,6,JO5V,357.9
199903,1999-03-01,6,JO5V,361.7
199904,1999-04-01,6,JO5V,355.3
199905,1999-05-01,6,JO5V,359.5
199906,1999-06-01,6,JO5V,363.8
199907,1999-07-01,6,JO5V,355.8
199908,1999-08-01,6,JO5V,346.3
199909,1999-09-01,6,JO5V,366.7
199910,1999-10-01,6,JO5V,358.9
199911,1999-11-01,6,JO5V,357.8
199912,1999-12-01,6,JO5V,355.7
200001,2000-01-01,6,JO5V,356.3
200002,2000-02-01,6,JO5V,352.2
200003,2000-03-01,6,JO5V,337.0
200004,2000-04-01,6,JO5V,336.7
200005,2000-05-01,6,JO5V,327.3
200006,2000-06-01,6,JO5V,319.2
200007,2000-07-01,6,JO5V,323.9
200008,2000-08-01,6,JO5V,323.9
200009,2000-09-01,6,JO5V,321.2
200010,2000-10-01,6,JO5V,334.3
200011,2000-11-01,6,JO5V,335.9
200012,2000-12-01,6,JO5V,343.2
200101,2001-01-01,6,JO5V,305.5
200102,2001-02-01,6,JO5V,339.8
200103,2001-03-01,6,JO5V,337.8
200104,2001-04-01,6,JO5V,347.9
200105,2001-05-01,6,JO5V,352.4
200106,2001-06-01,6,JO5V,347.7
200107,2001-07-01,6,JO5V,351.4
200108,2001-08-01,6,JO5V,348.4
200109,2001-09-01,6,JO5V,334.9
200110,2001-10-01,6,JO5V,343.2
200111,2001-11-01,6,JO5V,337.3
200112,2001-12-01,6,JO5V,337.2
200201,2002-01-01,6,JO5V,338.6
200202,2002-02-01,6,JO5V,336.9
200203,2002-03-01,6,JO5V,338.4
200204,2002-04-01,6,JO5V,327.5
200205,2002-05-01,6,JO5V,329.3
200206,2002-06-01,6,JO5V,324.4
200207,2002-07-01,6,JO5V,324.4
200208,2002-08-01,6,JO5V,323.7
200209,2002-09-01,6,JO5V,323.2
200210,2002-10-01,6,JO5V,311.2
200211,2002-11-01,6,JO5V,312.4
200212,2002-12-01,6,JO5V,309.3
200301,2003-01-01,6,JO5V,310.4
200302,2003-02-01,6,JO5V,305.4
200303,2003-03-01,6,JO5V,302.1
200304,2003-04-01,6,JO5V,300.5
200305,2003-05-01,6,JO5V,298.4
200306,2003-06-01,6,JO5V,297.9
200307,2003-07-01,6,JO5V,296.3
200308,2003-08-01,6,JO5V,277.7
200309,2003-09-01,6,JO5V,282.6
200310,2003-10-01,6,JO5V,286.9
200311,2003-11-01,6,JO5V,280.4
200312,2003-12-01,6,JO5V,277.4
200401,2004-01-01,6,JO5V,280.6
200402,2004-02-01,6,JO5V,275.6
200403,2004-03-01,6,JO5V,280.1
200404,2004-04-01,6,JO5V,275.9
200405,2004-05-01,6,JO5V,271.4
200406,2004-06-01,6,JO5V,270.9
200407,2004-07-01,6,JO5V,270.3
200408,2004-08-01,6,JO5V,282.5
200409,2004-09-01,6,JO5V,273.9
200410,2004-10-01,6,JO5V,268.0
200411,2004-11-01,6,JO5V,269.7
200412,2004-12-01,6,JO5V,271.0
200501,2005-01-01,6,JO5V,254.3
200502,2005-02-01,6,JO5V,251.2
200503,2005-03-01,6,JO5V,258.0
200504,2005-04-01,6,JO5V,260.5
200505,2005-05-01,6,JO5V,258.1
200506,2005-06-01,6,JO5V,263.1
200507,2005-07-01,6,JO5V,251.1
200508,2005-08-01,6,JO5V,248.3
200509,2005-09-01,6,JO5V,249.9
200510,2005-10-01,6,JO5V,247.5
200511,2005-11-01,6,JO5V,250.1
200512,2005-12-01,6,JO5V,239.5
200601,2006-01-01,6,JO5V,240.7
200602,2006-02-01,6,JO5V,242.2
200603,2006-03-01,6,JO5V,233.6
200604,2006-04-01,6,JO5V,235.8
200605,2006-05-01,6,JO5V,230.8
200606,2006-06-01,6,JO5V,238.3
200607,2006-07-01,6,JO5V,251.3
200608,2006-08-01,6,JO5V,240.7
200609,2006-09-01,6,JO5V,238.4
200610,2006-10-01,6,JO5V,243.4
200611,2006-11-01,6,JO5V,234.2
200612,2006-12-01,6,JO5V,251.2
200701,2007-01-01,6,JO5V,230.5
200702,2007-02-01,6,JO5V,222.2
200703,2007-03-01,6,JO5V,233.7
200704,2007-04-01,6,JO5V,236.4
200705,2007-05-01,6,JO5V,229.1
200706,2007-06-01,6,JO5V,219.5
200707,2007-07-01,6,JO5V,216.5
200708,2007-08-01,6,JO5V,216.7
200709,2007-09-01,6,JO5V,211.7
200710,2007-10-01,6,JO5V,206.9
200711,2007-11-01,6,JO5V,210.7
200712,2007-12-01,6,JO5V,219.3
200801,2008-01-01,6,JO5V,230.0
200802,2008-02-01,6,JO5V,220.1
200803,2008-03-01,6,JO5V,218.3
200804,2008-04-01,6,JO5V,217.0
200805,2008-05-01,6,JO5V,226.6
200806,2008-06-01,6,JO5V,217.5
200807,2008-07-01,6,JO5V,221.8
200808,2008-08-01,6,JO5V,212.8
200809,2008-09-01,6,JO5V,220.5
200810,2008-10-01,6,JO5V,220.0
200811,2008-11-01,6,JO5V,213.4
200812,2008-12-01,6,JO5V,197.8
200901,2009-01-01,6,JO5V,185.9
200902,2009-02-01,6,JO5V,198.1
200903,2009-03-01,6,JO5V,192.6
200904,2009-04-01,6,JO5V,188.7
200905,2009-05-01,6,JO5V,187.0
200906,2009-06-01,6,JO5V,192.2
200907,2009-07-01,6,JO5V,186.7
200908,2009-08-01,6,JO5V,190.6
200909,2009-09-01,6,JO5V,186.4
200910,2009-10-01,6,JO5V,183.5
200911,2009-11-01,6,JO5V,176.8
200912,2009-12-01,6,JO5V,172.5
201001,2010-01-01,6,JO5V,176.5
201002,2010-02-01,6,JO5V,159.9
201003,2010-03-01,6,JO5V,161.3
201004,2010-04-01,6,JO5V,149.4
201005,2010-05-01,6,JO5V,148.6
201006,2010-06-01,6,JO5V,144.7
201007,2010-07-01,6,JO5V,139.6
201008,2010-08-01,6,JO5V,134.9
201009,2010-09-01,6,JO5V,120.4
201010,2010-10-01,6,JO5V,120.3
201011,2010-11-01,6,JO5V,129.1
201012,2010-12-01,6,JO5V,106.0
201101,2011-01-01,6,JO5V,131.7
201102,2011-02-01,6,JO5V,137.6
201103,2011-03-01,6,JO5V,136.4
201104,2011-04-01,6,JO5V,138.3
201105,2011-05-01,6,JO5V,125.1
201106,2011-06-01,6,JO5V,138.3
201107,2011-07-01,6,JO5V,134.8
201108,2011-08-01,6,JO5V,136.8
201109,2011-09-01,6,JO5V,142.1
201110,2011-10-01,6,JO5V,152.9
201111,2011-11-01,6,JO5V,140.3
201112,2011-12-01,6,JO5V,139.3
201201,2012-01-01,6,JO5V,133.3
201202,2012-02-01,6,JO5V,126.0
201203,2012-03-01,6,JO5V,119.5
201204,2012-04-01,6,JO5V,119.6
201205,2012-05-01,6,JO5V,120.5
201206,2012-06-01,6,JO5V,115.9
201207,2012-07-01,6,JO5V,121.0
201208,2012-08-01,6,JO5V,124.0
201209,2012-09-01,6,JO5V,111.3
201210,2012-10-01,6,JO5V,92.7
201211,2012-11-01,6,JO5V,98.9
201212,2012-12-01,6,JO5V,86.9
201301,2013-01-01,6,JO5V,111.8
201302,2013-02-01,6,JO5V,107.8
201303,2013-03-01,6,JO5V,109.2
201304,2013-04-01,6,JO5V,109.7
201305,2013-05-01,6,JO5V,102.9
201306,2013-06-01,6,JO5V,100.3
201307,2013-07-01,6,JO5V,102.2
201308,2013-08-01,6,JO5V,100.3
201309,2013-09-01,6,JO5V,102.8
201310,2013-10-01,6,JO5V,104.5
201311,2013-11-01,6,JO5V,107.9
201312,2013-12-01,6,JO5V,103.0
201401,2014-01-01,6,JO5V,107.3
201402,2014-02-01,6,JO5V,103.3
201403,2014-03-01,6,JO5V,104.3
201404,2014-04-01,6,JO5V,116.5
201405,2014-05-01,6,JO5V,99.1
201406,2014-06-01,6,JO5V,97.7
201407,2014-07-01,6,JO5V,100.2
201408,2014-08-01,6,JO5V,102.7
201409,2014-09-01,6,JO5V,107.0
201410,2014-10-01,6,JO5V,110.4
201411,2014-11-01,6,JO5V,110.5
201412,2014-12-01,6,JO5V,116.5
201501,2015-01-01,6,JO5V,121.4
201502,2015-02-01,6,JO5V,114.0
201503,2015-03-01,6,JO5V,111.6
201504,2015-04-01,6,JO5V,112.4
201505,2015-05-01,6,JO5V,118.5
201506,2015-06-01,6,JO5V,118.7
201507,2015-07-01,6,JO5V,120.1
201508,2015-08-01,6,JO5V,120.4
201509,2015-09-01,6,JO5V,127.2
201510,2015-10-01,6,JO5V,122.6
201511,2015-11-01,6,JO5V,124.7
201512,2015-12-01,6,JO5V,126.7
201601,2016-01-01,6,JO5V,123.2
201602,2016-02-01,6,JO5V,139.9
201603,2016-03-01,6,JO5V,137.0
201604,2016-04-01,6,JO5V,138.8
201605,2016-05-01,6,JO5V,138.6
201606,2016-06-01,6,JO5V,145.2
201607,2016-07-01,6,JO5V,142.1
201608,2016-08-01,6,JO5V,141.5
201609,2016-09-01,6,JO5V,132.0
201610,2016-10-01,6,JO5V,134.6
201611,2016-11-01,6,JO5V,136.1
201612,2016-12-01,6,JO5V,133.9
201701,2017-01-01,6,JO5V,124.4
201702,2017-02-01,6,JO5V,125.7
201703,2017-03-01,6,JO5V,114.7
201704,2017-04-01,6,JO5V,117.6
201705,2017-05-01,6,JO5V,113.9
201706,2017-06-01,6,JO5V,126.2
201707,2017-07-01,6,JO5V,105.8
201708,2017-08-01,6,JO5V,100.8
201709,2017-09-01,6,JO5V,111.1
201710,2017-10-01,6,JO5V,112.5
201711,2017-11-01,6,JO5V,113.3
201712,2017-12-01,6,JO5V,114.7
201801,2018-01-01,6,JO5V,109.2
201802,2018-02-01,6,JO5V,107.7
201803,2018-03-01,6,JO5V,111.2
201804,2018-04-01,6,JO5V,108.1
201805,2018-05-01,6,JO5V,113.4
201806,2018-06-01,6,JO5V,105.4
201807,2018-07-01,6,JO5V,101.9
201808,2018-08-01,6,JO5V,104.4
201809,2018-09-01,6,JO5V,100.2
201810,2018-10-01,6,JO5V,97.5
201811,2018-11-01,6,JO5V,95.2
201812,2018-12-01,6,JO5V,87.6
201901,2019-01-01,6,JO5V,103.3
201902,2019-02-01,6,JO5V,96.5
201903,2019-03-01,6,JO5V,104.8
201904,2019-04-01,6,JO5V,90.6
201905,2019-05-01,6,JO5V,106.4
201906,2019-06-01,6,JO5V,115.3
201907,2019-07-01,6,JO5V,123.7
201908,2019-08-01,6,JO5V,120.5
201909,2019-09-01,6,JO5V,123.7
201910,2019-10-01,6,JO5V,126.8
201911,2019-11-01,6,JO5V,118.5
201912,2019-12-01,6,JO5V,166.3
202001,2020-01-01,6,JO5V,118.1
202002,2020-02-01,6,JO5V,111.6
202003,2020-03-01,6,JO5V,133.9
202004,2020-04-01,6,JO5V,122.2
202005,2020-05-01,6,JO5V,119.8
202006,2020-06-01,6,JO5V,114.6
202007,2020-07-01,6,JO5V,114.5
202008,2020-08-01,6,JO5V,116.5
202009,2020-09-01,6,JO5V,112.9
202010,2020-10-01,6,JO5V,112.6
202011,2020-11-01,6,JO5V,119.6
202012,2020-12-01,6,JO5V,118.1
202101,2021-01-01,6,JO5V,131.2
202102,2021-02-01,6,JO5V,142.8
202103,2021-03-01,6,JO5V,147.4
202104,2021-04-01,6,JO5V,141.8
202105,2021-05-01,6,JO5V,144.6
202106,2021-06-01,6,JO5V,159.4
202107,2021-07-01,6,JO5V,172.4
202108,2021-08-01,6,JO5V,160.5
202109,2021-09-01,6,JO5V,155.4
202110,2021-10-01,6,JO5V,160.3
202111,2021-11-01,6,JO5V,173.8
202112,2021-12-01,6,JO5V,187.8
202201,2022-01-01,6,JO5V,140.9
202202,2022-02-01,6,JO5V,119.6
202203,2022-03-01,6,JO5V,112.3
202204,2022-04-01,6,JO5V,118.4
202205,2022-05-01,6,JO5V,117.9
202206,2022-06-01,6,JO5V,123.7
202207,2022-07-01,6,JO5V,103.9
202208,2022-08-01,6,JO5V,103.5
202209,2022-09-01,6,JO5V,105.1
202210,2022-10-01,6,JO5V,114.3
202211,2022-11-01,6,JO5V,119.7
202212,2022-12-01,6,JO5V,125.3
202301,2023-01-01,6,JO5V,112.4
202302,2023-02-01,6,JO5V,109.8
202303,2023-03-01,6,JO5V,106.0
202304,2023-04-01,6,JO5V,110.4
202305,2023-05-01,6,JO5V,104.2
202306,2023-06-01,6,JO5V,97.2
202307,2023-07-01,6,JO5V,97.8
202308,2023-08-01,6,JO5V,100.3
202309,2023-09-01,6,JO5V,96.8
202310,2023-10-01,6,JO5V,91.1
202311,2023-11-01,6,JO5V,87.1
202312,2023-12-01,6,JO5V,89.6
202401,2024-01-01,6,JO5V,103.7
202402,2024-02-01,6,JO5V,96.8
202403,2024-03-01,6,JO5V,93.3
202404,2024-04-01,6,JO5V,94.5
202405,2024-05-01,6,JO5V,95.1
202406,2024-06-01,6,JO5V,91.2
202407,2024-07-01,6,JO5V,98.7
202408,2024-08-01,6,JO5V,97.6
202409,2024-09-01,6,JO5V,109.0
202410,2024-10-01,6,JO5V,109.2
202411,2024-11-01,6,JO5V,113.6
202412,2024-12-01,6,JO5V,112.9
202501,2025-01-01,6,JO5V,115.0
202502,2025-02-01,6,JO5V,104.4
202503,2025-03-01,6,JO5V,106.6
202504,2025-04-01,6,JO5V,102.1
202505,2025-05-01,6,JO5V,99.4
202506,2025-06-01,6,JO5V,98.8
202507,2025-07-01,6,JO5V,98.0
202508,2025-08-01,6,JO5V,100.1
202509,2025-09-01,6,JO5V,98.3
202510,2025-10-01,6,JO5V,89.5
202511,2025-11-01,6,JO5V,84.2
202512,2025-12-01,6,JO5V,84.9
202601,2026-01-01,6,JO5V,114.6
202602,2026-02-01,6,JO5V,99.2
202603,2026-03-01,6,JO5V,96.9
202604,2026-04-01,6,JO5V,95.3
202605,2026-05-01,6,JO5V,101.3
202606,2026-06-01,6,JO5V,110.3
198801,1988-01-01,7,EAPV,48.8
198802,1988-02-01,7,EAPV,47.5
198803,1988-03-01,7,EAPV,47.6
198804,1988-04-01,7,EAPV,48.9
198805,1988-05-01,7,EAPV,48.6
198806,1988-06-01,7,EAPV,49.5
198807,1988-07-01,7,EAPV,50.8
198808,1988-08-01,7,EAPV,50.5
198809,1988-09-01,7,EAPV,50.3
198810,1988-10-01,7,EAPV,51.1
198811,1988-11-01,7,EAPV,51.5
198812,1988-12-01,7,EAPV,51.3
198901,1989-01-01,7,EAPV,51.4
198902,1989-02-01,7,EAPV,51.3
198903,1989-03-01,7,EAPV,51.1
198904,1989-04-01,7,EAPV,51.6
198905,1989-05-01,7,EAPV,52.1
198906,1989-06-01,7,EAPV,50.8
198907,1989-07-01,7,EAPV,50.4
198908,1989-08-01,7,EAPV,51.4
198909,1989-09-01,7,EAPV,51.8
198910,1989-10-01,7,EAPV,51.7
198911,1989-11-01,7,EAPV,51.5
198912,1989-12-01,7,EAPV,52.2
199001,1990-01-01,7,EAPV,52.8
199002,1990-02-01,7,EAPV,53.6
199003,1990-03-01,7,EAPV,53.1
199004,1990-04-01,7,EAPV,52.5
199005,1990-05-01,7,EAPV,53.6
199006,1990-06-01,7,EAPV,52.1
199007,1990-07-01,7,EAPV,52.8
199008,1990-08-01,7,EAPV,52.1
199009,1990-09-01,7,EAPV,51.8
199010,1990-10-01,7,EAPV,51.5
199011,1990-11-01,7,EAPV,50.4
199012,1990-12-01,7,EAPV,51.7
199101,1991-01-01,7,EAPV,50.4
199102,1991-02-01,7,EAPV,49.5
199103,1991-03-01,7,EAPV,53.1
199104,1991-04-01,7,EAPV,51.0
199105,1991-05-01,7,EAPV,50.2
199106,1991-06-01,7,EAPV,50.6
199107,1991-07-01,7,EAPV,51.3
199108,1991-08-01,7,EAPV,49.8
199109,1991-09-01,7,EAPV,49.8
199110,1991-10-01,7,EAPV,49.8
199111,1991-11-01,7,EAPV,50.6
199112,1991-12-01,7,EAPV,49.4
199201,1992-01-01,7,EAPV,49.7
199202,1992-02-01,7,EAPV,49.9
199203,1992-03-01,7,EAPV,49.5
199204,1992-04-01,7,EAPV,50.2
199205,1992-05-01,7,EAPV,50.8
199206,1992-06-01,7,EAPV,50.4
199207,1992-07-01,7,EAPV,49.6
199208,1992-08-01,7,EAPV,51.1
199209,1992-09-01,7,EAPV,50.0
199210,1992-10-01,7,EAPV,50.1
199211,1992-11-01,7,EAPV,50.2
199212,1992-12-01,7,EAPV,50.2
199301,1993-01-01,7,EAPV,50.7
199302,1993-02-01,7,EAPV,51.2
199303,1993-03-01,7,EAPV,50.9
199304,1993-04-01,7,EAPV,51.3
199305,1993-05-01,7,EAPV,50.9
199306,1993-06-01,7,EAPV,51.8
199307,1993-07-01,7,EAPV,51.3
199308,1993-08-01,7,EAPV,52.0
199309,1993-09-01,7,EAPV,51.9
199310,1993-10-01,7,EAPV,52.1
199311,1993-11-01,7,EAPV,52.1
199312,1993-12-01,7,EAPV,52.5
199401,1994-01-01,7,EAPV,53.5
199402,1994-02-01,7,EAPV,51.8
199403,1994-03-01,7,EAPV,53.0
199404,1994-04-01,7,EAPV,52.6
199405,1994-05-01,7,EAPV,53.4
199406,1994-06-01,7,EAPV,53.2
199407,1994-07-01,7,EAPV,52.9
199408,1994-08-01,7,EAPV,53.6
199409,1994-09-01,7,EAPV,54.2
199410,1994-10-01,7,EAPV,53.8
199411,1994-11-01,7,EAPV,53.4
199412,1994-12-01,7,EAPV,54.1
199501,1995-01-01,7,EAPV,52.7
199502,1995-02-01,7,EAPV,53.4
199503,1995-03-01,7,EAPV,53.3
199504,1995-04-01,7,EAPV,53.1
199505,1995-05-01,7,EAPV,53.1
199506,1995-06-01,7,EAPV,52.7
199507,1995-07-01,7,EAPV,53.3
199508,1995-08-01,7,EAPV,52.8
199509,1995-09-01,7,EAPV,53.8
199510,1995-10-01,7,EAPV,54.0
199511,1995-11-01,7,EAPV,54.3
199512,1995-12-01,7,EAPV,55.2
199601,1996-01-01,7,EAPV,53.3
199602,1996-02-01,7,EAPV,54.2
199603,1996-03-01,7,EAPV,54.7
199604,1996-04-01,7,EAPV,55.8
199605,1996-05-01,7,EAPV,55.5
199606,1996-06-01,7,EAPV,56.5
199607,1996-07-01,7,EAPV,55.5
199608,1996-08-01,7,EAPV,56.0
199609,1996-09-01,7,EAPV,57.1
199610,1996-10-01,7,EAPV,56.8
199611,1996-11-01,7,EAPV,58.1
199612,1996-12-01,7,EAPV,56.4
199701,1997-01-01,7,EAPV,56.3
199702,1997-02-01,7,EAPV,57.5
199703,1997-03-01,7,EAPV,57.9
199704,1997-04-01,7,EAPV,58.3
199705,1997-05-01,7,EAPV,57.5
199706,1997-06-01,7,EAPV,59.8
199707,1997-07-01,7,EAPV,59.1
199708,1997-08-01,7,EAPV,58.1
199709,1997-09-01,7,EAPV,58.3
199710,1997-10-01,7,EAPV,59.6
199711,1997-11-01,7,EAPV,59.8
199712,1997-12-01,7,EAPV,59.6
199801,1998-01-01,7,EAPV,59.9
199802,1998-02-01,7,EAPV,59.8
199803,1998-03-01,7,EAPV,59.4
199804,1998-04-01,7,EAPV,59.6
199805,1998-05-01,7,EAPV,60.5
199806,1998-06-01,7,EAPV,58.8
199807,1998-07-01,7,EAPV,60.1
199808,1998-08-01,7,EAPV,60.2
199809,1998-09-01,7,EAPV,59.9
199810,1998-10-01,7,EAPV,59.2
199811,1998-11-01,7,EAPV,60.0
199812,1998-12-01,7,EAPV,59.8
199901,1999-01-01,7,EAPV,60.8
199902,1999-02-01,7,EAPV,60.3
199903,1999-03-01,7,EAPV,60.5
199904,1999-04-01,7,EAPV,60.8
199905,1999-05-01,7,EAPV,61.9
199906,1999-06-01,7,EAPV,61.9
199907,1999-07-01,7,EAPV,62.1
199908,1999-08-01,7,EAPV,63.0
199909,1999-09-01,7,EAPV,62.2
199910,1999-10-01,7,EAPV,63.1
199911,1999-11-01,7,EAPV,63.4
199912,1999-12-01,7,EAPV,63.1
200001,2000-01-01,7,EAPV,65.7
200002,2000-02-01,7,EAPV,63.3
200003,2000-03-01,7,EAPV,64.0
200004,2000-04-01,7,EAPV,63.5
200005,2000-05-01,7,EAPV,64.3
200006,2000-06-01,7,EAPV,64.5
200007,2000-07-01,7,EAPV,65.3
200008,2000-08-01,7,EAPV,66.0
200009,2000-09-01,7,EAPV,65.6
200010,2000-10-01,7,EAPV,66.4
200011,2000-11-01,7,EAPV,65.7
200012,2000-12-01,7,EAPV,66.6
200101,2001-01-01,7,EAPV,69.0
200102,2001-02-01,7,EAPV,69.7
200103,2001-03-01,7,EAPV,69.1
200104,2001-04-01,7,EAPV,70.3
200105,2001-05-01,7,EAPV,71.7
200106,2001-06-01,7,EAPV,71.1
200107,2001-07-01,7,EAPV,71.9
200108,2001-08-01,7,EAPV,72.4
200109,2001-09-01,7,EAPV,72.9
200110,2001-10-01,7,EAPV,73.1
200111,2001-11-01,7,EAPV,73.8
200112,2001-12-01,7,EAPV,75.7
200201,2002-01-01,7,EAPV,75.3
200202,2002-02-01,7,EAPV,76.8
200203,2002-03-01,7,EAPV,77.5
200204,2002-04-01,7,EAPV,78.9
200205,2002-05-01,7,EAPV,77.4
200206,2002-06-01,7,EAPV,76.1
200207,2002-07-01,7,EAPV,77.9
200208,2002-08-01,7,EAPV,77.4
200209,2002-09-01,7,EAPV,77.8
200210,2002-10-01,7,EAPV,78.3
200211,2002-11-01,7,EAPV,80.0
200212,2002-12-01,7,EAPV,77.7
200301,2003-01-01,7,EAPV,77.6
200302,2003-02-01,7,EAPV,78.2
200303,2003-03-01,7,EAPV,78.7
200304,2003-04-01,7,EAPV,78.8
200305,2003-05-01,7,EAPV,78.7
200306,2003-06-01,7,EAPV,79.6
200307,2003-07-01,7,EAPV,80.0
200308,2003-08-01,7,EAPV,79.1
200309,2003-09-01,7,EAPV,80.9
200310,2003-10-01,7,EAPV,81.1
200311,2003-11-01,7,EAPV,81.7
200312,2003-12-01,7,EAPV,81.6
200401,2004-01-01,7,EAPV,83.7
200402,2004-02-01,7,EAPV,83.3
200403,2004-03-01,7,EAPV,83.6
200404,2004-04-01,7,EAPV,84.1
200405,2004-05-01,7,EAPV,84.3
200406,2004-06-01,7,EAPV,84.9
200407,2004-07-01,7,EAPV,85.0
200408,2004-08-01,7,EAPV,84.5
200409,2004-09-01,7,EAPV,85.5
200410,2004-10-01,7,EAPV,84.4
200411,2004-11-01,7,EAPV,85.1
200412,2004-12-01,7,EAPV,84.2
200501,2005-01-01,7,EAPV,84.4
200502,2005-02-01,7,EAPV,84.4
200503,2005-03-01,7,EAPV,84.3
200504,2005-04-01,7,EAPV,83.8
200505,2005-05-01,7,EAPV,83.5
200506,2005-06-01,7,EAPV,84.4
200507,2005-07-01,7,EAPV,84.1
200508,2005-08-01,7,EAPV,84.2
200509,2005-09-01,7,EAPV,84.8
200510,2005-10-01,7,EAPV,84.9
200511,2005-11-01,7,EAPV,86.0
200512,2005-12-01,7,EAPV,85.5
200601,2006-01-01,7,EAPV,85.5
200602,2006-02-01,7,EAPV,84.8
200603,2006-03-01,7,EAPV,85.1
200604,2006-04-01,7,EAPV,86.4
200605,2006-05-01,7,EAPV,86.7
200606,2006-06-01,7,EAPV,86.5
200607,2006-07-01,7,EAPV,86.0
200608,2006-08-01,7,EAPV,86.9
200609,2006-09-01,7,EAPV,86.0
200610,2006-10-01,7,EAPV,87.6
200611,2006-11-01,7,EAPV,88.0
200612,2006-12-01,7,EAPV,88.8
200701,2007-01-01,7,EAPV,86.9
200702,2007-02-01,7,EAPV,88.8
200703,2007-03-01,7,EAPV,89.4
200704,2007-04-01,7,EAPV,89.8
200705,2007-05-01,7,EAPV,89.2
200706,2007-06-01,7,EAPV,90.0
200707,2007-07-01,7,EAPV,89.9
200708,2007-08-01,7,EAPV,90.0
200709,2007-09-01,7,EAPV,90.7
200710,2007-10-01,7,EAPV,89.5
200711,2007-11-01,7,EAPV,89.4
200712,2007-12-01,7,EAPV,88.6
200801,2008-01-01,7,EAPV,89.3
200802,2008-02-01,7,EAPV,92.2
200803,2008-03-01,7,EAPV,89.7
200804,2008-04-01,7,EAPV,88.7
200805,2008-05-01,7,EAPV,92.8
200806,2008-06-01,7,EAPV,88.5
200807,2008-07-01,7,EAPV,88.7
200808,2008-08-01,7,EAPV,89.5
200809,2008-09-01,7,EAPV,88.8
200810,2008-10-01,7,EAPV,87.4
200811,2008-11-01,7,EAPV,88.4
200812,2008-12-01,7,EAPV,90.0
200901,2009-01-01,7,EAPV,89.3
200902,2009-02-01,7,EAPV,86.9
200903,2009-03-01,7,EAPV,87.6
200904,2009-04-01,7,EAPV,87.8
200905,2009-05-01,7,EAPV,87.6
200906,2009-06-01,7,EAPV,87.8
200907,2009-07-01,7,EAPV,89.1
200908,2009-08-01,7,EAPV,88.4
200909,2009-09-01,7,EAPV,88.3
200910,2009-10-01,7,EAPV,89.2
200911,2009-11-01,7,EAPV,89.2
200912,2009-12-01,7,EAPV,88.7
201001,2010-01-01,7,EAPV,84.2
201002,2010-02-01,7,EAPV,89.7
201003,2010-03-01,7,EAPV,89.2
201004,2010-04-01,7,EAPV,89.2
201005,2010-05-01,7,EAPV,89.0
201006,2010-06-01,7,EAPV,88.7
201007,2010-07-01,7,EAPV,89.9
201008,2010-08-01,7,EAPV,90.5
201009,2010-09-01,7,EAPV,88.8
201010,2010-10-01,7,EAPV,89.0
201011,2010-11-01,7,EAPV,88.7
201012,2010-12-01,7,EAPV,87.0
201101,2011-01-01,7,EAPV,89.1
201102,2011-02-01,7,EAPV,88.3
201103,2011-03-01,7,EAPV,87.4
201104,2011-04-01,7,EAPV,89.1
201105,2011-05-01,7,EAPV,87.4
201106,2011-06-01,7,EAPV,86.9
201107,2011-07-01,7,EAPV,86.9
201108,2011-08-01,7,EAPV,86.1
201109,2011-09-01,7,EAPV,86.4
201110,2011-10-01,7,EAPV,87.1
201111,2011-11-01,7,EAPV,85.9
201112,2011-12-01,7,EAPV,86.8
201201,2012-01-01,7,EAPV,87.2
201202,2012-02-01,7,EAPV,85.9
201203,2012-03-01,7,EAPV,89.0
201204,2012-04-01,7,EAPV,86.9
201205,2012-05-01,7,EAPV,87.4
201206,2012-06-01,7,EAPV,88.6
201207,2012-07-01,7,EAPV,87.7
201208,2012-08-01,7,EAPV,88.0
201209,2012-09-01,7,EAPV,88.0
201210,2012-10-01,7,EAPV,87.4
201211,2012-11-01,7,EAPV,87.0
201212,2012-12-01,7,EAPV,87.0
201301,2013-01-01,7,EAPV,86.2
201302,2013-02-01,7,EAPV,89.3
201303,2013-03-01,7,EAPV,86.3
201304,2013-04-01,7,EAPV,87.4
201305,2013-05-01,7,EAPV,88.6
201306,2013-06-01,7,EAPV,89.6
201307,2013-07-01,7,EAPV,88.2
201308,2013-08-01,7,EAPV,88.0
201309,2013-09-01,7,EAPV,91.1
201310,2013-10-01,7,EAPV,89.6
201311,2013-11-01,7,EAPV,90.2
201312,2013-12-01,7,EAPV,90.6
201401,2014-01-01,7,EAPV,91.9
201402,2014-02-01,7,EAPV,91.7
201403,2014-03-01,7,EAPV,93.5
201404,2014-04-01,7,EAPV,92.5
201405,2014-05-01,7,EAPV,93.3
201406,2014-06-01,7,EAPV,94.1
201407,2014-07-01,7,EAPV,94.1
201408,2014-08-01,7,EAPV,95.2
201409,2014-09-01,7,EAPV,93.5
201410,2014-10-01,7,EAPV,95.5
201411,2014-11-01,7,EAPV,96.2
201412,2014-12-01,7,EAPV,99.1
201501,2015-01-01,7,EAPV,96.0
201502,2015-02-01,7,EAPV,97.9
201503,2015-03-01,7,EAPV,97.7
201504,2015-04-01,7,EAPV,98.5
201505,2015-05-01,7,EAPV,98.0
201506,2015-06-01,7,EAPV,97.7
201507,2015-07-01,7,EAPV,97.9
201508,2015-08-01,7,EAPV,97.5
201509,2015-09-01,7,EAPV,98.4
201510,2015-10-01,7,EAPV,97.8
201511,2015-11-01,7,EAPV,98.1
201512,2015-12-01,7,EAPV,98.6
201601,2016-01-01,7,EAPV,100.6
201602,2016-02-01,7,EAPV,99.8
201603,2016-03-01,7,EAPV,98.5
201604,2016-04-01,7,EAPV,100.8
201605,2016-05-01,7,EAPV,101.4
201606,2016-06-01,7,EAPV,99.7
201607,2016-07-01,7,EAPV,103.1
201608,2016-08-01,7,EAPV,100.8
201609,2016-09-01,7,EAPV,100.9
201610,2016-10-01,7,EAPV,103.8
201611,2016-11-01,7,EAPV,102.5
201612,2016-12-01,7,EAPV,102.3
201701,2017-01-01,7,EAPV,100.7
201702,2017-02-01,7,EAPV,101.9
201703,2017-03-01,7,EAPV,101.1
201704,2017-04-01,7,EAPV,103.6
201705,2017-05-01,7,EAPV,100.5
201706,2017-06-01,7,EAPV,102.9
201707,2017-07-01,7,EAPV,102.7
201708,2017-08-01,7,EAPV,103.9
201709,2017-09-01,7,EAPV,101.9
201710,2017-10-01,7,EAPV,102.5
201711,2017-11-01,7,EAPV,102.9
201712,2017-12-01,7,EAPV,103.4
201801,2018-01-01,7,EAPV,103.1
201802,2018-02-01,7,EAPV,102.4
201803,2018-03-01,7,EAPV,101.3
201804,2018-04-01,7,EAPV,103.0
201805,2018-05-01,7,EAPV,104.2
201806,2018-06-01,7,EAPV,103.4
201807,2018-07-01,7,EAPV,104.3
201808,2018-08-01,7,EAPV,105.8
201809,2018-09-01,7,EAPV,105.6
201810,2018-10-01,7,EAPV,104.1
201811,2018-11-01,7,EAPV,105.8
201812,2018-12-01,7,EAPV,106.0
201901,2019-01-01,7,EAPV,104.7
201902,2019-02-01,7,EAPV,105.3
201903,2019-03-01,7,EAPV,106.3
201904,2019-04-01,7,EAPV,106.0
201905,2019-05-01,7,EAPV,104.5
201906,2019-06-01,7,EAPV,107.2
201907,2019-07-01,7,EAPV,106.0
201908,2019-08-01,7,EAPV,106.0
201909,2019-09-01,7,EAPV,105.6
201910,2019-10-01,7,EAPV,104.1
201911,2019-11-01,7,EAPV,104.0
201912,2019-12-01,7,EAPV,105.0
202001,2020-01-01,7,EAPV,105.9
202002,2020-02-01,7,EAPV,105.1
202003,2020-03-01,7,EAPV,84.1
202004,2020-04-01,7,EAPV,49.0
202005,2020-05-01,7,EAPV,61.4
202006,2020-06-01,7,EAPV,88.4
202007,2020-07-01,7,EAPV,100.6
202008,2020-08-01,7,EAPV,103.3
202009,2020-09-01,7,EAPV,106.9
202010,2020-10-01,7,EAPV,107.7
202011,2020-11-01,7,EAPV,96.6
202012,2020-12-01,7,EAPV,105.4
202101,2021-01-01,7,EAPV,78.7
202102,2021-02-01,7,EAPV,81.5
202103,2021-03-01,7,EAPV,88.5
202104,2021-04-01,7,EAPV,110.0
202105,2021-05-01,7,EAPV,111.3
202106,2021-06-01,7,EAPV,110.1
202107,2021-07-01,7,EAPV,106.0
202108,2021-08-01,7,EAPV,107.6
202109,2021-09-01,7,EAPV,107.1
202110,2021-10-01,7,EAPV,109.0
202111,2021-11-01,7,EAPV,107.9
202112,2021-12-01,7,EAPV,105.7
202201,2022-01-01,7,EAPV,105.2
202202,2022-02-01,7,EAPV,105.3
202203,2022-03-01,7,EAPV,107.1
202204,2022-04-01,7,EAPV,104.2
202205,2022-05-01,7,EAPV,103.8
202206,2022-06-01,7,EAPV,103.4
202207,2022-07-01,7,EAPV,103.3
202208,2022-08-01,7,EAPV,100.2
202209,2022-09-01,7,EAPV,100.2
202210,2022-10-01,7,EAPV,101.8
202211,2022-11-01,7,EAPV,101.0
202212,2022-12-01,7,EAPV,101.3
202301,2023-01-01,7,EAPV,100.6
202302,2023-02-01,7,EAPV,102.1
202303,2023-03-01,7,EAPV,99.8
202304,2023-04-01,7,EAPV,102.5
202305,2023-05-01,7,EAPV,100.9
202306,2023-06-01,7,EAPV,102.1
202307,2023-07-01,7,EAPV,100.5
202308,2023-08-01,7,EAPV,99.7
202309,2023-09-01,7,EAPV,97.2
202310,2023-10-01,7,EAPV,97.8
202311,2023-11-01,7,EAPV,100.5
202312,2023-12-01,7,EAPV,97.3
202401,2024-01-01,7,EAPV,99.5
202402,2024-02-01,7,EAPV,100.5
202403,2024-03-01,7,EAPV,100.0
202404,2024-04-01,7,EAPV,98.3
202405,2024-05-01,7,EAPV,101.5
202406,2024-06-01,7,EAPV,99.5
202407,2024-07-01,7,EAPV,100.7
202408,2024-08-01,7,EAPV,101.2
202409,2024-09-01,7,EAPV,102.4
202410,2024-10-01,7,EAPV,101.1
202411,2024-11-01,7,EAPV,100.8
202412,2024-12-01,7,EAPV,102.4
202501,2025-01-01,7,EAPV,99.4
202502,2025-02-01,7,EAPV,103.6
202503,2025-03-01,7,EAPV,104.2
202504,2025-04-01,7,EAPV,103.5
202505,2025-05-01,7,EAPV,100.4
202506,2025-06-01,7,EAPV,101.0
202507,2025-07-01,7,EAPV,101.8
202508,2025-08-01,7,EAPV,103.1
202509,2025-09-01,7,EAPV,104.7
202510,2025-10-01,7,EAPV,104.4
202511,2025-11-01,7,EAPV,104.5
202512,2025-12-01,7,EAPV,102.9
202601,2026-01-01,7,EAPV,106.2
202602,2026-02-01,7,EAPV,105.2
202603,2026-03-01,7,EAPV,106.2
202604,2026-04-01,7,EAPV,106.2
202605,2026-05-01,7,EAPV,107.2
202606,2026-06-01,7,EAPV,107.9
198801,1988-01-01,8,EAPU,50.9
198802,1988-02-01,8,EAPU,50.3
198803,1988-03-01,8,EAPU,50.4
198804,1988-04-01,8,EAPU,51.0
198805,1988-05-01,8,EAPU,50.8
198806,1988-06-01,8,EAPU,51.6
198807,1988-07-01,8,EAPU,51.7
198808,1988-08-01,8,EAPU,51.8
198809,1988-09-01,8,EAPU,52.0
198810,1988-10-01,8,EAPU,52.7
198811,1988-11-01,8,EAPU,52.5
198812,1988-12-01,8,EAPU,51.3
198901,1989-01-01,8,EAPU,52.1
198902,1989-02-01,8,EAPU,52.1
198903,1989-03-01,8,EAPU,52.4
198904,1989-04-01,8,EAPU,51.5
198905,1989-05-01,8,EAPU,52.7
198906,1989-06-01,8,EAPU,51.4
198907,1989-07-01,8,EAPU,50.5
198908,1989-08-01,8,EAPU,52.3
198909,1989-09-01,8,EAPU,52.1
198910,1989-10-01,8,EAPU,51.7
198911,1989-11-01,8,EAPU,51.3
198912,1989-12-01,8,EAPU,51.0
199001,1990-01-01,8,EAPU,51.2
199002,1990-02-01,8,EAPU,53.1
199003,1990-03-01,8,EAPU,52.5
199004,1990-04-01,8,EAPU,52.4
199005,1990-05-01,8,EAPU,53.3
199006,1990-06-01,8,EAPU,52.0
199007,1990-07-01,8,EAPU,52.0
199008,1990-08-01,8,EAPU,52.6
199009,1990-09-01,8,EAPU,52.4
199010,1990-10-01,8,EAPU,51.0
199011,1990-11-01,8,EAPU,49.3
199012,1990-12-01,8,EAPU,51.0
199101,1991-01-01,8,EAPU,51.4
199102,1991-02-01,8,EAPU,50.1
199103,1991-03-01,8,EAPU,52.2
199104,1991-04-01,8,EAPU,51.6
199105,1991-05-01,8,EAPU,51.7
199106,1991-06-01,8,EAPU,51.6
199107,1991-07-01,8,EAPU,53.1
199108,1991-08-01,8,EAPU,51.2
199109,1991-09-01,8,EAPU,51.1
199110,1991-10-01,8,EAPU,51.3
199111,1991-11-01,8,EAPU,51.9
199112,1991-12-01,8,EAPU,49.2
199201,1992-01-01,8,EAPU,51.4
199202,1992-02-01,8,EAPU,50.9
199203,1992-03-01,8,EAPU,50.0
199204,1992-04-01,8,EAPU,52.0
199205,1992-05-01,8,EAPU,50.9
199206,1992-06-01,8,EAPU,51.7
199207,1992-07-01,8,EAPU,52.2
199208,1992-08-01,8,EAPU,52.2
199209,1992-09-01,8,EAPU,51.8
199210,1992-10-01,8,EAPU,52.2
199211,1992-11-01,8,EAPU,51.5
199212,1992-12-01,8,EAPU,52.8
199301,1993-01-01,8,EAPU,53.4
199302,1993-02-01,8,EAPU,53.0
199303,1993-03-01,8,EAPU,52.4
199304,1993-04-01,8,EAPU,53.0
199305,1993-05-01,8,EAPU,53.1
199306,1993-06-01,8,EAPU,54.1
199307,1993-07-01,8,EAPU,54.1
199308,1993-08-01,8,EAPU,54.1
199309,1993-09-01,8,EAPU,53.7
199310,1993-10-01,8,EAPU,53.9
199311,1993-11-01,8,EAPU,52.8
199312,1993-12-01,8,EAPU,55.1
199401,1994-01-01,8,EAPU,54.6
199402,1994-02-01,8,EAPU,53.1
199403,1994-03-01,8,EAPU,54.8
199404,1994-04-01,8,EAPU,54.2
199405,1994-05-01,8,EAPU,54.4
199406,1994-06-01,8,EAPU,54.3
199407,1994-07-01,8,EAPU,54.6
199408,1994-08-01,8,EAPU,54.9
199409,1994-09-01,8,EAPU,55.3
199410,1994-10-01,8,EAPU,55.0
199411,1994-11-01,8,EAPU,53.7
199412,1994-12-01,8,EAPU,54.2
199501,1995-01-01,8,EAPU,52.2
199502,1995-02-01,8,EAPU,54.6
199503,1995-03-01,8,EAPU,54.2
199504,1995-04-01,8,EAPU,54.0
199505,1995-05-01,8,EAPU,54.4
199506,1995-06-01,8,EAPU,55.1
199507,1995-07-01,8,EAPU,54.1
199508,1995-08-01,8,EAPU,54.4
199509,1995-09-01,8,EAPU,55.7
199510,1995-10-01,8,EAPU,55.5
199511,1995-11-01,8,EAPU,56.3
199512,1995-12-01,8,EAPU,57.0
199601,1996-01-01,8,EAPU,54.4
199602,1996-02-01,8,EAPU,56.8
199603,1996-03-01,8,EAPU,55.7
199604,1996-04-01,8,EAPU,59.5
199605,1996-05-01,8,EAPU,57.0
199606,1996-06-01,8,EAPU,57.8
199607,1996-07-01,8,EAPU,58.6
199608,1996-08-01,8,EAPU,58.4
199609,1996-09-01,8,EAPU,59.5
199610,1996-10-01,8,EAPU,59.5
199611,1996-11-01,8,EAPU,62.2
199612,1996-12-01,8,EAPU,60.0
199701,1997-01-01,8,EAPU,59.1
199702,1997-02-01,8,EAPU,59.9
199703,1997-03-01,8,EAPU,60.3
199704,1997-04-01,8,EAPU,60.9
199705,1997-05-01,8,EAPU,60.2
199706,1997-06-01,8,EAPU,61.6
199707,1997-07-01,8,EAPU,62.0
199708,1997-08-01,8,EAPU,61.3
199709,1997-09-01,8,EAPU,61.9
199710,1997-10-01,8,EAPU,62.9
199711,1997-11-01,8,EAPU,63.2
199712,1997-12-01,8,EAPU,61.7
199801,1998-01-01,8,EAPU,62.5
199802,1998-02-01,8,EAPU,61.4
199803,1998-03-01,8,EAPU,61.4
199804,1998-04-01,8,EAPU,61.0
199805,1998-05-01,8,EAPU,62.1
199806,1998-06-01,8,EAPU,60.0
199807,1998-07-01,8,EAPU,61.6
199808,1998-08-01,8,EAPU,62.0
199809,1998-09-01,8,EAPU,61.2
199810,1998-10-01,8,EAPU,60.8
199811,1998-11-01,8,EAPU,62.4
199812,1998-12-01,8,EAPU,62.1
199901,1999-01-01,8,EAPU,61.2
199902,1999-02-01,8,EAPU,60.9
199903,1999-03-01,8,EAPU,62.1
199904,1999-04-01,8,EAPU,62.2
199905,1999-05-01,8,EAPU,62.8
199906,1999-06-01,8,EAPU,63.1
199907,1999-07-01,8,EAPU,64.3
199908,1999-08-01,8,EAPU,64.6
199909,1999-09-01,8,EAPU,64.2
199910,1999-10-01,8,EAPU,65.4
199911,1999-11-01,8,EAPU,65.8
199912,1999-12-01,8,EAPU,67.7
200001,2000-01-01,8,EAPU,69.2
200002,2000-02-01,8,EAPU,68.6
200003,2000-03-01,8,EAPU,67.5
200004,2000-04-01,8,EAPU,67.5
200005,2000-05-01,8,EAPU,67.1
200006,2000-06-01,8,EAPU,67.5
200007,2000-07-01,8,EAPU,67.8
200008,2000-08-01,8,EAPU,67.8
200009,2000-09-01,8,EAPU,68.3
200010,2000-10-01,8,EAPU,68.6
200011,2000-11-01,8,EAPU,68.0
200012,2000-12-01,8,EAPU,68.4
200101,2001-01-01,8,EAPU,70.1
200102,2001-02-01,8,EAPU,70.4
200103,2001-03-01,8,EAPU,70.6
200104,2001-04-01,8,EAPU,71.3
200105,2001-05-01,8,EAPU,72.2
200106,2001-06-01,8,EAPU,71.4
200107,2001-07-01,8,EAPU,71.4
200108,2001-08-01,8,EAPU,71.5
200109,2001-09-01,8,EAPU,71.8
200110,2001-10-01,8,EAPU,70.7
200111,2001-11-01,8,EAPU,71.2
200112,2001-12-01,8,EAPU,71.8
200201,2002-01-01,8,EAPU,72.4
200202,2002-02-01,8,EAPU,73.5
200203,2002-03-01,8,EAPU,73.4
200204,2002-04-01,8,EAPU,74.0
200205,2002-05-01,8,EAPU,74.1
200206,2002-06-01,8,EAPU,71.6
200207,2002-07-01,8,EAPU,76.5
200208,2002-08-01,8,EAPU,73.2
200209,2002-09-01,8,EAPU,75.0
200210,2002-10-01,8,EAPU,76.0
200211,2002-11-01,8,EAPU,78.3
200212,2002-12-01,8,EAPU,75.3
200301,2003-01-01,8,EAPU,75.1
200302,2003-02-01,8,EAPU,74.5
200303,2003-03-01,8,EAPU,75.2
200304,2003-04-01,8,EAPU,75.9
200305,2003-05-01,8,EAPU,75.7
200306,2003-06-01,8,EAPU,76.5
200307,2003-07-01,8,EAPU,77.7
200308,2003-08-01,8,EAPU,75.8
200309,2003-09-01,8,EAPU,77.3
200310,2003-10-01,8,EAPU,79.1
200311,2003-11-01,8,EAPU,78.6
200312,2003-12-01,8,EAPU,78.0
200401,2004-01-01,8,EAPU,77.9
200402,2004-02-01,8,EAPU,78.5
200403,2004-03-01,8,EAPU,77.9
200404,2004-04-01,8,EAPU,78.7
200405,2004-05-01,8,EAPU,79.2
200406,2004-06-01,8,EAPU,78.6
200407,2004-07-01,8,EAPU,78.7
200408,2004-08-01,8,EAPU,79.8
200409,2004-09-01,8,EAPU,79.9
200410,2004-10-01,8,EAPU,78.3
200411,2004-11-01,8,EAPU,79.9
200412,2004-12-01,8,EAPU,80.3
200501,2005-01-01,8,EAPU,80.1
200502,2005-02-01,8,EAPU,80.4
200503,2005-03-01,8,EAPU,81.4
200504,2005-04-01,8,EAPU,78.1
200505,2005-05-01,8,EAPU,76.5
200506,2005-06-01,8,EAPU,77.9
200507,2005-07-01,8,EAPU,76.8
200508,2005-08-01,8,EAPU,77.5
200509,2005-09-01,8,EAPU,78.5
200510,2005-10-01,8,EAPU,78.2
200511,2005-11-01,8,EAPU,80.1
200512,2005-12-01,8,EAPU,79.8
200601,2006-01-01,8,EAPU,79.9
200602,2006-02-01,8,EAPU,79.7
200603,2006-03-01,8,EAPU,82.2
200604,2006-04-01,8,EAPU,82.2
200605,2006-05-01,8,EAPU,81.5
200606,2006-06-01,8,EAPU,79.2
200607,2006-07-01,8,EAPU,81.1
200608,2006-08-01,8,EAPU,81.3
200609,2006-09-01,8,EAPU,80.1
200610,2006-10-01,8,EAPU,81.4
200611,2006-11-01,8,EAPU,80.6
200612,2006-12-01,8,EAPU,82.9
200701,2007-01-01,8,EAPU,82.2
200702,2007-02-01,8,EAPU,82.1
200703,2007-03-01,8,EAPU,82.6
200704,2007-04-01,8,EAPU,82.2
200705,2007-05-01,8,EAPU,81.6
200706,2007-06-01,8,EAPU,84.2
200707,2007-07-01,8,EAPU,85.2
200708,2007-08-01,8,EAPU,84.6
200709,2007-09-01,8,EAPU,85.0
200710,2007-10-01,8,EAPU,85.3
200711,2007-11-01,8,EAPU,83.8
200712,2007-12-01,8,EAPU,81.9
200801,2008-01-01,8,EAPU,81.7
200802,2008-02-01,8,EAPU,83.6
200803,2008-03-01,8,EAPU,80.3
200804,2008-04-01,8,EAPU,80.3
200805,2008-05-01,8,EAPU,80.3
200806,2008-06-01,8,EAPU,79.1
200807,2008-07-01,8,EAPU,79.0
200808,2008-08-01,8,EAPU,78.8
200809,2008-09-01,8,EAPU,78.4
200810,2008-10-01,8,EAPU,78.4
200811,2008-11-01,8,EAPU,80.2
200812,2008-12-01,8,EAPU,81.4
200901,2009-01-01,8,EAPU,78.7
200902,2009-02-01,8,EAPU,77.1
200903,2009-03-01,8,EAPU,79.1
200904,2009-04-01,8,EAPU,80.0
200905,2009-05-01,8,EAPU,80.1
200906,2009-06-01,8,EAPU,79.5
200907,2009-07-01,8,EAPU,80.0
200908,2009-08-01,8,EAPU,80.1
200909,2009-09-01,8,EAPU,80.5
200910,2009-10-01,8,EAPU,82.0
200911,2009-11-01,8,EAPU,82.4
200912,2009-12-01,8,EAPU,81.4
201001,2010-01-01,8,EAPU,80.6
201002,2010-02-01,8,EAPU,83.7
201003,2010-03-01,8,EAPU,83.3
201004,2010-04-01,8,EAPU,83.0
201005,2010-05-01,8,EAPU,84.0
201006,2010-06-01,8,EAPU,84.8
201007,2010-07-01,8,EAPU,83.2
201008,2010-08-01,8,EAPU,84.3
201009,2010-09-01,8,EAPU,83.8
201010,2010-10-01,8,EAPU,83.4
201011,2010-11-01,8,EAPU,82.9
201012,2010-12-01,8,EAPU,84.4
201101,2011-01-01,8,EAPU,86.7
201102,2011-02-01,8,EAPU,84.6
201103,2011-03-01,8,EAPU,84.7
201104,2011-04-01,8,EAPU,83.5
201105,2011-05-01,8,EAPU,83.0
201106,2011-06-01,8,EAPU,83.7
201107,2011-07-01,8,EAPU,84.3
201108,2011-08-01,8,EAPU,84.0
201109,2011-09-01,8,EAPU,84.4
201110,2011-10-01,8,EAPU,83.6
201111,2011-11-01,8,EAPU,82.4
201112,2011-12-01,8,EAPU,83.8
201201,2012-01-01,8,EAPU,84.5
201202,2012-02-01,8,EAPU,84.7
201203,2012-03-01,8,EAPU,89.3
201204,2012-04-01,8,EAPU,88.7
201205,2012-05-01,8,EAPU,89.6
201206,2012-06-01,8,EAPU,89.9
201207,2012-07-01,8,EAPU,89.3
201208,2012-08-01,8,EAPU,88.0
201209,2012-09-01,8,EAPU,89.2
201210,2012-10-01,8,EAPU,88.2
201211,2012-11-01,8,EAPU,87.5
201212,2012-12-01,8,EAPU,87.5
201301,2013-01-01,8,EAPU,89.1
201302,2013-02-01,8,EAPU,91.3
201303,2013-03-01,8,EAPU,88.9
201304,2013-04-01,8,EAPU,89.3
201305,2013-05-01,8,EAPU,89.8
201306,2013-06-01,8,EAPU,93.9
201307,2013-07-01,8,EAPU,90.9
201308,2013-08-01,8,EAPU,91.6
201309,2013-09-01,8,EAPU,92.1
201310,2013-10-01,8,EAPU,93.9
201311,2013-11-01,8,EAPU,93.9
201312,2013-12-01,8,EAPU,95.2
201401,2014-01-01,8,EAPU,94.9
201402,2014-02-01,8,EAPU,95.3
201403,2014-03-01,8,EAPU,96.1
201404,2014-04-01,8,EAPU,97.0
201405,2014-05-01,8,EAPU,97.0
201406,2014-06-01,8,EAPU,96.9
201407,2014-07-01,8,EAPU,96.7
201408,2014-08-01,8,EAPU,98.9
201409,2014-09-01,8,EAPU,98.1
201410,2014-10-01,8,EAPU,100.0
201411,2014-11-01,8,EAPU,100.9
201412,2014-12-01,8,EAPU,99.4
201501,2015-01-01,8,EAPU,100.2
201502,2015-02-01,8,EAPU,103.3
201503,2015-03-01,8,EAPU,100.9
201504,2015-04-01,8,EAPU,101.7
201505,2015-05-01,8,EAPU,101.2
201506,2015-06-01,8,EAPU,101.5
201507,2015-07-01,8,EAPU,103.7
201508,2015-08-01,8,EAPU,102.3
201509,2015-09-01,8,EAPU,103.8
201510,2015-10-01,8,EAPU,104.5
201511,2015-11-01,8,EAPU,106.8
201512,2015-12-01,8,EAPU,108.8
201601,2016-01-01,8,EAPU,109.9
201602,2016-02-01,8,EAPU,110.1
201603,2016-03-01,8,EAPU,107.1
201604,2016-04-01,8,EAPU,109.8
201605,2016-05-01,8,EAPU,112.0
201606,2016-06-01,8,EAPU,106.5
201607,2016-07-01,8,EAPU,110.4
201608,2016-08-01,8,EAPU,111.2
201609,2016-09-01,8,EAPU,112.5
201610,2016-10-01,8,EAPU,110.7
201611,2016-11-01,8,EAPU,111.1
201612,2016-12-01,8,EAPU,110.1
201701,2017-01-01,8,EAPU,108.4
201702,2017-02-01,8,EAPU,109.0
201703,2017-03-01,8,EAPU,110.1
201704,2017-04-01,8,EAPU,109.5
201705,2017-05-01,8,EAPU,108.3
201706,2017-06-01,8,EAPU,111.0
201707,2017-07-01,8,EAPU,111.1
201708,2017-08-01,8,EAPU,112.0
201709,2017-09-01,8,EAPU,110.9
201710,2017-10-01,8,EAPU,109.3
201711,2017-11-01,8,EAPU,109.2
201712,2017-12-01,8,EAPU,112.4
201801,2018-01-01,8,EAPU,112.1
201802,2018-02-01,8,EAPU,110.8
201803,2018-03-01,8,EAPU,110.5
201804,2018-04-01,8,EAPU,108.9
201805,2018-05-01,8,EAPU,112.6
201806,2018-06-01,8,EAPU,113.3
201807,2018-07-01,8,EAPU,112.3
201808,2018-08-01,8,EAPU,112.7
201809,2018-09-01,8,EAPU,111.1
201810,2018-10-01,8,EAPU,109.6
201811,2018-11-01,8,EAPU,108.5
201812,2018-12-01,8,EAPU,113.4
201901,2019-01-01,8,EAPU,111.4
201902,2019-02-01,8,EAPU,110.0
201903,2019-03-01,8,EAPU,108.6
201904,2019-04-01,8,EAPU,108.3
201905,2019-05-01,8,EAPU,108.8
201906,2019-06-01,8,EAPU,109.7
201907,2019-07-01,8,EAPU,110.6
201908,2019-08-01,8,EAPU,109.7
201909,2019-09-01,8,EAPU,106.9
201910,2019-10-01,8,EAPU,108.5
201911,2019-11-01,8,EAPU,110.6
201912,2019-12-01,8,EAPU,109.1
202001,2020-01-01,8,EAPU,109.5
202002,2020-02-01,8,EAPU,106.8
202003,2020-03-01,8,EAPU,107.9
202004,2020-04-01,8,EAPU,81.7
202005,2020-05-01,8,EAPU,94.0
202006,2020-06-01,8,EAPU,101.4
202007,2020-07-01,8,EAPU,103.0
202008,2020-08-01,8,EAPU,104.7
202009,2020-09-01,8,EAPU,106.7
202010,2020-10-01,8,EAPU,109.0
202011,2020-11-01,8,EAPU,108.2
202012,2020-12-01,8,EAPU,106.3
202101,2021-01-01,8,EAPU,91.1
202102,2021-02-01,8,EAPU,102.5
202103,2021-03-01,8,EAPU,107.2
202104,2021-04-01,8,EAPU,109.8
202105,2021-05-01,8,EAPU,105.6
202106,2021-06-01,8,EAPU,103.5
202107,2021-07-01,8,EAPU,102.2
202108,2021-08-01,8,EAPU,101.7
202109,2021-09-01,8,EAPU,104.2
202110,2021-10-01,8,EAPU,104.1
202111,2021-11-01,8,EAPU,101.2
202112,2021-12-01,8,EAPU,101.5
202201,2022-01-01,8,EAPU,101.0
202202,2022-02-01,8,EAPU,102.0
202203,2022-03-01,8,EAPU,104.8
202204,2022-04-01,8,EAPU,101.4
202205,2022-05-01,8,EAPU,99.8
202206,2022-06-01,8,EAPU,99.9
202207,2022-07-01,8,EAPU,102.6
202208,2022-08-01,8,EAPU,98.0
202209,2022-09-01,8,EAPU,97.7
202210,2022-10-01,8,EAPU,97.6
202211,2022-11-01,8,EAPU,97.7
202212,2022-12-01,8,EAPU,100.3
202301,2023-01-01,8,EAPU,99.8
202302,2023-02-01,8,EAPU,100.8
202303,2023-03-01,8,EAPU,100.4
202304,2023-04-01,8,EAPU,101.9
202305,2023-05-01,8,EAPU,101.6
202306,2023-06-01,8,EAPU,103.8
202307,2023-07-01,8,EAPU,101.1
202308,2023-08-01,8,EAPU,99.3
202309,2023-09-01,8,EAPU,97.6
202310,2023-10-01,8,EAPU,98.5
202311,2023-11-01,8,EAPU,99.5
202312,2023-12-01,8,EAPU,96.2
202401,2024-01-01,8,EAPU,98.0
202402,2024-02-01,8,EAPU,101.1
202403,2024-03-01,8,EAPU,96.6
202404,2024-04-01,8,EAPU,97.1
202405,2024-05-01,8,EAPU,98.9
202406,2024-06-01,8,EAPU,95.3
202407,2024-07-01,8,EAPU,101.6
202408,2024-08-01,8,EAPU,100.3
202409,2024-09-01,8,EAPU,100.6
202410,2024-10-01,8,EAPU,101.1
202411,2024-11-01,8,EAPU,100.2
202412,2024-12-01,8,EAPU,101.4
202501,2025-01-01,8,EAPU,102.0
202502,2025-02-01,8,EAPU,102.9
202503,2025-03-01,8,EAPU,102.9
202504,2025-04-01,8,EAPU,105.5
202505,2025-05-01,8,EAPU,101.2
202506,2025-06-01,8,EAPU,103.5
202507,2025-07-01,8,EAPU,101.5
202508,2025-08-01,8,EAPU,104.3
202509,2025-09-01,8,EAPU,104.5
202510,2025-10-01,8,EAPU,102.4
202511,2025-11-01,8,EAPU,104.1
202512,2025-12-01,8,EAPU,102.4
202601,2026-01-01,8,EAPU,102.7
202602,2026-02-01,8,EAPU,103.7
202603,2026-03-01,8,EAPU,105.0
202604,2026-04-01,8,EAPU,104.6
202605,2026-05-01,8,EAPU,107.0
202606,2026-06-01,8,EAPU,105.2
198801,1988-01-01,9,EAPX,36.9
198802,1988-02-01,9,EAPX,36.1
198803,1988-03-01,9,EAPX,35.7
198804,1988-04-01,9,EAPX,36.5
198805,1988-05-01,9,EAPX,36.1
198806,1988-06-01,9,EAPX,37.2
198807,1988-07-01,9,EAPX,37.2
198808,1988-08-01,9,EAPX,37.4
198809,1988-09-01,9,EAPX,37.5
198810,1988-10-01,9,EAPX,38.0
198811,1988-11-01,9,EAPX,38.5
198812,1988-12-01,9,EAPX,37.9
198901,1989-01-01,9,EAPX,38.1
198902,1989-02-01,9,EAPX,37.8
198903,1989-03-01,9,EAPX,38.2
198904,1989-04-01,9,EAPX,37.7
198905,1989-05-01,9,EAPX,39.3
198906,1989-06-01,9,EAPX,37.5
198907,1989-07-01,9,EAPX,36.8
198908,1989-08-01,9,EAPX,37.4
198909,1989-09-01,9,EAPX,37.9
198910,1989-10-01,9,EAPX,37.5
198911,1989-11-01,9,EAPX,37.5
198912,1989-12-01,9,EAPX,37.9
199001,1990-01-01,9,EAPX,39.1
199002,1990-02-01,9,EAPX,40.1
199003,1990-03-01,9,EAPX,39.7
199004,1990-04-01,9,EAPX,39.2
199005,1990-05-01,9,EAPX,40.6
199006,1990-06-01,9,EAPX,38.6
199007,1990-07-01,9,EAPX,40.0
199008,1990-08-01,9,EAPX,38.3
199009,1990-09-01,9,EAPX,38.5
199010,1990-10-01,9,EAPX,37.1
199011,1990-11-01,9,EAPX,36.2
199012,1990-12-01,9,EAPX,37.3
199101,1991-01-01,9,EAPX,37.3
199102,1991-02-01,9,EAPX,36.7
199103,1991-03-01,9,EAPX,38.6
199104,1991-04-01,9,EAPX,37.8
199105,1991-05-01,9,EAPX,37.3
199106,1991-06-01,9,EAPX,37.7
199107,1991-07-01,9,EAPX,38.7
199108,1991-08-01,9,EAPX,37.5
199109,1991-09-01,9,EAPX,36.8
199110,1991-10-01,9,EAPX,37.0
199111,1991-11-01,9,EAPX,37.6
199112,1991-12-01,9,EAPX,35.6
199201,1992-01-01,9,EAPX,35.6
199202,1992-02-01,9,EAPX,36.6
199203,1992-03-01,9,EAPX,36.2
199204,1992-04-01,9,EAPX,36.2
199205,1992-05-01,9,EAPX,38.1
199206,1992-06-01,9,EAPX,36.4
199207,1992-07-01,9,EAPX,36.3
199208,1992-08-01,9,EAPX,38.7
199209,1992-09-01,9,EAPX,37.7
199210,1992-10-01,9,EAPX,38.2
199211,1992-11-01,9,EAPX,37.9
199212,1992-12-01,9,EAPX,38.4
199301,1993-01-01,9,EAPX,37.9
199302,1993-02-01,9,EAPX,38.1
199303,1993-03-01,9,EAPX,37.3
199304,1993-04-01,9,EAPX,37.8
199305,1993-05-01,9,EAPX,37.4
199306,1993-06-01,9,EAPX,38.6
199307,1993-07-01,9,EAPX,37.7
199308,1993-08-01,9,EAPX,38.8
199309,1993-09-01,9,EAPX,38.6
199310,1993-10-01,9,EAPX,39.5
199311,1993-11-01,9,EAPX,39.2
199312,1993-12-01,9,EAPX,40.5
199401,1994-01-01,9,EAPX,40.5
199402,1994-02-01,9,EAPX,38.7
199403,1994-03-01,9,EAPX,40.0
199404,1994-04-01,9,EAPX,39.7
199405,1994-05-01,9,EAPX,40.1
199406,1994-06-01,9,EAPX,40.0
199407,1994-07-01,9,EAPX,40.2
199408,1994-08-01,9,EAPX,40.2
199409,1994-09-01,9,EAPX,41.4
199410,1994-10-01,9,EAPX,40.8
199411,1994-11-01,9,EAPX,40.0
199412,1994-12-01,9,EAPX,41.3
199501,1995-01-01,9,EAPX,40.7
199502,1995-02-01,9,EAPX,40.6
199503,1995-03-01,9,EAPX,40.5
199504,1995-04-01,9,EAPX,41.2
199505,1995-05-01,9,EAPX,41.2
199506,1995-06-01,9,EAPX,40.4
199507,1995-07-01,9,EAPX,41.2
199508,1995-08-01,9,EAPX,39.8
199509,1995-09-01,9,EAPX,41.3
199510,1995-10-01,9,EAPX,39.9
199511,1995-11-01,9,EAPX,41.0
199512,1995-12-01,9,EAPX,42.2
199601,1996-01-01,9,EAPX,40.7
199602,1996-02-01,9,EAPX,41.6
199603,1996-03-01,9,EAPX,41.8
199604,1996-04-01,9,EAPX,42.8
199605,1996-05-01,9,EAPX,41.5
199606,1996-06-01,9,EAPX,43.9
199607,1996-07-01,9,EAPX,42.1
199608,1996-08-01,9,EAPX,43.3
199609,1996-09-01,9,EAPX,43.4
199610,1996-10-01,9,EAPX,43.0
199611,1996-11-01,9,EAPX,45.5
199612,1996-12-01,9,EAPX,41.5
199701,1997-01-01,9,EAPX,42.9
199702,1997-02-01,9,EAPX,44.1
199703,1997-03-01,9,EAPX,45.3
199704,1997-04-01,9,EAPX,45.8
199705,1997-05-01,9,EAPX,44.6
199706,1997-06-01,9,EAPX,46.0
199707,1997-07-01,9,EAPX,45.6
199708,1997-08-01,9,EAPX,44.6
199709,1997-09-01,9,EAPX,45.1
199710,1997-10-01,9,EAPX,46.6
199711,1997-11-01,9,EAPX,46.4
199712,1997-12-01,9,EAPX,46.5
199801,1998-01-01,9,EAPX,45.6
199802,1998-02-01,9,EAPX,45.9
199803,1998-03-01,9,EAPX,45.1
199804,1998-04-01,9,EAPX,45.2
199805,1998-05-01,9,EAPX,46.6
199806,1998-06-01,9,EAPX,44.1
199807,1998-07-01,9,EAPX,46.0
199808,1998-08-01,9,EAPX,46.6
199809,1998-09-01,9,EAPX,45.3
199810,1998-10-01,9,EAPX,45.4
199811,1998-11-01,9,EAPX,46.6
199812,1998-12-01,9,EAPX,46.1
199901,1999-01-01,9,EAPX,46.4
199902,1999-02-01,9,EAPX,46.2
199903,1999-03-01,9,EAPX,46.7
199904,1999-04-01,9,EAPX,46.8
199905,1999-05-01,9,EAPX,47.2
199906,1999-06-01,9,EAPX,47.4
199907,1999-07-01,9,EAPX,47.7
199908,1999-08-01,9,EAPX,47.8
199909,1999-09-01,9,EAPX,46.7
199910,1999-10-01,9,EAPX,47.8
199911,1999-11-01,9,EAPX,48.3
199912,1999-12-01,9,EAPX,50.1
200001,2000-01-01,9,EAPX,50.2
200002,2000-02-01,9,EAPX,48.3
200003,2000-03-01,9,EAPX,49.3
200004,2000-04-01,9,EAPX,49.3
200005,2000-05-01,9,EAPX,50.8
200006,2000-06-01,9,EAPX,50.4
200007,2000-07-01,9,EAPX,51.3
200008,2000-08-01,9,EAPX,51.9
200009,2000-09-01,9,EAPX,52.2
200010,2000-10-01,9,EAPX,54.0
200011,2000-11-01,9,EAPX,51.7
200012,2000-12-01,9,EAPX,52.1
200101,2001-01-01,9,EAPX,57.6
200102,2001-02-01,9,EAPX,53.6
200103,2001-03-01,9,EAPX,52.8
200104,2001-04-01,9,EAPX,53.1
200105,2001-05-01,9,EAPX,55.0
200106,2001-06-01,9,EAPX,54.4
200107,2001-07-01,9,EAPX,54.6
200108,2001-08-01,9,EAPX,54.8
200109,2001-09-01,9,EAPX,57.5
200110,2001-10-01,9,EAPX,54.9
200111,2001-11-01,9,EAPX,57.8
200112,2001-12-01,9,EAPX,57.9
200201,2002-01-01,9,EAPX,58.4
200202,2002-02-01,9,EAPX,60.1
200203,2002-03-01,9,EAPX,60.0
200204,2002-04-01,9,EAPX,62.9
200205,2002-05-01,9,EAPX,58.9
200206,2002-06-01,9,EAPX,60.1
200207,2002-07-01,9,EAPX,61.7
200208,2002-08-01,9,EAPX,62.9
200209,2002-09-01,9,EAPX,60.3
200210,2002-10-01,9,EAPX,62.4
200211,2002-11-01,9,EAPX,62.5
200212,2002-12-01,9,EAPX,62.3
200301,2003-01-01,9,EAPX,62.5
200302,2003-02-01,9,EAPX,63.3
200303,2003-03-01,9,EAPX,63.9
200304,2003-04-01,9,EAPX,64.2
200305,2003-05-01,9,EAPX,62.1
200306,2003-06-01,9,EAPX,64.7
200307,2003-07-01,9,EAPX,65.0
200308,2003-08-01,9,EAPX,63.2
200309,2003-09-01,9,EAPX,65.6
200310,2003-10-01,9,EAPX,65.4
200311,2003-11-01,9,EAPX,64.9
200312,2003-12-01,9,EAPX,65.6
200401,2004-01-01,9,EAPX,67.9
200402,2004-02-01,9,EAPX,66.8
200403,2004-03-01,9,EAPX,68.2
200404,2004-04-01,9,EAPX,69.1
200405,2004-05-01,9,EAPX,69.5
200406,2004-06-01,9,EAPX,69.2
200407,2004-07-01,9,EAPX,68.1
200408,2004-08-01,9,EAPX,70.2
200409,2004-09-01,9,EAPX,70.2
200410,2004-10-01,9,EAPX,70.8
200411,2004-11-01,9,EAPX,70.4
200412,2004-12-01,9,EAPX,71.5
200501,2005-01-01,9,EAPX,70.1
200502,2005-02-01,9,EAPX,71.5
200503,2005-03-01,9,EAPX,70.2
200504,2005-04-01,9,EAPX,71.0
200505,2005-05-01,9,EAPX,71.0
200506,2005-06-01,9,EAPX,72.5
200507,2005-07-01,9,EAPX,71.1
200508,2005-08-01,9,EAPX,70.9
200509,2005-09-01,9,EAPX,71.8
200510,2005-10-01,9,EAPX,71.2
200511,2005-11-01,9,EAPX,74.7
200512,2005-12-01,9,EAPX,72.4
200601,2006-01-01,9,EAPX,73.0
200602,2006-02-01,9,EAPX,73.7
200603,2006-03-01,9,EAPX,74.3
200604,2006-04-01,9,EAPX,74.9
200605,2006-05-01,9,EAPX,76.9
200606,2006-06-01,9,EAPX,76.0
200607,2006-07-01,9,EAPX,77.2
200608,2006-08-01,9,EAPX,76.6
200609,2006-09-01,9,EAPX,75.5
200610,2006-10-01,9,EAPX,78.2
200611,2006-11-01,9,EAPX,79.2
200612,2006-12-01,9,EAPX,78.9
200701,2007-01-01,9,EAPX,74.8
200702,2007-02-01,9,EAPX,79.2
200703,2007-03-01,9,EAPX,79.6
200704,2007-04-01,9,EAPX,82.7
200705,2007-05-01,9,EAPX,79.3
200706,2007-06-01,9,EAPX,78.7
200707,2007-07-01,9,EAPX,78.4
200708,2007-08-01,9,EAPX,79.8
200709,2007-09-01,9,EAPX,82.2
200710,2007-10-01,9,EAPX,79.1
200711,2007-11-01,9,EAPX,79.2
200712,2007-12-01,9,EAPX,79.0
200801,2008-01-01,9,EAPX,78.1
200802,2008-02-01,9,EAPX,83.0
200803,2008-03-01,9,EAPX,79.4
200804,2008-04-01,9,EAPX,78.0
200805,2008-05-01,9,EAPX,87.7
200806,2008-06-01,9,EAPX,79.3
200807,2008-07-01,9,EAPX,80.1
200808,2008-08-01,9,EAPX,83.2
200809,2008-09-01,9,EAPX,82.2
200810,2008-10-01,9,EAPX,81.0
200811,2008-11-01,9,EAPX,82.4
200812,2008-12-01,9,EAPX,83.4
200901,2009-01-01,9,EAPX,85.1
200902,2009-02-01,9,EAPX,84.1
200903,2009-03-01,9,EAPX,85.0
200904,2009-04-01,9,EAPX,86.1
200905,2009-05-01,9,EAPX,84.7
200906,2009-06-01,9,EAPX,86.5
200907,2009-07-01,9,EAPX,86.0
200908,2009-08-01,9,EAPX,85.5
200909,2009-09-01,9,EAPX,86.1
200910,2009-10-01,9,EAPX,87.3
200911,2009-11-01,9,EAPX,86.1
200912,2009-12-01,9,EAPX,87.1
201001,2010-01-01,9,EAPX,88.9
201002,2010-02-01,9,EAPX,91.1
201003,2010-03-01,9,EAPX,89.7
201004,2010-04-01,9,EAPX,92.0
201005,2010-05-01,9,EAPX,89.5
201006,2010-06-01,9,EAPX,89.1
201007,2010-07-01,9,EAPX,90.9
201008,2010-08-01,9,EAPX,90.5
201009,2010-09-01,9,EAPX,89.8
201010,2010-10-01,9,EAPX,91.0
201011,2010-11-01,9,EAPX,90.3
201012,2010-12-01,9,EAPX,89.5
201101,2011-01-01,9,EAPX,91.1
201102,2011-02-01,9,EAPX,90.9
201103,2011-03-01,9,EAPX,89.7
201104,2011-04-01,9,EAPX,95.3
201105,2011-05-01,9,EAPX,91.1
201106,2011-06-01,9,EAPX,90.5
201107,2011-07-01,9,EAPX,91.2
201108,2011-08-01,9,EAPX,88.8
201109,2011-09-01,9,EAPX,88.7
201110,2011-10-01,9,EAPX,89.9
201111,2011-11-01,9,EAPX,90.1
201112,2011-12-01,9,EAPX,92.5
201201,2012-01-01,9,EAPX,91.4
201202,2012-02-01,9,EAPX,90.8
201203,2012-03-01,9,EAPX,92.5
201204,2012-04-01,9,EAPX,89.0
201205,2012-05-01,9,EAPX,89.8
201206,2012-06-01,9,EAPX,91.6
201207,2012-07-01,9,EAPX,91.2
201208,2012-08-01,9,EAPX,91.2
201209,2012-09-01,9,EAPX,92.4
201210,2012-10-01,9,EAPX,92.3
201211,2012-11-01,9,EAPX,88.8
201212,2012-12-01,9,EAPX,90.3
201301,2013-01-01,9,EAPX,92.0
201302,2013-02-01,9,EAPX,94.1
201303,2013-03-01,9,EAPX,89.6
201304,2013-04-01,9,EAPX,89.6
201305,2013-05-01,9,EAPX,91.3
201306,2013-06-01,9,EAPX,92.0
201307,2013-07-01,9,EAPX,90.9
201308,2013-08-01,9,EAPX,91.2
201309,2013-09-01,9,EAPX,94.3
201310,2013-10-01,9,EAPX,92.2
201311,2013-11-01,9,EAPX,92.4
201312,2013-12-01,9,EAPX,92.6
201401,2014-01-01,9,EAPX,93.1
201402,2014-02-01,9,EAPX,92.6
201403,2014-03-01,9,EAPX,95.9
201404,2014-04-01,9,EAPX,95.2
201405,2014-05-01,9,EAPX,96.0
201406,2014-06-01,9,EAPX,94.7
201407,2014-07-01,9,EAPX,95.7
201408,2014-08-01,9,EAPX,98.2
201409,2014-09-01,9,EAPX,92.4
201410,2014-10-01,9,EAPX,95.5
201411,2014-11-01,9,EAPX,96.8
201412,2014-12-01,9,EAPX,99.6
201501,2015-01-01,9,EAPX,96.3
201502,2015-02-01,9,EAPX,99.0
201503,2015-03-01,9,EAPX,98.5
201504,2015-04-01,9,EAPX,101.7
201505,2015-05-01,9,EAPX,98.8
201506,2015-06-01,9,EAPX,100.4
201507,2015-07-01,9,EAPX,96.9
201508,2015-08-01,9,EAPX,99.5
201509,2015-09-01,9,EAPX,98.4
201510,2015-10-01,9,EAPX,97.2
201511,2015-11-01,9,EAPX,98.3
201512,2015-12-01,9,EAPX,98.3
201601,2016-01-01,9,EAPX,96.8
201602,2016-02-01,9,EAPX,95.7
201603,2016-03-01,9,EAPX,93.8
201604,2016-04-01,9,EAPX,94.6
201605,2016-05-01,9,EAPX,96.5
201606,2016-06-01,9,EAPX,95.3
201607,2016-07-01,9,EAPX,100.3
201608,2016-08-01,9,EAPX,97.9
201609,2016-09-01,9,EAPX,95.2
201610,2016-10-01,9,EAPX,102.3
201611,2016-11-01,9,EAPX,98.5
201612,2016-12-01,9,EAPX,97.2
201701,2017-01-01,9,EAPX,99.0
201702,2017-02-01,9,EAPX,100.2
201703,2017-03-01,9,EAPX,101.4
201704,2017-04-01,9,EAPX,99.9
201705,2017-05-01,9,EAPX,99.7
201706,2017-06-01,9,EAPX,101.2
201707,2017-07-01,9,EAPX,101.1
201708,2017-08-01,9,EAPX,101.4
201709,2017-09-01,9,EAPX,101.4
201710,2017-10-01,9,EAPX,100.3
201711,2017-11-01,9,EAPX,100.5
201712,2017-12-01,9,EAPX,99.5
201801,2018-01-01,9,EAPX,98.9
201802,2018-02-01,9,EAPX,98.5
201803,2018-03-01,9,EAPX,97.0
201804,2018-04-01,9,EAPX,98.1
201805,2018-05-01,9,EAPX,100.9
201806,2018-06-01,9,EAPX,101.5
201807,2018-07-01,9,EAPX,103.5
201808,2018-08-01,9,EAPX,100.3
201809,2018-09-01,9,EAPX,100.7
201810,2018-10-01,9,EAPX,101.0
201811,2018-11-01,9,EAPX,101.7
201812,2018-12-01,9,EAPX,103.1
201901,2019-01-01,9,EAPX,103.2
201902,2019-02-01,9,EAPX,102.5
201903,2019-03-01,9,EAPX,104.1
201904,2019-04-01,9,EAPX,105.7
201905,2019-05-01,9,EAPX,100.6
201906,2019-06-01,9,EAPX,104.8
201907,2019-07-01,9,EAPX,104.8
201908,2019-08-01,9,EAPX,103.7
201909,2019-09-01,9,EAPX,103.4
201910,2019-10-01,9,EAPX,102.4
201911,2019-11-01,9,EAPX,99.6
201912,2019-12-01,9,EAPX,101.5
202001,2020-01-01,9,EAPX,104.1
202002,2020-02-01,9,EAPX,101.8
202003,2020-03-01,9,EAPX,65.4
202004,2020-04-01,9,EAPX,32.3
202005,2020-05-01,9,EAPX,38.6
202006,2020-06-01,9,EAPX,67.9
202007,2020-07-01,9,EAPX,79.8
202008,2020-08-01,9,EAPX,88.5
202009,2020-09-01,9,EAPX,89.9
202010,2020-10-01,9,EAPX,88.5
202011,2020-11-01,9,EAPX,69.3
202012,2020-12-01,9,EAPX,90.1
202101,2021-01-01,9,EAPX,56.1
202102,2021-02-01,9,EAPX,52.9
202103,2021-03-01,9,EAPX,60.5
202104,2021-04-01,9,EAPX,99.5
202105,2021-05-01,9,EAPX,95.6
202106,2021-06-01,9,EAPX,96.5
202107,2021-07-01,9,EAPX,94.2
202108,2021-08-01,9,EAPX,98.4
202109,2021-09-01,9,EAPX,100.0
202110,2021-10-01,9,EAPX,103.0
202111,2021-11-01,9,EAPX,103.1
202112,2021-12-01,9,EAPX,100.1
202201,2022-01-01,9,EAPX,92.8
202202,2022-02-01,9,EAPX,100.2
202203,2022-03-01,9,EAPX,99.5
202204,2022-04-01,9,EAPX,100.0
202205,2022-05-01,9,EAPX,101.5
202206,2022-06-01,9,EAPX,100.8
202207,2022-07-01,9,EAPX,100.7
202208,2022-08-01,9,EAPX,96.0
202209,2022-09-01,9,EAPX,97.5
202210,2022-10-01,9,EAPX,100.2
202211,2022-11-01,9,EAPX,101.3
202212,2022-12-01,9,EAPX,103.7
202301,2023-01-01,9,EAPX,103.2
202302,2023-02-01,9,EAPX,103.5
202303,2023-03-01,9,EAPX,100.5
202304,2023-04-01,9,EAPX,102.9
202305,2023-05-01,9,EAPX,100.8
202306,2023-06-01,9,EAPX,102.7
202307,2023-07-01,9,EAPX,99.4
202308,2023-08-01,9,EAPX,98.3
202309,2023-09-01,9,EAPX,95.0
202310,2023-10-01,9,EAPX,98.2
202311,2023-11-01,9,EAPX,100.0
202312,2023-12-01,9,EAPX,96.7
202401,2024-01-01,9,EAPX,97.2
202402,2024-02-01,9,EAPX,96.6
202403,2024-03-01,9,EAPX,96.0
202404,2024-04-01,9,EAPX,93.1
202405,2024-05-01,9,EAPX,98.2
202406,2024-06-01,9,EAPX,96.5
202407,2024-07-01,9,EAPX,96.1
202408,2024-08-01,9,EAPX,97.9
202409,2024-09-01,9,EAPX,97.3
202410,2024-10-01,9,EAPX,95.5
202411,2024-11-01,9,EAPX,91.5
202412,2024-12-01,9,EAPX,95.4
202501,2025-01-01,9,EAPX,93.5
202502,2025-02-01,9,EAPX,97.6
202503,2025-03-01,9,EAPX,98.3
202504,2025-04-01,9,EAPX,98.0
202505,2025-05-01,9,EAPX,93.3
202506,2025-06-01,9,EAPX,95.4
202507,2025-07-01,9,EAPX,98.6
202508,2025-08-01,9,EAPX,98.9
202509,2025-09-01,9,EAPX,102.7
202510,2025-10-01,9,EAPX,99.9
202511,2025-11-01,9,EAPX,101.6
202512,2025-12-01,9,EAPX,99.4
202601,2026-01-01,9,EAPX,100.7
202602,2026-02-01,9,EAPX,99.5
202603,2026-03-01,9,EAPX,100.9
202604,2026-04-01,9,EAPX,99.1
202605,2026-05-01,9,EAPX,99.8
202606,2026-06-01,9,EAPX,101.7
198801,1988-01-01,10,JO5C,109.3
198802,1988-02-01,10,JO5C,108.2
198803,1988-03-01,10,JO5C,106.3
198804,1988-04-01,10,JO5C,106.6
198805,1988-05-01,10,JO5C,108.3
198806,1988-06-01,10,JO5C,115.6
198807,1988-07-01,10,JO5C,122.0
198808,1988-08-01,10,JO5C,119.6
198809,1988-09-01,10,JO5C,119.0
198810,1988-10-01,10,JO5C,119.7
198811,1988-11-01,10,JO5C,125.4
198812,1988-12-01,10,JO5C,125.1
198901,1989-01-01,10,JO5C,127.7
198902,1989-02-01,10,JO5C,124.5
198903,1989-03-01,10,JO5C,122.7
198904,1989-04-01,10,JO5C,125.3
198905,1989-05-01,10,JO5C,129.2
198906,1989-06-01,10,JO5C,120.4
198907,1989-07-01,10,JO5C,119.3
198908,1989-08-01,10,JO5C,125.3
198909,1989-09-01,10,JO5C,124.0
198910,1989-10-01,10,JO5C,129.0
198911,1989-11-01,10,JO5C,127.4
198912,1989-12-01,10,JO5C,134.9
199001,1990-01-01,10,JO5C,144.0
199002,1990-02-01,10,JO5C,147.9
199003,1990-03-01,10,JO5C,127.8
199004,1990-04-01,10,JO5C,140.6
199005,1990-05-01,10,JO5C,140.6
199006,1990-06-01,10,JO5C,130.8
199007,1990-07-01,10,JO5C,131.3
199008,1990-08-01,10,JO5C,131.3
199009,1990-09-01,10,JO5C,130.2
199010,1990-10-01,10,JO5C,129.2
199011,1990-11-01,10,JO5C,126.4
199012,1990-12-01,10,JO5C,144.6
199101,1991-01-01,10,JO5C,122.8
199102,1991-02-01,10,JO5C,123.8
199103,1991-03-01,10,JO5C,136.4
199104,1991-04-01,10,JO5C,131.1
199105,1991-05-01,10,JO5C,130.4
199106,1991-06-01,10,JO5C,136.7
199107,1991-07-01,10,JO5C,137.4
199108,1991-08-01,10,JO5C,127.0
199109,1991-09-01,10,JO5C,129.5
199110,1991-10-01,10,JO5C,126.1
199111,1991-11-01,10,JO5C,130.3
199112,1991-12-01,10,JO5C,127.6
199201,1992-01-01,10,JO5C,121.6
199202,1992-02-01,10,JO5C,119.7
199203,1992-03-01,10,JO5C,125.8
199204,1992-04-01,10,JO5C,119.0
199205,1992-05-01,10,JO5C,119.6
199206,1992-06-01,10,JO5C,127.0
199207,1992-07-01,10,JO5C,126.0
199208,1992-08-01,10,JO5C,131.6
199209,1992-09-01,10,JO5C,133.9
199210,1992-10-01,10,JO5C,123.9
199211,1992-11-01,10,JO5C,126.2
199212,1992-12-01,10,JO5C,170.2
199301,1993-01-01,10,JO5C,145.4
199302,1993-02-01,10,JO5C,159.7
199303,1993-03-01,10,JO5C,152.3
199304,1993-04-01,10,JO5C,159.8
199305,1993-05-01,10,JO5C,159.8
199306,1993-06-01,10,JO5C,155.4
199307,1993-07-01,10,JO5C,154.5
199308,1993-08-01,10,JO5C,160.8
199309,1993-09-01,10,JO5C,159.4
199310,1993-10-01,10,JO5C,160.5
199311,1993-11-01,10,JO5C,155.8
199312,1993-12-01,10,JO5C,149.2
199401,1994-01-01,10,JO5C,154.1
199402,1994-02-01,10,JO5C,147.1
199403,1994-03-01,10,JO5C,145.0
199404,1994-04-01,10,JO5C,143.4
199405,1994-05-01,10,JO5C,143.9
199406,1994-06-01,10,JO5C,139.7
199407,1994-07-01,10,JO5C,142.4
199408,1994-08-01,10,JO5C,145.4
199409,1994-09-01,10,JO5C,141.1
199410,1994-10-01,10,JO5C,139.9
199411,1994-11-01,10,JO5C,136.5
199412,1994-12-01,10,JO5C,129.0
199501,1995-01-01,10,JO5C,121.4
199502,1995-02-01,10,JO5C,125.0
199503,1995-03-01,10,JO5C,124.1
199504,1995-04-01,10,JO5C,122.1
199505,1995-05-01,10,JO5C,119.0
199506,1995-06-01,10,JO5C,116.7
199507,1995-07-01,10,JO5C,113.2
199508,1995-08-01,10,JO5C,110.6
199509,1995-09-01,10,JO5C,124.4
199510,1995-10-01,10,JO5C,115.3
199511,1995-11-01,10,JO5C,118.5
199512,1995-12-01,10,JO5C,119.7
199601,1996-01-01,10,JO5C,118.2
199602,1996-02-01,10,JO5C,119.8
199603,1996-03-01,10,JO5C,119.1
199604,1996-04-01,10,JO5C,118.7
199605,1996-05-01,10,JO5C,119.5
199606,1996-06-01,10,JO5C,119.8
199607,1996-07-01,10,JO5C,113.4
199608,1996-08-01,10,JO5C,114.7
199609,1996-09-01,10,JO5C,122.5
199610,1996-10-01,10,JO5C,112.9
199611,1996-11-01,10,JO5C,110.8
199612,1996-12-01,10,JO5C,99.0
199701,1997-01-01,10,JO5C,115.4
199702,1997-02-01,10,JO5C,116.0
199703,1997-03-01,10,JO5C,114.9
199704,1997-04-01,10,JO5C,116.8
199705,1997-05-01,10,JO5C,119.0
199706,1997-06-01,10,JO5C,125.8
199707,1997-07-01,10,JO5C,121.5
199708,1997-08-01,10,JO5C,115.3
199709,1997-09-01,10,JO5C,120.2
199710,1997-10-01,10,JO5C,122.5
199711,1997-11-01,10,JO5C,119.3
199712,1997-12-01,10,JO5C,144.1
199801,1998-01-01,10,JO5C,123.9
199802,1998-02-01,10,JO5C,120.8
199803,1998-03-01,10,JO5C,123.2
199804,1998-04-01,10,JO5C,128.5
199805,1998-05-01,10,JO5C,123.2
199806,1998-06-01,10,JO5C,117.9
199807,1998-07-01,10,JO5C,133.5
199808,1998-08-01,10,JO5C,123.9
199809,1998-09-01,10,JO5C,117.7
199810,1998-10-01,10,JO5C,115.0
199811,1998-11-01,10,JO5C,120.5
199812,1998-12-01,10,JO5C,123.5
199901,1999-01-01,10,JO5C,119.0
199902,1999-02-01,10,JO5C,125.4
199903,1999-03-01,10,JO5C,125.1
199904,1999-04-01,10,JO5C,123.8
199905,1999-05-01,10,JO5C,120.6
199906,1999-06-01,10,JO5C,123.9
199907,1999-07-01,10,JO5C,124.7
199908,1999-08-01,10,JO5C,128.5
199909,1999-09-01,10,JO5C,128.8
199910,1999-10-01,10,JO5C,127.6
199911,1999-11-01,10,JO5C,125.5
199912,1999-12-01,10,JO5C,123.0
200001,2000-01-01,10,JO5C,129.0
200002,2000-02-01,10,JO5C,126.5
200003,2000-03-01,10,JO5C,122.6
200004,2000-04-01,10,JO5C,118.4
200005,2000-05-01,10,JO5C,123.3
200006,2000-06-01,10,JO5C,122.7
200007,2000-07-01,10,JO5C,128.3
200008,2000-08-01,10,JO5C,117.0
200009,2000-09-01,10,JO5C,117.0
200010,2000-10-01,10,JO5C,134.3
200011,2000-11-01,10,JO5C,128.5
200012,2000-12-01,10,JO5C,100.0
200101,2001-01-01,10,JO5C,120.0
200102,2001-02-01,10,JO5C,118.0
200103,2001-03-01,10,JO5C,117.8
200104,2001-04-01,10,JO5C,119.9
200105,2001-05-01,10,JO5C,122.3
200106,2001-06-01,10,JO5C,124.4
200107,2001-07-01,10,JO5C,122.3
200108,2001-08-01,10,JO5C,126.2
200109,2001-09-01,10,JO5C,129.4
200110,2001-10-01,10,JO5C,133.1
200111,2001-11-01,10,JO5C,135.6
200112,2001-12-01,10,JO5C,135.8
200201,2002-01-01,10,JO5C,143.7
200202,2002-02-01,10,JO5C,136.7
200203,2002-03-01,10,JO5C,147.3
200204,2002-04-01,10,JO5C,151.4
200205,2002-05-01,10,JO5C,147.3
200206,2002-06-01,10,JO5C,158.2
200207,2002-07-01,10,JO5C,161.5
200208,2002-08-01,10,JO5C,165.4
200209,2002-09-01,10,JO5C,158.1
200210,2002-10-01,10,JO5C,147.8
200211,2002-11-01,10,JO5C,147.7
200212,2002-12-01,10,JO5C,132.4
200301,2003-01-01,10,JO5C,142.8
200302,2003-02-01,10,JO5C,156.8
200303,2003-03-01,10,JO5C,141.0
200304,2003-04-01,10,JO5C,136.8
200305,2003-05-01,10,JO5C,139.2
200306,2003-06-01,10,JO5C,129.6
200307,2003-07-01,10,JO5C,137.9
200308,2003-08-01,10,JO5C,135.3
200309,2003-09-01,10,JO5C,143.0
200310,2003-10-01,10,JO5C,145.5
200311,2003-11-01,10,JO5C,147.1
200312,2003-12-01,10,JO5C,163.7
200401,2004-01-01,10,JO5C,136.0
200402,2004-02-01,10,JO5C,147.6
200403,2004-03-01,10,JO5C,151.6
200404,2004-04-01,10,JO5C,150.0
200405,2004-05-01,10,JO5C,151.3
200406,2004-06-01,10,JO5C,154.0
200407,2004-07-01,10,JO5C,151.5
200408,2004-08-01,10,JO5C,157.9
200409,2004-09-01,10,JO5C,131.2
200410,2004-10-01,10,JO5C,153.7
200411,2004-11-01,10,JO5C,144.5
200412,2004-12-01,10,JO5C,138.0
200501,2005-01-01,10,JO5C,140.1
200502,2005-02-01,10,JO5C,131.6
200503,2005-03-01,10,JO5C,126.2
200504,2005-04-01,10,JO5C,136.5
200505,2005-05-01,10,JO5C,128.1
200506,2005-06-01,10,JO5C,133.7
200507,2005-07-01,10,JO5C,134.6
200508,2005-08-01,10,JO5C,136.5
200509,2005-09-01,10,JO5C,140.9
200510,2005-10-01,10,JO5C,133.3
200511,2005-11-01,10,JO5C,135.1
200512,2005-12-01,10,JO5C,141.6
200601,2006-01-01,10,JO5C,132.9
200602,2006-02-01,10,JO5C,133.1
200603,2006-03-01,10,JO5C,132.1
200604,2006-04-01,10,JO5C,126.6
200605,2006-05-01,10,JO5C,138.2
200606,2006-06-01,10,JO5C,125.8
200607,2006-07-01,10,JO5C,125.2
200608,2006-08-01,10,JO5C,125.2
200609,2006-09-01,10,JO5C,120.9
200610,2006-10-01,10,JO5C,124.1
200611,2006-11-01,10,JO5C,130.4
200612,2006-12-01,10,JO5C,133.9
200701,2007-01-01,10,JO5C,138.9
200702,2007-02-01,10,JO5C,171.2
200703,2007-03-01,10,JO5C,160.7
200704,2007-04-01,10,JO5C,156.4
200705,2007-05-01,10,JO5C,150.8
200706,2007-06-01,10,JO5C,150.7
200707,2007-07-01,10,JO5C,126.5
200708,2007-08-01,10,JO5C,124.1
200709,2007-09-01,10,JO5C,119.7
200710,2007-10-01,10,JO5C,135.7
200711,2007-11-01,10,JO5C,152.5
200712,2007-12-01,10,JO5C,159.6
200801,2008-01-01,10,JO5C,120.1
200802,2008-02-01,10,JO5C,111.4
200803,2008-03-01,10,JO5C,118.0
200804,2008-04-01,10,JO5C,127.7
200805,2008-05-01,10,JO5C,108.1
200806,2008-06-01,10,JO5C,116.2
200807,2008-07-01,10,JO5C,120.4
200808,2008-08-01,10,JO5C,117.6
200809,2008-09-01,10,JO5C,130.0
200810,2008-10-01,10,JO5C,114.3
200811,2008-11-01,10,JO5C,95.7
200812,2008-12-01,10,JO5C,110.5
200901,2009-01-01,10,JO5C,149.6
200902,2009-02-01,10,JO5C,140.5
200903,2009-03-01,10,JO5C,104.5
200904,2009-04-01,10,JO5C,115.0
200905,2009-05-01,10,JO5C,128.1
200906,2009-06-01,10,JO5C,116.5
200907,2009-07-01,10,JO5C,121.4
200908,2009-08-01,10,JO5C,116.8
200909,2009-09-01,10,JO5C,115.8
200910,2009-10-01,10,JO5C,119.0
200911,2009-11-01,10,JO5C,106.5
200912,2009-12-01,10,JO5C,109.4
201001,2010-01-01,10,JO5C,116.5
201002,2010-02-01,10,JO5C,116.8
201003,2010-03-01,10,JO5C,115.8
201004,2010-04-01,10,JO5C,121.2
201005,2010-05-01,10,JO5C,119.2
201006,2010-06-01,10,JO5C,119.6
201007,2010-07-01,10,JO5C,126.4
201008,2010-08-01,10,JO5C,129.0
201009,2010-09-01,10,JO5C,122.7
201010,2010-10-01,10,JO5C,123.0
201011,2010-11-01,10,JO5C,127.8
201012,2010-12-01,10,JO5C,118.0
201101,2011-01-01,10,JO5C,107.2
201102,2011-02-01,10,JO5C,102.3
201103,2011-03-01,10,JO5C,102.4
201104,2011-04-01,10,JO5C,95.1
201105,2011-05-01,10,JO5C,97.6
201106,2011-06-01,10,JO5C,98.8
201107,2011-07-01,10,JO5C,97.3
201108,2011-08-01,10,JO5C,91.8
201109,2011-09-01,10,JO5C,107.1
201110,2011-10-01,10,JO5C,92.0
201111,2011-11-01,10,JO5C,96.8
201112,2011-12-01,10,JO5C,101.2
201201,2012-01-01,10,JO5C,101.7
201202,2012-02-01,10,JO5C,101.8
201203,2012-03-01,10,JO5C,97.2
201204,2012-04-01,10,JO5C,97.0
201205,2012-05-01,10,JO5C,95.7
201206,2012-06-01,10,JO5C,101.9
201207,2012-07-01,10,JO5C,97.5
201208,2012-08-01,10,JO5C,106.3
201209,2012-09-01,10,JO5C,106.8
201210,2012-10-01,10,JO5C,107.6
201211,2012-11-01,10,JO5C,98.2
201212,2012-12-01,10,JO5C,99.9
201301,2013-01-01,10,JO5C,110.1
201302,2013-02-01,10,JO5C,108.5
201303,2013-03-01,10,JO5C,101.4
201304,2013-04-01,10,JO5C,106.7
201305,2013-05-01,10,JO5C,109.5
201306,2013-06-01,10,JO5C,112.3
201307,2013-07-01,10,JO5C,105.4
201308,2013-08-01,10,JO5C,109.3
201309,2013-09-01,10,JO5C,98.6
201310,2013-10-01,10,JO5C,99.3
201311,2013-11-01,10,JO5C,97.6
201312,2013-12-01,10,JO5C,91.3
201401,2014-01-01,10,JO5C,103.1
201402,2014-02-01,10,JO5C,111.4
201403,2014-03-01,10,JO5C,114.8
201404,2014-04-01,10,JO5C,116.0
201405,2014-05-01,10,JO5C,110.4
201406,2014-06-01,10,JO5C,107.6
201407,2014-07-01,10,JO5C,116.6
201408,2014-08-01,10,JO5C,111.6
201409,2014-09-01,10,JO5C,117.5
201410,2014-10-01,10,JO5C,112.6
201411,2014-11-01,10,JO5C,103.7
201412,2014-12-01,10,JO5C,118.6
201501,2015-01-01,10,JO5C,87.6
201502,2015-02-01,10,JO5C,95.8
201503,2015-03-01,10,JO5C,107.8
201504,2015-04-01,10,JO5C,110.1
201505,2015-05-01,10,JO5C,115.5
201506,2015-06-01,10,JO5C,114.3
201507,2015-07-01,10,JO5C,114.2
201508,2015-08-01,10,JO5C,107.3
201509,2015-09-01,10,JO5C,112.1
201510,2015-10-01,10,JO5C,112.4
201511,2015-11-01,10,JO5C,120.5
201512,2015-12-01,10,JO5C,123.9
201601,2016-01-01,10,JO5C,114.0
201602,2016-02-01,10,JO5C,110.9
201603,2016-03-01,10,JO5C,112.4
201604,2016-04-01,10,JO5C,112.9
201605,2016-05-01,10,JO5C,111.3
201606,2016-06-01,10,JO5C,131.3
201607,2016-07-01,10,JO5C,122.4
201608,2016-08-01,10,JO5C,128.1
201609,2016-09-01,10,JO5C,118.1
201610,2016-10-01,10,JO5C,122.2
201611,2016-11-01,10,JO5C,128.3
201612,2016-12-01,10,JO5C,116.8
201701,2017-01-01,10,JO5C,120.9
201702,2017-02-01,10,JO5C,124.3
201703,2017-03-01,10,JO5C,130.8
201704,2017-04-01,10,JO5C,124.0
201705,2017-05-01,10,JO5C,121.0
201706,2017-06-01,10,JO5C,110.4
201707,2017-07-01,10,JO5C,110.0
201708,2017-08-01,10,JO5C,100.2
201709,2017-09-01,10,JO5C,114.7
201710,2017-10-01,10,JO5C,115.6
201711,2017-11-01,10,JO5C,108.5
201712,2017-12-01,10,JO5C,116.5
201801,2018-01-01,10,JO5C,114.6
201802,2018-02-01,10,JO5C,113.4
201803,2018-03-01,10,JO5C,113.9
201804,2018-04-01,10,JO5C,117.9
201805,2018-05-01,10,JO5C,116.3
201806,2018-06-01,10,JO5C,118.0
201807,2018-07-01,10,JO5C,118.2
201808,2018-08-01,10,JO5C,122.8
201809,2018-09-01,10,JO5C,118.1
201810,2018-10-01,10,JO5C,116.6
201811,2018-11-01,10,JO5C,128.9
201812,2018-12-01,10,JO5C,113.9
201901,2019-01-01,10,JO5C,119.0
201902,2019-02-01,10,JO5C,122.2
201903,2019-03-01,10,JO5C,113.5
201904,2019-04-01,10,JO5C,110.5
201905,2019-05-01,10,JO5C,119.9
201906,2019-06-01,10,JO5C,119.0
201907,2019-07-01,10,JO5C,123.7
201908,2019-08-01,10,JO5C,119.6
201909,2019-09-01,10,JO5C,113.0
201910,2019-10-01,10,JO5C,108.8
201911,2019-11-01,10,JO5C,102.1
201912,2019-12-01,10,JO5C,111.5
202001,2020-01-01,10,JO5C,89.4
202002,2020-02-01,10,JO5C,99.9
202003,2020-03-01,10,JO5C,78.3
202004,2020-04-01,10,JO5C,67.7
202005,2020-05-01,10,JO5C,41.8
202006,2020-06-01,10,JO5C,117.1
202007,2020-07-01,10,JO5C,134.9
202008,2020-08-01,10,JO5C,121.4
202009,2020-09-01,10,JO5C,131.2
202010,2020-10-01,10,JO5C,134.3
202011,2020-11-01,10,JO5C,90.9
202012,2020-12-01,10,JO5C,137.9
202101,2021-01-01,10,JO5C,149.1
202102,2021-02-01,10,JO5C,91.0
202103,2021-03-01,10,JO5C,81.5
202104,2021-04-01,10,JO5C,110.6
202105,2021-05-01,10,JO5C,117.6
202106,2021-06-01,10,JO5C,129.9
202107,2021-07-01,10,JO5C,110.4
202108,2021-08-01,10,JO5C,114.6
202109,2021-09-01,10,JO5C,114.2
202110,2021-10-01,10,JO5C,119.6
202111,2021-11-01,10,JO5C,121.6
202112,2021-12-01,10,JO5C,129.4
202201,2022-01-01,10,JO5C,127.8
202202,2022-02-01,10,JO5C,125.5
202203,2022-03-01,10,JO5C,129.8
202204,2022-04-01,10,JO5C,120.4
202205,2022-05-01,10,JO5C,118.8
202206,2022-06-01,10,JO5C,124.2
202207,2022-07-01,10,JO5C,125.4
202208,2022-08-01,10,JO5C,128.3
202209,2022-09-01,10,JO5C,141.3
202210,2022-10-01,10,JO5C,140.7
202211,2022-11-01,10,JO5C,159.8
202212,2022-12-01,10,JO5C,150.1
202301,2023-01-01,10,JO5C,135.5
202302,2023-02-01,10,JO5C,124.9
202303,2023-03-01,10,JO5C,93.1
202304,2023-04-01,10,JO5C,110.3
202305,2023-05-01,10,JO5C,110.3
202306,2023-06-01,10,JO5C,88.9
202307,2023-07-01,10,JO5C,95.6
202308,2023-08-01,10,JO5C,105.1
202309,2023-09-01,10,JO5C,96.5
202310,2023-10-01,10,JO5C,94.5
202311,2023-11-01,10,JO5C,91.0
202312,2023-12-01,10,JO5C,67.5
202401,2024-01-01,10,JO5C,115.6
202402,2024-02-01,10,JO5C,118.6
202403,2024-03-01,10,JO5C,110.7
202404,2024-04-01,10,JO5C,114.8
202405,2024-05-01,10,JO5C,120.3
202406,2024-06-01,10,JO5C,120.4
202407,2024-07-01,10,JO5C,121.5
202408,2024-08-01,10,JO5C,112.4
202409,2024-09-01,10,JO5C,114.1
202410,2024-10-01,10,JO5C,98.6
202411,2024-11-01,10,JO5C,78.9
202412,2024-12-01,10,JO5C,78.3
202501,2025-01-01,10,JO5C,73.3
202502,2025-02-01,10,JO5C,75.8
202503,2025-03-01,10,JO5C,80.1
202504,2025-04-01,10,JO5C,79.9
202505,2025-05-01,10,JO5C,76.9
202506,2025-06-01,10,JO5C,74.5
202507,2025-07-01,10,JO5C,74.8
202508,2025-08-01,10,JO5C,85.2
202509,2025-09-01,10,JO5C,70.1
202510,2025-10-01,10,JO5C,64.1
202511,2025-11-01,10,JO5C,62.0
202512,2025-12-01,10,JO5C,46.0
202601,2026-01-01,10,JO5C,58.5
202602,2026-02-01,10,JO5C,72.7
202603,2026-03-01,10,JO5C,68.9
202604,2026-04-01,10,JO5C,69.1
202605,2026-05-01,10,JO5C,65.8
202606,2026-06-01,10,JO5C,70.8
198801,1988-01-01,11,JO5I,34.4
198802,1988-02-01,11,JO5I,33.5
198803,1988-03-01,11,JO5I,33.3
198804,1988-04-01,11,JO5I,34.0
198805,1988-05-01,11,JO5I,33.5
198806,1988-06-01,11,JO5I,34.6
198807,1988-07-01,11,JO5I,34.5
198808,1988-08-01,11,JO5I,34.8
198809,1988-09-01,11,JO5I,34.9
198810,1988-10-01,11,JO5I,35.4
198811,1988-11-01,11,JO5I,35.6
198812,1988-12-01,11,JO5I,35.3
198901,1989-01-01,11,JO5I,35.2
198902,1989-02-01,11,JO5I,34.9
198903,1989-03-01,11,JO5I,35.2
198904,1989-04-01,11,JO5I,34.9
198905,1989-05-01,11,JO5I,35.9
198906,1989-06-01,11,JO5I,34.5
198907,1989-07-01,11,JO5I,34.0
198908,1989-08-01,11,JO5I,34.5
198909,1989-09-01,11,JO5I,34.9
198910,1989-10-01,11,JO5I,34.6
198911,1989-11-01,11,JO5I,34.5
198912,1989-12-01,11,JO5I,34.8
199001,1990-01-01,11,JO5I,35.6
199002,1990-02-01,11,JO5I,36.5
199003,1990-03-01,11,JO5I,36.3
199004,1990-04-01,11,JO5I,35.6
199005,1990-05-01,11,JO5I,36.7
199006,1990-06-01,11,JO5I,35.6
199007,1990-07-01,11,JO5I,36.8
199008,1990-08-01,11,JO5I,35.1
199009,1990-09-01,11,JO5I,35.3
199010,1990-10-01,11,JO5I,33.8
199011,1990-11-01,11,JO5I,33.0
199012,1990-12-01,11,JO5I,33.9
199101,1991-01-01,11,JO5I,35.0
199102,1991-02-01,11,JO5I,34.2
199103,1991-03-01,11,JO5I,35.8
199104,1991-04-01,11,JO5I,35.3
199105,1991-05-01,11,JO5I,34.8
199106,1991-06-01,11,JO5I,35.2
199107,1991-07-01,11,JO5I,36.1
199108,1991-08-01,11,JO5I,35.1
199109,1991-09-01,11,JO5I,34.4
199110,1991-10-01,11,JO5I,34.6
199111,1991-11-01,11,JO5I,35.2
199112,1991-12-01,11,JO5I,33.0
199201,1992-01-01,11,JO5I,33.9
199202,1992-02-01,11,JO5I,34.8
199203,1992-03-01,11,JO5I,34.3
199204,1992-04-01,11,JO5I,34.4
199205,1992-05-01,11,JO5I,36.1
199206,1992-06-01,11,JO5I,34.6
199207,1992-07-01,11,JO5I,34.5
199208,1992-08-01,11,JO5I,36.4
199209,1992-09-01,11,JO5I,35.9
199210,1992-10-01,11,JO5I,36.6
199211,1992-11-01,11,JO5I,36.2
199212,1992-12-01,11,JO5I,36.2
199301,1993-01-01,11,JO5I,35.8
199302,1993-02-01,11,JO5I,35.8
199303,1993-03-01,11,JO5I,35.1
199304,1993-04-01,11,JO5I,35.5
199305,1993-05-01,11,JO5I,35.3
199306,1993-06-01,11,JO5I,36.4
199307,1993-07-01,11,JO5I,35.6
199308,1993-08-01,11,JO5I,36.5
199309,1993-09-01,11,JO5I,36.4
199310,1993-10-01,11,JO5I,37.5
199311,1993-11-01,11,JO5I,37.2
199312,1993-12-01,11,JO5I,39.0
199401,1994-01-01,11,JO5I,38.0
199402,1994-02-01,11,JO5I,36.4
199403,1994-03-01,11,JO5I,38.0
199404,1994-04-01,11,JO5I,37.8
199405,1994-05-01,11,JO5I,38.2
199406,1994-06-01,11,JO5I,38.1
199407,1994-07-01,11,JO5I,38.2
199408,1994-08-01,11,JO5I,38.1
199409,1994-09-01,11,JO5I,39.4
199410,1994-10-01,11,JO5I,38.9
199411,1994-11-01,11,JO5I,38.1
199412,1994-12-01,11,JO5I,39.5
199501,1995-01-01,11,JO5I,39.0
199502,1995-02-01,11,JO5I,39.0
199503,1995-03-01,11,JO5I,39.1
199504,1995-04-01,11,JO5I,39.7
199505,1995-05-01,11,JO5I,39.7
199506,1995-06-01,11,JO5I,39.0
199507,1995-07-01,11,JO5I,39.9
199508,1995-08-01,11,JO5I,38.6
199509,1995-09-01,11,JO5I,39.8
199510,1995-10-01,11,JO5I,38.6
199511,1995-11-01,11,JO5I,39.7
199512,1995-12-01,11,JO5I,41.0
199601,1996-01-01,11,JO5I,39.5
199602,1996-02-01,11,JO5I,40.6
199603,1996-03-01,11,JO5I,40.7
199604,1996-04-01,11,JO5I,41.8
199605,1996-05-01,11,JO5I,40.6
199606,1996-06-01,11,JO5I,42.8
199607,1996-07-01,11,JO5I,40.9
199608,1996-08-01,11,JO5I,42.4
199609,1996-09-01,11,JO5I,42.5
199610,1996-10-01,11,JO5I,42.1
199611,1996-11-01,11,JO5I,44.9
199612,1996-12-01,11,JO5I,40.6
199701,1997-01-01,11,JO5I,41.8
199702,1997-02-01,11,JO5I,43.0
199703,1997-03-01,11,JO5I,44.0
199704,1997-04-01,11,JO5I,44.1
199705,1997-05-01,11,JO5I,43.2
199706,1997-06-01,11,JO5I,44.8
199707,1997-07-01,11,JO5I,44.5
199708,1997-08-01,11,JO5I,43.7
199709,1997-09-01,11,JO5I,44.0
199710,1997-10-01,11,JO5I,45.5
199711,1997-11-01,11,JO5I,45.5
199712,1997-12-01,11,JO5I,44.9
199801,1998-01-01,11,JO5I,44.5
199802,1998-02-01,11,JO5I,44.6
199803,1998-03-01,11,JO5I,43.9
199804,1998-04-01,11,JO5I,44.1
199805,1998-05-01,11,JO5I,45.5
199806,1998-06-01,11,JO5I,43.6
199807,1998-07-01,11,JO5I,45.2
199808,1998-08-01,11,JO5I,45.8
199809,1998-09-01,11,JO5I,44.8
199810,1998-10-01,11,JO5I,44.8
199811,1998-11-01,11,JO5I,46.0
199812,1998-12-01,11,JO5I,45.7
199901,1999-01-01,11,JO5I,45.7
199902,1999-02-01,11,JO5I,45.3
199903,1999-03-01,11,JO5I,45.9
199904,1999-04-01,11,JO5I,46.1
199905,1999-05-01,11,JO5I,46.7
199906,1999-06-01,11,JO5I,46.7
199907,1999-07-01,11,JO5I,46.9
199908,1999-08-01,11,JO5I,47.1
199909,1999-09-01,11,JO5I,45.9
199910,1999-10-01,11,JO5I,47.2
199911,1999-11-01,11,JO5I,47.8
199912,1999-12-01,11,JO5I,49.8
200001,2000-01-01,11,JO5I,49.6
200002,2000-02-01,11,JO5I,47.7
200003,2000-03-01,11,JO5I,49.0
200004,2000-04-01,11,JO5I,49.0
200005,2000-05-01,11,JO5I,50.5
200006,2000-06-01,11,JO5I,50.3
200007,2000-07-01,11,JO5I,51.0
200008,2000-08-01,11,JO5I,51.5
200009,2000-09-01,11,JO5I,51.7
200010,2000-10-01,11,JO5I,53.6
200011,2000-11-01,11,JO5I,51.4
200012,2000-12-01,11,JO5I,52.3
200101,2001-01-01,11,JO5I,58.3
200102,2001-02-01,11,JO5I,54.1
200103,2001-03-01,11,JO5I,53.1
200104,2001-04-01,11,JO5I,53.3
200105,2001-05-01,11,JO5I,55.2
200106,2001-06-01,11,JO5I,55.1
200107,2001-07-01,11,JO5I,55.1
200108,2001-08-01,11,JO5I,55.4
200109,2001-09-01,11,JO5I,58.3
200110,2001-10-01,11,JO5I,55.6
200111,2001-11-01,11,JO5I,58.6
200112,2001-12-01,11,JO5I,58.7
200201,2002-01-01,11,JO5I,59.2
200202,2002-02-01,11,JO5I,61.0
200203,2002-03-01,11,JO5I,61.1
200204,2002-04-01,11,JO5I,64.3
200205,2002-05-01,11,JO5I,59.7
200206,2002-06-01,11,JO5I,60.4
200207,2002-07-01,11,JO5I,62.2
200208,2002-08-01,11,JO5I,63.4
200209,2002-09-01,11,JO5I,61.0
200210,2002-10-01,11,JO5I,63.3
200211,2002-11-01,11,JO5I,63.2
200212,2002-12-01,11,JO5I,63.4
200301,2003-01-01,11,JO5I,63.9
200302,2003-02-01,11,JO5I,64.0
200303,2003-03-01,11,JO5I,64.6
200304,2003-04-01,11,JO5I,64.5
200305,2003-05-01,11,JO5I,63.0
200306,2003-06-01,11,JO5I,65.5
200307,2003-07-01,11,JO5I,65.7
200308,2003-08-01,11,JO5I,64.0
200309,2003-09-01,11,JO5I,66.1
200310,2003-10-01,11,JO5I,66.0
200311,2003-11-01,11,JO5I,65.6
200312,2003-12-01,11,JO5I,65.9
200401,2004-01-01,11,JO5I,69.5
200402,2004-02-01,11,JO5I,67.9
200403,2004-03-01,11,JO5I,69.0
200404,2004-04-01,11,JO5I,69.9
200405,2004-05-01,11,JO5I,70.5
200406,2004-06-01,11,JO5I,69.9
200407,2004-07-01,11,JO5I,69.0
200408,2004-08-01,11,JO5I,71.1
200409,2004-09-01,11,JO5I,71.5
200410,2004-10-01,11,JO5I,71.5
200411,2004-11-01,11,JO5I,71.3
200412,2004-12-01,11,JO5I,72.7
200501,2005-01-01,11,JO5I,70.5
200502,2005-02-01,11,JO5I,71.7
200503,2005-03-01,11,JO5I,71.2
200504,2005-04-01,11,JO5I,72.5
200505,2005-05-01,11,JO5I,72.5
200506,2005-06-01,11,JO5I,74.1
200507,2005-07-01,11,JO5I,72.4
200508,2005-08-01,11,JO5I,72.2
200509,2005-09-01,11,JO5I,72.9
200510,2005-10-01,11,JO5I,72.5
200511,2005-11-01,11,JO5I,75.8
200512,2005-12-01,11,JO5I,73.5
200601,2006-01-01,11,JO5I,74.5
200602,2006-02-01,11,JO5I,75.4
200603,2006-03-01,11,JO5I,76.3
200604,2006-04-01,11,JO5I,76.8
200605,2006-05-01,11,JO5I,78.8
200606,2006-06-01,11,JO5I,78.1
200607,2006-07-01,11,JO5I,79.4
200608,2006-08-01,11,JO5I,79.1
200609,2006-09-01,11,JO5I,77.6
200610,2006-10-01,11,JO5I,80.4
200611,2006-11-01,11,JO5I,81.6
200612,2006-12-01,11,JO5I,80.9
200701,2007-01-01,11,JO5I,76.6
200702,2007-02-01,11,JO5I,81.1
200703,2007-03-01,11,JO5I,81.6
200704,2007-04-01,11,JO5I,84.2
200705,2007-05-01,11,JO5I,81.2
200706,2007-06-01,11,JO5I,80.5
200707,2007-07-01,11,JO5I,80.4
200708,2007-08-01,11,JO5I,81.7
200709,2007-09-01,11,JO5I,84.8
200710,2007-10-01,11,JO5I,81.3
200711,2007-11-01,11,JO5I,81.0
200712,2007-12-01,11,JO5I,80.7
200801,2008-01-01,11,JO5I,80.0
200802,2008-02-01,11,JO5I,85.6
200803,2008-03-01,11,JO5I,81.4
200804,2008-04-01,11,JO5I,80.3
200805,2008-05-01,11,JO5I,90.7
200806,2008-06-01,11,JO5I,81.2
200807,2008-07-01,11,JO5I,82.1
200808,2008-08-01,11,JO5I,85.4
200809,2008-09-01,11,JO5I,84.1
200810,2008-10-01,11,JO5I,83.5
200811,2008-11-01,11,JO5I,85.0
200812,2008-12-01,11,JO5I,85.7
200901,2009-01-01,11,JO5I,87.0
200902,2009-02-01,11,JO5I,85.7
200903,2009-03-01,11,JO5I,87.5
200904,2009-04-01,11,JO5I,87.8
200905,2009-05-01,11,JO5I,86.6
200906,2009-06-01,11,JO5I,89.0
200907,2009-07-01,11,JO5I,88.6
200908,2009-08-01,11,JO5I,88.1
200909,2009-09-01,11,JO5I,89.1
200910,2009-10-01,11,JO5I,90.1
200911,2009-11-01,11,JO5I,89.1
200912,2009-12-01,11,JO5I,90.4
201001,2010-01-01,11,JO5I,91.7
201002,2010-02-01,11,JO5I,93.9
201003,2010-03-01,11,JO5I,92.3
201004,2010-04-01,11,JO5I,94.9
201005,2010-05-01,11,JO5I,92.0
201006,2010-06-01,11,JO5I,91.3
201007,2010-07-01,11,JO5I,92.9
201008,2010-08-01,11,JO5I,92.6
201009,2010-09-01,11,JO5I,91.7
201010,2010-10-01,11,JO5I,93.1
201011,2010-11-01,11,JO5I,92.0
201012,2010-12-01,11,JO5I,91.7
201101,2011-01-01,11,JO5I,93.7
201102,2011-02-01,11,JO5I,93.7
201103,2011-03-01,11,JO5I,92.5
201104,2011-04-01,11,JO5I,98.5
201105,2011-05-01,11,JO5I,93.9
201106,2011-06-01,11,JO5I,92.8
201107,2011-07-01,11,JO5I,93.3
201108,2011-08-01,11,JO5I,91.6
201109,2011-09-01,11,JO5I,90.8
201110,2011-10-01,11,JO5I,92.4
201111,2011-11-01,11,JO5I,92.1
201112,2011-12-01,11,JO5I,94.8
201201,2012-01-01,11,JO5I,93.7
201202,2012-02-01,11,JO5I,93.2
201203,2012-03-01,11,JO5I,94.6
201204,2012-04-01,11,JO5I,91.2
201205,2012-05-01,11,JO5I,92.0
201206,2012-06-01,11,JO5I,94.0
201207,2012-07-01,11,JO5I,93.5
201208,2012-08-01,11,JO5I,93.5
201209,2012-09-01,11,JO5I,94.5
201210,2012-10-01,11,JO5I,94.2
201211,2012-11-01,11,JO5I,91.2
201212,2012-12-01,11,JO5I,92.7
201301,2013-01-01,11,JO5I,93.8
201302,2013-02-01,11,JO5I,95.9
201303,2013-03-01,11,JO5I,92.4
201304,2013-04-01,11,JO5I,92.0
201305,2013-05-01,11,JO5I,93.9
201306,2013-06-01,11,JO5I,95.1
201307,2013-07-01,11,JO5I,93.8
201308,2013-08-01,11,JO5I,93.7
201309,2013-09-01,11,JO5I,96.9
201310,2013-10-01,11,JO5I,94.9
201311,2013-11-01,11,JO5I,95.4
201312,2013-12-01,11,JO5I,94.9
201401,2014-01-01,11,JO5I,96.3
201402,2014-02-01,11,JO5I,95.0
201403,2014-03-01,11,JO5I,98.2
201404,2014-04-01,11,JO5I,98.3
201405,2014-05-01,11,JO5I,99.6
201406,2014-06-01,11,JO5I,97.8
201407,2014-07-01,11,JO5I,98.9
201408,2014-08-01,11,JO5I,101.8
201409,2014-09-01,11,JO5I,95.1
201410,2014-10-01,11,JO5I,98.4
201411,2014-11-01,11,JO5I,100.0
201412,2014-12-01,11,JO5I,102.9
201501,2015-01-01,11,JO5I,99.7
201502,2015-02-01,11,JO5I,102.4
201503,2015-03-01,11,JO5I,102.5
201504,2015-04-01,11,JO5I,105.1
201505,2015-05-01,11,JO5I,101.8
201506,2015-06-01,11,JO5I,103.3
201507,2015-07-01,11,JO5I,99.7
201508,2015-08-01,11,JO5I,102.2
201509,2015-09-01,11,JO5I,101.2
201510,2015-10-01,11,JO5I,100.1
201511,2015-11-01,11,JO5I,101.0
201512,2015-12-01,11,JO5I,101.1
201601,2016-01-01,11,JO5I,99.3
201602,2016-02-01,11,JO5I,98.5
201603,2016-03-01,11,JO5I,95.0
201604,2016-04-01,11,JO5I,96.8
201605,2016-05-01,11,JO5I,98.4
201606,2016-06-01,11,JO5I,97.3
201607,2016-07-01,11,JO5I,101.8
201608,2016-08-01,11,JO5I,99.8
201609,2016-09-01,11,JO5I,97.3
201610,2016-10-01,11,JO5I,104.9
201611,2016-11-01,11,JO5I,100.4
201612,2016-12-01,11,JO5I,99.2
201701,2017-01-01,11,JO5I,101.4
201702,2017-02-01,11,JO5I,102.8
201703,2017-03-01,11,JO5I,103.4
201704,2017-04-01,11,JO5I,101.6
201705,2017-05-01,11,JO5I,101.8
201706,2017-06-01,11,JO5I,103.3
201707,2017-07-01,11,JO5I,103.4
201708,2017-08-01,11,JO5I,104.4
201709,2017-09-01,11,JO5I,103.2
201710,2017-10-01,11,JO5I,102.7
201711,2017-11-01,11,JO5I,103.1
201712,2017-12-01,11,JO5I,101.6
201801,2018-01-01,11,JO5I,101.1
201802,2018-02-01,11,JO5I,101.0
201803,2018-03-01,11,JO5I,99.5
201804,2018-04-01,11,JO5I,101.0
201805,2018-05-01,11,JO5I,103.9
201806,2018-06-01,11,JO5I,104.5
201807,2018-07-01,11,JO5I,106.2
201808,2018-08-01,11,JO5I,103.2
201809,2018-09-01,11,JO5I,104.2
201810,2018-10-01,11,JO5I,104.4
201811,2018-11-01,11,JO5I,104.9
201812,2018-12-01,11,JO5I,106.3
201901,2019-01-01,11,JO5I,105.1
201902,2019-02-01,11,JO5I,104.7
201903,2019-03-01,11,JO5I,107.4
201904,2019-04-01,11,JO5I,108.6
201905,2019-05-01,11,JO5I,102.9
201906,2019-06-01,11,JO5I,107.2
201907,2019-07-01,11,JO5I,106.9
201908,2019-08-01,11,JO5I,105.4
201909,2019-09-01,11,JO5I,105.5
201910,2019-10-01,11,JO5I,104.6
201911,2019-11-01,11,JO5I,101.4
201912,2019-12-01,11,JO5I,103.4
202001,2020-01-01,11,JO5I,105.8
202002,2020-02-01,11,JO5I,104.5
202003,2020-03-01,11,JO5I,67.3
202004,2020-04-01,11,JO5I,32.3
202005,2020-05-01,11,JO5I,40.0
202006,2020-06-01,11,JO5I,70.1
202007,2020-07-01,11,JO5I,82.1
202008,2020-08-01,11,JO5I,89.8
202009,2020-09-01,11,JO5I,90.9
202010,2020-10-01,11,JO5I,89.9
202011,2020-11-01,11,JO5I,71.0
202012,2020-12-01,11,JO5I,92.2
202101,2021-01-01,11,JO5I,56.1
202102,2021-02-01,11,JO5I,53.3
202103,2021-03-01,11,JO5I,61.9
202104,2021-04-01,11,JO5I,102.6
202105,2021-05-01,11,JO5I,97.6
202106,2021-06-01,11,JO5I,98.8
202107,2021-07-01,11,JO5I,97.1
202108,2021-08-01,11,JO5I,100.9
202109,2021-09-01,11,JO5I,103.2
202110,2021-10-01,11,JO5I,105.5
202111,2021-11-01,11,JO5I,105.5
202112,2021-12-01,11,JO5I,102.4
202201,2022-01-01,11,JO5I,94.5
202202,2022-02-01,11,JO5I,101.8
202203,2022-03-01,11,JO5I,101.2
202204,2022-04-01,11,JO5I,101.3
202205,2022-05-01,11,JO5I,104.1
202206,2022-06-01,11,JO5I,102.7
202207,2022-07-01,11,JO5I,102.1
202208,2022-08-01,11,JO5I,96.7
202209,2022-09-01,11,JO5I,97.7
202210,2022-10-01,11,JO5I,100.6
202211,2022-11-01,11,JO5I,101.4
202212,2022-12-01,11,JO5I,103.8
202301,2023-01-01,11,JO5I,103.6
202302,2023-02-01,11,JO5I,103.5
202303,2023-03-01,11,JO5I,100.5
202304,2023-04-01,11,JO5I,103.3
202305,2023-05-01,11,JO5I,101.8
202306,2023-06-01,11,JO5I,102.4
202307,2023-07-01,11,JO5I,99.5
202308,2023-08-01,11,JO5I,97.9
202309,2023-09-01,11,JO5I,94.2
202310,2023-10-01,11,JO5I,97.9
202311,2023-11-01,11,JO5I,99.7
202312,2023-12-01,11,JO5I,97.0
202401,2024-01-01,11,JO5I,96.8
202402,2024-02-01,11,JO5I,96.5
202403,2024-03-01,11,JO5I,95.9
202404,2024-04-01,11,JO5I,91.9
202405,2024-05-01,11,JO5I,96.8
202406,2024-06-01,11,JO5I,95.0
202407,2024-07-01,11,JO5I,95.1
202408,2024-08-01,11,JO5I,96.9
202409,2024-09-01,11,JO5I,96.2
202410,2024-10-01,11,JO5I,94.9
202411,2024-11-01,11,JO5I,91.7
202412,2024-12-01,11,JO5I,95.4
202501,2025-01-01,11,JO5I,94.4
202502,2025-02-01,11,JO5I,96.9
202503,2025-03-01,11,JO5I,98.2
202504,2025-04-01,11,JO5I,97.6
202505,2025-05-01,11,JO5I,92.3
202506,2025-06-01,11,JO5I,95.3
202507,2025-07-01,11,JO5I,98.5
202508,2025-08-01,11,JO5I,99.1
202509,2025-09-01,11,JO5I,103.5
202510,2025-10-01,11,JO5I,100.4
202511,2025-11-01,11,JO5I,100.2
202512,2025-12-01,11,JO5I,99.5
202601,2026-01-01,11,JO5I,101.4
202602,2026-02-01,11,JO5I,100.2
202603,2026-03-01,11,JO5I,101.6
202604,2026-04-01,11,JO5I,100.3
202605,2026-05-01,11,JO5I,100.9
202606,2026-06-01,11,JO5I,102.8
198801,1988-01-01,12,JO5J,44.2
198802,1988-02-01,12,JO5J,44.6
198803,1988-03-01,12,JO5J,43.0
198804,1988-04-01,12,JO5J,44.1
198805,1988-05-01,12,JO5J,44.5
198806,1988-06-01,12,JO5J,44.3
198807,1988-07-01,12,JO5J,44.2
198808,1988-08-01,12,JO5J,44.6
198809,1988-09-01,12,JO5J,44.6
198810,1988-10-01,12,JO5J,45.0
198811,1988-11-01,12,JO5J,46.7
198812,1988-12-01,12,JO5J,44.9
198901,1989-01-01,12,JO5J,46.4
198902,1989-02-01,12,JO5J,46.5
198903,1989-03-01,12,JO5J,47.9
198904,1989-04-01,12,JO5J,46.0
198905,1989-05-01,12,JO5J,50.6
198906,1989-06-01,12,JO5J,47.1
198907,1989-07-01,12,JO5J,44.7
198908,1989-08-01,12,JO5J,45.4
198909,1989-09-01,12,JO5J,46.6
198910,1989-10-01,12,JO5J,45.3
198911,1989-11-01,12,JO5J,45.8
198912,1989-12-01,12,JO5J,46.6
199001,1990-01-01,12,JO5J,50.0
199002,1990-02-01,12,JO5J,51.1
199003,1990-03-01,12,JO5J,51.3
199004,1990-04-01,12,JO5J,51.1
199005,1990-05-01,12,JO5J,54.3
199006,1990-06-01,12,JO5J,47.2
199007,1990-07-01,12,JO5J,49.7
199008,1990-08-01,12,JO5J,47.8
199009,1990-09-01,12,JO5J,48.4
199010,1990-10-01,12,JO5J,47.7
199011,1990-11-01,12,JO5J,46.5
199012,1990-12-01,12,JO5J,47.3
199101,1991-01-01,12,JO5J,42.4
199102,1991-02-01,12,JO5J,42.6
199103,1991-03-01,12,JO5J,45.5
199104,1991-04-01,12,JO5J,43.2
199105,1991-05-01,12,JO5J,42.8
199106,1991-06-01,12,JO5J,42.8
199107,1991-07-01,12,JO5J,44.1
199108,1991-08-01,12,JO5J,42.9
199109,1991-09-01,12,JO5J,41.9
199110,1991-10-01,12,JO5J,42.4
199111,1991-11-01,12,JO5J,42.9
199112,1991-12-01,12,JO5J,42.1
199201,1992-01-01,12,JO5J,36.6
199202,1992-02-01,12,JO5J,39.0
199203,1992-03-01,12,JO5J,38.4
199204,1992-04-01,12,JO5J,38.7
199205,1992-05-01,12,JO5J,41.4
199206,1992-06-01,12,JO5J,37.8
199207,1992-07-01,12,JO5J,38.3
199208,1992-08-01,12,JO5J,43.0
199209,1992-09-01,12,JO5J,38.5
199210,1992-10-01,12,JO5J,39.0
199211,1992-11-01,12,JO5J,38.5
199212,1992-12-01,12,JO5J,38.8
199301,1993-01-01,12,JO5J,39.8
199302,1993-02-01,12,JO5J,40.2
199303,1993-03-01,12,JO5J,39.0
199304,1993-04-01,12,JO5J,39.6
199305,1993-05-01,12,JO5J,37.8
199306,1993-06-01,12,JO5J,40.2
199307,1993-07-01,12,JO5J,38.7
199308,1993-08-01,12,JO5J,40.0
199309,1993-09-01,12,JO5J,39.9
199310,1993-10-01,12,JO5J,39.6
199311,1993-11-01,12,JO5J,39.1
199312,1993-12-01,12,JO5J,38.7
199401,1994-01-01,12,JO5J,43.8
199402,1994-02-01,12,JO5J,41.1
199403,1994-03-01,12,JO5J,40.8
199404,1994-04-01,12,JO5J,40.9
199405,1994-05-01,12,JO5J,40.8
199406,1994-06-01,12,JO5J,41.1
199407,1994-07-01,12,JO5J,41.4
199408,1994-08-01,12,JO5J,42.2
199409,1994-09-01,12,JO5J,43.2
199410,1994-10-01,12,JO5J,42.5
199411,1994-11-01,12,JO5J,41.1
199412,1994-12-01,12,JO5J,43.1
199501,1995-01-01,12,JO5J,42.6
199502,1995-02-01,12,JO5J,41.7
199503,1995-03-01,12,JO5J,40.2
199504,1995-04-01,12,JO5J,41.8
199505,1995-05-01,12,JO5J,41.7
199506,1995-06-01,12,JO5J,40.5
199507,1995-07-01,12,JO5J,40.9
199508,1995-08-01,12,JO5J,39.1
199509,1995-09-01,12,JO5J,41.3
199510,1995-10-01,12,JO5J,39.4
199511,1995-11-01,12,JO5J,40.5
199512,1995-12-01,12,JO5J,40.9
199601,1996-01-01,12,JO5J,39.3
199602,1996-02-01,12,JO5J,39.5
199603,1996-03-01,12,JO5J,40.3
199604,1996-04-01,12,JO5J,40.5
199605,1996-05-01,12,JO5J,38.8
199606,1996-06-01,12,JO5J,41.7
199607,1996-07-01,12,JO5J,41.3
199608,1996-08-01,12,JO5J,40.9
199609,1996-09-01,12,JO5J,40.2
199610,1996-10-01,12,JO5J,40.6
199611,1996-11-01,12,JO5J,41.7
199612,1996-12-01,12,JO5J,40.1
199701,1997-01-01,12,JO5J,40.9
199702,1997-02-01,12,JO5J,42.3
199703,1997-03-01,12,JO5J,44.7
199704,1997-04-01,12,JO5J,47.8
199705,1997-05-01,12,JO5J,44.7
199706,1997-06-01,12,JO5J,44.8
199707,1997-07-01,12,JO5J,44.1
199708,1997-08-01,12,JO5J,41.7
199709,1997-09-01,12,JO5J,43.1
199710,1997-10-01,12,JO5J,44.6
199711,1997-11-01,12,JO5J,43.9
199712,1997-12-01,12,JO5J,45.3
199801,1998-01-01,12,JO5J,44.0
199802,1998-02-01,12,JO5J,45.0
199803,1998-03-01,12,JO5J,43.9
199804,1998-04-01,12,JO5J,42.2
199805,1998-05-01,12,JO5J,44.4
199806,1998-06-01,12,JO5J,38.8
199807,1998-07-01,12,JO5J,41.0
199808,1998-08-01,12,JO5J,42.8
199809,1998-09-01,12,JO5J,39.9
199810,1998-10-01,12,JO5J,40.6
199811,1998-11-01,12,JO5J,41.5
199812,1998-12-01,12,JO5J,39.9
199901,1999-01-01,12,JO5J,42.1
199902,1999-02-01,12,JO5J,42.1
199903,1999-03-01,12,JO5J,42.7
199904,1999-04-01,12,JO5J,42.6
199905,1999-05-01,12,JO5J,41.8
199906,1999-06-01,12,JO5J,43.2
199907,1999-07-01,12,JO5J,43.7
199908,1999-08-01,12,JO5J,43.4
199909,1999-09-01,12,JO5J,42.2
199910,1999-10-01,12,JO5J,42.4
199911,1999-11-01,12,JO5J,42.6
199912,1999-12-01,12,JO5J,42.8
200001,2000-01-01,12,JO5J,44.8
200002,2000-02-01,12,JO5J,42.8
200003,2000-03-01,12,JO5J,41.9
200004,2000-04-01,12,JO5J,42.6
200005,2000-05-01,12,JO5J,44.6
200006,2000-06-01,12,JO5J,42.7
200007,2000-07-01,12,JO5J,43.9
200008,2000-08-01,12,JO5J,46.2
200009,2000-09-01,12,JO5J,46.9
200010,2000-10-01,12,JO5J,47.0
200011,2000-11-01,12,JO5J,44.4
200012,2000-12-01,12,JO5J,44.2
200101,2001-01-01,12,JO5J,45.3
200102,2001-02-01,12,JO5J,42.7
200103,2001-03-01,12,JO5J,42.6
200104,2001-04-01,12,JO5J,43.1
200105,2001-05-01,12,JO5J,45.0
200106,2001-06-01,12,JO5J,41.7
200107,2001-07-01,12,JO5J,43.1
200108,2001-08-01,12,JO5J,42.2
200109,2001-09-01,12,JO5J,43.6
200110,2001-10-01,12,JO5J,41.1
200111,2001-11-01,12,JO5J,43.2
200112,2001-12-01,12,JO5J,43.7
200201,2002-01-01,12,JO5J,42.8
200202,2002-02-01,12,JO5J,45.5
200203,2002-03-01,12,JO5J,42.9
200204,2002-04-01,12,JO5J,43.5
200205,2002-05-01,12,JO5J,43.8
200206,2002-06-01,12,JO5J,46.6
200207,2002-07-01,12,JO5J,47.1
200208,2002-08-01,12,JO5J,47.7
200209,2002-09-01,12,JO5J,44.7
200210,2002-10-01,12,JO5J,46.2
200211,2002-11-01,12,JO5J,47.3
200212,2002-12-01,12,JO5J,46.7
200301,2003-01-01,12,JO5J,44.0
200302,2003-02-01,12,JO5J,47.8
200303,2003-03-01,12,JO5J,50.5
200304,2003-04-01,12,JO5J,53.3
200305,2003-05-01,12,JO5J,46.5
200306,2003-06-01,12,JO5J,51.6
200307,2003-07-01,12,JO5J,51.7
200308,2003-08-01,12,JO5J,49.0
200309,2003-09-01,12,JO5J,52.9
200310,2003-10-01,12,JO5J,51.7
200311,2003-11-01,12,JO5J,50.6
200312,2003-12-01,12,JO5J,51.7
200401,2004-01-01,12,JO5J,49.3
200402,2004-02-01,12,JO5J,50.1
200403,2004-03-01,12,JO5J,53.1
200404,2004-04-01,12,JO5J,53.4
200405,2004-05-01,12,JO5J,53.5
200406,2004-06-01,12,JO5J,54.2
200407,2004-07-01,12,JO5J,52.4
200408,2004-08-01,12,JO5J,53.6
200409,2004-09-01,12,JO5J,53.7
200410,2004-10-01,12,JO5J,56.1
200411,2004-11-01,12,JO5J,55.5
200412,2004-12-01,12,JO5J,55.1
200501,2005-01-01,12,JO5J,58.5
200502,2005-02-01,12,JO5J,62.3
200503,2005-03-01,12,JO5J,56.1
200504,2005-04-01,12,JO5J,52.8
200505,2005-05-01,12,JO5J,54.0
200506,2005-06-01,12,JO5J,54.5
200507,2005-07-01,12,JO5J,54.3
200508,2005-08-01,12,JO5J,54.3
200509,2005-09-01,12,JO5J,55.8
200510,2005-10-01,12,JO5J,55.1
200511,2005-11-01,12,JO5J,59.8
200512,2005-12-01,12,JO5J,56.3
200601,2006-01-01,12,JO5J,55.5
200602,2006-02-01,12,JO5J,54.7
200603,2006-03-01,12,JO5J,54.1
200604,2006-04-01,12,JO5J,55.5
200605,2006-05-01,12,JO5J,57.0
200606,2006-06-01,12,JO5J,55.8
200607,2006-07-01,12,JO5J,56.4
200608,2006-08-01,12,JO5J,54.1
200609,2006-09-01,12,JO5J,55.6
200610,2006-10-01,12,JO5J,58.1
200611,2006-11-01,12,JO5J,57.2
200612,2006-12-01,12,JO5J,59.1
200701,2007-01-01,12,JO5J,55.5
200702,2007-02-01,12,JO5J,56.0
200703,2007-03-01,12,JO5J,56.7
200704,2007-04-01,12,JO5J,64.2
200705,2007-05-01,12,JO5J,58.1
200706,2007-06-01,12,JO5J,57.9
200707,2007-07-01,12,JO5J,58.9
200708,2007-08-01,12,JO5J,61.2
200709,2007-09-01,12,JO5J,59.7
200710,2007-10-01,12,JO5J,57.9
200711,2007-11-01,12,JO5J,58.0
200712,2007-12-01,12,JO5J,58.1
200801,2008-01-01,12,JO5J,59.6
200802,2008-02-01,12,JO5J,61.8
200803,2008-03-01,12,JO5J,61.1
200804,2008-04-01,12,JO5J,56.7
200805,2008-05-01,12,JO5J,64.6
200806,2008-06-01,12,JO5J,61.7
200807,2008-07-01,12,JO5J,61.2
200808,2008-08-01,12,JO5J,63.8
200809,2008-09-01,12,JO5J,63.7
200810,2008-10-01,12,JO5J,59.7
200811,2008-11-01,12,JO5J,62.7
200812,2008-12-01,12,JO5J,63.9
200901,2009-01-01,12,JO5J,64.3
200902,2009-02-01,12,JO5J,66.0
200903,2009-03-01,12,JO5J,65.7
200904,2009-04-01,12,JO5J,70.5
200905,2009-05-01,12,JO5J,66.3
200906,2009-06-01,12,JO5J,65.5
200907,2009-07-01,12,JO5J,63.7
200908,2009-08-01,12,JO5J,63.9
200909,2009-09-01,12,JO5J,62.1
200910,2009-10-01,12,JO5J,64.2
200911,2009-11-01,12,JO5J,63.4
200912,2009-12-01,12,JO5J,61.9
201001,2010-01-01,12,JO5J,65.8
201002,2010-02-01,12,JO5J,68.1
201003,2010-03-01,12,JO5J,68.5
201004,2010-04-01,12,JO5J,68.5
201005,2010-05-01,12,JO5J,68.9
201006,2010-06-01,12,JO5J,69.8
201007,2010-07-01,12,JO5J,72.6
201008,2010-08-01,12,JO5J,71.1
201009,2010-09-01,12,JO5J,72.3
201010,2010-10-01,12,JO5J,72.1
201011,2010-11-01,12,JO5J,73.1
201012,2010-12-01,12,JO5J,70.3
201101,2011-01-01,12,JO5J,70.8
201102,2011-02-01,12,JO5J,69.6
201103,2011-03-01,12,JO5J,68.5
201104,2011-04-01,12,JO5J,73.3
201105,2011-05-01,12,JO5J,70.5
201106,2011-06-01,12,JO5J,72.9
201107,2011-07-01,12,JO5J,75.3
201108,2011-08-01,12,JO5J,68.3
201109,2011-09-01,12,JO5J,71.2
201110,2011-10-01,12,JO5J,71.6
201111,2011-11-01,12,JO5J,74.5
201112,2011-12-01,12,JO5J,75.0
201201,2012-01-01,12,JO5J,74.0
201202,2012-02-01,12,JO5J,72.5
201203,2012-03-01,12,JO5J,76.4
201204,2012-04-01,12,JO5J,72.0
201205,2012-05-01,12,JO5J,73.6
201206,2012-06-01,12,JO5J,73.6
201207,2012-07-01,12,JO5J,73.9
201208,2012-08-01,12,JO5J,73.1
201209,2012-09-01,12,JO5J,75.6
201210,2012-10-01,12,JO5J,76.9
201211,2012-11-01,12,JO5J,70.3
201212,2012-12-01,12,JO5J,72.2
201301,2013-01-01,12,JO5J,77.3
201302,2013-02-01,12,JO5J,79.1
201303,2013-03-01,12,JO5J,68.5
201304,2013-04-01,12,JO5J,69.9
201305,2013-05-01,12,JO5J,70.1
201306,2013-06-01,12,JO5J,67.7
201307,2013-07-01,12,JO5J,68.5
201308,2013-08-01,12,JO5J,71.1
201309,2013-09-01,12,JO5J,74.6
201310,2013-10-01,12,JO5J,72.8
201311,2013-11-01,12,JO5J,71.1
201312,2013-12-01,12,JO5J,75.8
201401,2014-01-01,12,JO5J,69.5
201402,2014-02-01,12,JO5J,73.4
201403,2014-03-01,12,JO5J,76.9
201404,2014-04-01,12,JO5J,71.1
201405,2014-05-01,12,JO5J,69.2
201406,2014-06-01,12,JO5J,71.7
201407,2014-07-01,12,JO5J,70.7
201408,2014-08-01,12,JO5J,71.6
201409,2014-09-01,12,JO5J,70.0
201410,2014-10-01,12,JO5J,72.8
201411,2014-11-01,12,JO5J,73.0
201412,2014-12-01,12,JO5J,74.2
201501,2015-01-01,12,JO5J,73.5
201502,2015-02-01,12,JO5J,75.2
201503,2015-03-01,12,JO5J,69.8
201504,2015-04-01,12,JO5J,77.0
201505,2015-05-01,12,JO5J,75.6
201506,2015-06-01,12,JO5J,78.2
201507,2015-07-01,12,JO5J,75.2
201508,2015-08-01,12,JO5J,78.9
201509,2015-09-01,12,JO5J,77.0
201510,2015-10-01,12,JO5J,75.2
201511,2015-11-01,12,JO5J,76.8
201512,2015-12-01,12,JO5J,75.1
201601,2016-01-01,12,JO5J,76.6
201602,2016-02-01,12,JO5J,73.9
201603,2016-03-01,12,JO5J,82.5
201604,2016-04-01,12,JO5J,76.3
201605,2016-05-01,12,JO5J,80.8
201606,2016-06-01,12,JO5J,76.6
201607,2016-07-01,12,JO5J,86.2
201608,2016-08-01,12,JO5J,80.7
201609,2016-09-01,12,JO5J,77.6
201610,2016-10-01,12,JO5J,80.9
201611,2016-11-01,12,JO5J,81.2
201612,2016-12-01,12,JO5J,80.0
201701,2017-01-01,12,JO5J,79.3
201702,2017-02-01,12,JO5J,79.3
201703,2017-03-01,12,JO5J,83.2
201704,2017-04-01,12,JO5J,84.0
201705,2017-05-01,12,JO5J,81.9
201706,2017-06-01,12,JO5J,85.4
201707,2017-07-01,12,JO5J,83.5
201708,2017-08-01,12,JO5J,80.2
201709,2017-09-01,12,JO5J,86.1
201710,2017-10-01,12,JO5J,80.8
201711,2017-11-01,12,JO5J,80.7
201712,2017-12-01,12,JO5J,82.1
201801,2018-01-01,12,JO5J,81.6
201802,2018-02-01,12,JO5J,79.3
201803,2018-03-01,12,JO5J,77.0
201804,2018-04-01,12,JO5J,75.3
201805,2018-05-01,12,JO5J,77.7
201806,2018-06-01,12,JO5J,77.8
201807,2018-07-01,12,JO5J,82.5
201808,2018-08-01,12,JO5J,77.1
201809,2018-09-01,12,JO5J,74.3
201810,2018-10-01,12,JO5J,75.1
201811,2018-11-01,12,JO5J,76.2
201812,2018-12-01,12,JO5J,79.5
201901,2019-01-01,12,JO5J,87.2
201902,2019-02-01,12,JO5J,84.6
201903,2019-03-01,12,JO5J,79.1
201904,2019-04-01,12,JO5J,84.4
201905,2019-05-01,12,JO5J,82.1
201906,2019-06-01,12,JO5J,85.5
201907,2019-07-01,12,JO5J,87.2
201908,2019-08-01,12,JO5J,89.2
201909,2019-09-01,12,JO5J,86.5
201910,2019-10-01,12,JO5J,85.2
201911,2019-11-01,12,JO5J,86.3
201912,2019-12-01,12,JO5J,86.3
202001,2020-01-01,12,JO5J,93.5
202002,2020-02-01,12,JO5J,82.8
202003,2020-03-01,12,JO5J,50.2
202004,2020-04-01,12,JO5J,27.8
202005,2020-05-01,12,JO5J,28.6
202006,2020-06-01,12,JO5J,46.9
202007,2020-07-01,12,JO5J,56.4
202008,2020-08-01,12,JO5J,75.0
202009,2020-09-01,12,JO5J,77.7
202010,2020-10-01,12,JO5J,72.7
202011,2020-11-01,12,JO5J,54.7
202012,2020-12-01,12,JO5J,69.7
202101,2021-01-01,12,JO5J,45.5
202102,2021-02-01,12,JO5J,45.7
202103,2021-03-01,12,JO5J,47.9
202104,2021-04-01,12,JO5J,75.7
202105,2021-05-01,12,JO5J,78.2
202106,2021-06-01,12,JO5J,76.1
202107,2021-07-01,12,JO5J,71.3
202108,2021-08-01,12,JO5J,78.3
202109,2021-09-01,12,JO5J,75.8
202110,2021-10-01,12,JO5J,83.2
202111,2021-11-01,12,JO5J,83.9
202112,2021-12-01,12,JO5J,80.2
202201,2022-01-01,12,JO5J,76.0
202202,2022-02-01,12,JO5J,85.5
202203,2022-03-01,12,JO5J,84.0
202204,2022-04-01,12,JO5J,88.2
202205,2022-05-01,12,JO5J,80.7
202206,2022-06-01,12,JO5J,84.4
202207,2022-07-01,12,JO5J,88.1
202208,2022-08-01,12,JO5J,87.6
202209,2022-09-01,12,JO5J,90.2
202210,2022-10-01,12,JO5J,92.0
202211,2022-11-01,12,JO5J,93.3
202212,2022-12-01,12,JO5J,97.4
202301,2023-01-01,12,JO5J,96.5
202302,2023-02-01,12,JO5J,100.7
202303,2023-03-01,12,JO5J,101.2
202304,2023-04-01,12,JO5J,99.0
202305,2023-05-01,12,JO5J,92.0
202306,2023-06-01,12,JO5J,106.5
202307,2023-07-01,12,JO5J,99.4
202308,2023-08-01,12,JO5J,100.7
202309,2023-09-01,12,JO5J,100.8
202310,2023-10-01,12,JO5J,100.7
202311,2023-11-01,12,JO5J,102.5
202312,2023-12-01,12,JO5J,98.3
202401,2024-01-01,12,JO5J,98.1
202402,2024-02-01,12,JO5J,94.8
202403,2024-03-01,12,JO5J,94.8
202404,2024-04-01,12,JO5J,99.2
202405,2024-05-01,12,JO5J,105.1
202406,2024-06-01,12,JO5J,104.8
202407,2024-07-01,12,JO5J,100.3
202408,2024-08-01,12,JO5J,103.3
202409,2024-09-01,12,JO5J,103.1
202410,2024-10-01,12,JO5J,99.8
202411,2024-11-01,12,JO5J,91.5
202412,2024-12-01,12,JO5J,97.9
202501,2025-01-01,12,JO5J,89.6
202502,2025-02-01,12,JO5J,105.2
202503,2025-03-01,12,JO5J,101.3
202504,2025-04-01,12,JO5J,103.0
202505,2025-05-01,12,JO5J,102.7
202506,2025-06-01,12,JO5J,98.3
202507,2025-07-01,12,JO5J,102.2
202508,2025-08-01,12,JO5J,99.1
202509,2025-09-01,12,JO5J,100.6
202510,2025-10-01,12,JO5J,101.1
202511,2025-11-01,12,JO5J,116.7
202512,2025-12-01,12,JO5J,105.1
202601,2026-01-01,12,JO5J,100.8
202602,2026-02-01,12,JO5J,97.9
202603,2026-03-01,12,JO5J,98.9
202604,2026-04-01,12,JO5J,94.3
202605,2026-05-01,12,JO5J,95.7
202606,2026-06-01,12,JO5J,97.4
198801,1988-01-01,13,EAPY,66.9
198802,1988-02-01,13,EAPY,65.1
198803,1988-03-01,13,EAPY,65.6
198804,1988-04-01,13,EAPY,67.2
198805,1988-05-01,13,EAPY,67.6
198806,1988-06-01,13,EAPY,67.8
198807,1988-07-01,13,EAPY,72.9
198808,1988-08-01,13,EAPY,70.7
198809,1988-09-01,13,EAPY,70.1
198810,1988-10-01,13,EAPY,71.2
198811,1988-11-01,13,EAPY,70.9
198812,1988-12-01,13,EAPY,71.5
198901,1989-01-01,13,EAPY,70.2
198902,1989-02-01,13,EAPY,69.7
198903,1989-03-01,13,EAPY,68.8
198904,1989-04-01,13,EAPY,72.7
198905,1989-05-01,13,EAPY,70.8
198906,1989-06-01,13,EAPY,68.8
198907,1989-07-01,13,EAPY,68.7
198908,1989-08-01,13,EAPY,70.2
198909,1989-09-01,13,EAPY,70.2
198910,1989-10-01,13,EAPY,70.7
198911,1989-11-01,13,EAPY,70.7
198912,1989-12-01,13,EAPY,71.8
199001,1990-01-01,13,EAPY,71.1
199002,1990-02-01,13,EAPY,71.7
199003,1990-03-01,13,EAPY,70.1
199004,1990-04-01,13,EAPY,69.3
199005,1990-05-01,13,EAPY,71.6
199006,1990-06-01,13,EAPY,70.3
199007,1990-07-01,13,EAPY,68.9
199008,1990-08-01,13,EAPY,69.0
199009,1990-09-01,13,EAPY,67.9
199010,1990-10-01,13,EAPY,68.5
199011,1990-11-01,13,EAPY,67.8
199012,1990-12-01,13,EAPY,69.8
199101,1991-01-01,13,EAPY,66.4
199102,1991-02-01,13,EAPY,65.3
199103,1991-03-01,13,EAPY,70.8
199104,1991-04-01,13,EAPY,67.0
199105,1991-05-01,13,EAPY,64.8
199106,1991-06-01,13,EAPY,66.1
199107,1991-07-01,13,EAPY,66.0
199108,1991-08-01,13,EAPY,64.2
199109,1991-09-01,13,EAPY,65.3
199110,1991-10-01,13,EAPY,63.6
199111,1991-11-01,13,EAPY,65.4
199112,1991-12-01,13,EAPY,65.8
199201,1992-01-01,13,EAPY,65.2
199202,1992-02-01,13,EAPY,65.3
199203,1992-03-01,13,EAPY,64.5
199204,1992-04-01,13,EAPY,64.3
199205,1992-05-01,13,EAPY,63.1
199206,1992-06-01,13,EAPY,64.7
199207,1992-07-01,13,EAPY,63.9
199208,1992-08-01,13,EAPY,65.6
199209,1992-09-01,13,EAPY,64.8
199210,1992-10-01,13,EAPY,63.5
199211,1992-11-01,13,EAPY,64.2
199212,1992-12-01,13,EAPY,64.0
199301,1993-01-01,13,EAPY,67.1
199302,1993-02-01,13,EAPY,67.3
199303,1993-03-01,13,EAPY,67.5
199304,1993-04-01,13,EAPY,68.1
199305,1993-05-01,13,EAPY,67.6
199306,1993-06-01,13,EAPY,68.9
199307,1993-07-01,13,EAPY,68.3
199308,1993-08-01,13,EAPY,69.7
199309,1993-09-01,13,EAPY,69.5
199310,1993-10-01,13,EAPY,69.5
199311,1993-11-01,13,EAPY,69.5
199312,1993-12-01,13,EAPY,67.4
199401,1994-01-01,13,EAPY,72.8
199402,1994-02-01,13,EAPY,69.8
199403,1994-03-01,13,EAPY,70.4
199404,1994-04-01,13,EAPY,70.7
199405,1994-05-01,13,EAPY,71.5
199406,1994-06-01,13,EAPY,69.9
199407,1994-07-01,13,EAPY,69.0
199408,1994-08-01,13,EAPY,71.2
199409,1994-09-01,13,EAPY,71.2
199410,1994-10-01,13,EAPY,71.4
199411,1994-11-01,13,EAPY,71.5
199412,1994-12-01,13,EAPY,71.8
199501,1995-01-01,13,EAPY,70.5
199502,1995-02-01,13,EAPY,70.4
199503,1995-03-01,13,EAPY,70.7
199504,1995-04-01,13,EAPY,69.4
199505,1995-05-01,13,EAPY,70.6
199506,1995-06-01,13,EAPY,70.5
199507,1995-07-01,13,EAPY,70.2
199508,1995-08-01,13,EAPY,69.7
199509,1995-09-01,13,EAPY,71.6
199510,1995-10-01,13,EAPY,73.1
199511,1995-11-01,13,EAPY,73.1
199512,1995-12-01,13,EAPY,73.8
199601,1996-01-01,13,EAPY,71.1
199602,1996-02-01,13,EAPY,73.5
199603,1996-03-01,13,EAPY,74.1
199604,1996-04-01,13,EAPY,73.3
199605,1996-05-01,13,EAPY,76.2
199606,1996-06-01,13,EAPY,74.5
199607,1996-07-01,13,EAPY,74.8
199608,1996-08-01,13,EAPY,75.7
199609,1996-09-01,13,EAPY,77.8
199610,1996-10-01,13,EAPY,78.1
199611,1996-11-01,13,EAPY,79.3
199612,1996-12-01,13,EAPY,78.0
199701,1997-01-01,13,EAPY,77.3
199702,1997-02-01,13,EAPY,79.4
199703,1997-03-01,13,EAPY,77.5
199704,1997-04-01,13,EAPY,80.3
199705,1997-05-01,13,EAPY,80.5
199706,1997-06-01,13,EAPY,86.5
199707,1997-07-01,13,EAPY,82.9
199708,1997-08-01,13,EAPY,82.2
199709,1997-09-01,13,EAPY,81.2
199710,1997-10-01,13,EAPY,82.9
199711,1997-11-01,13,EAPY,83.8
199712,1997-12-01,13,EAPY,85.4
199801,1998-01-01,13,EAPY,85.4
199802,1998-02-01,13,EAPY,84.2
199803,1998-03-01,13,EAPY,84.5
199804,1998-04-01,13,EAPY,86.2
199805,1998-05-01,13,EAPY,84.2
199806,1998-06-01,13,EAPY,85.7
199807,1998-07-01,13,EAPY,86.4
199808,1998-08-01,13,EAPY,84.9
199809,1998-09-01,13,EAPY,87.7
199810,1998-10-01,13,EAPY,85.5
199811,1998-11-01,13,EAPY,85.7
199812,1998-12-01,13,EAPY,88.2
199901,1999-01-01,13,EAPY,89.5
199902,1999-02-01,13,EAPY,88.6
199903,1999-03-01,13,EAPY,88.0
199904,1999-04-01,13,EAPY,87.7
199905,1999-05-01,13,EAPY,90.5
199906,1999-06-01,13,EAPY,91.2
199907,1999-07-01,13,EAPY,91.1
199908,1999-08-01,13,EAPY,93.9
199909,1999-09-01,13,EAPY,92.5
199910,1999-10-01,13,EAPY,93.5
199911,1999-11-01,13,EAPY,94.4
199912,1999-12-01,13,EAPY,92.6
200001,2000-01-01,13,EAPY,99.9
200002,2000-02-01,13,EAPY,92.8
200003,2000-03-01,13,EAPY,95.9
200004,2000-04-01,13,EAPY,93.7
200005,2000-05-01,13,EAPY,95.3
200006,2000-06-01,13,EAPY,96.1
200007,2000-07-01,13,EAPY,96.4
200008,2000-08-01,13,EAPY,97.3
200009,2000-09-01,13,EAPY,96.0
200010,2000-10-01,13,EAPY,96.8
200011,2000-11-01,13,EAPY,99.2
200012,2000-12-01,13,EAPY,100.1
200101,2001-01-01,13,EAPY,101.7
200102,2001-02-01,13,EAPY,110.0
200103,2001-03-01,13,EAPY,110.9
200104,2001-04-01,13,EAPY,113.5
200105,2001-05-01,13,EAPY,114.4
200106,2001-06-01,13,EAPY,113.7
200107,2001-07-01,13,EAPY,114.6
200108,2001-08-01,13,EAPY,116.5
200109,2001-09-01,13,EAPY,115.1
200110,2001-10-01,13,EAPY,120.9
200111,2001-11-01,13,EAPY,116.6
200112,2001-12-01,13,EAPY,122.5
200201,2002-01-01,13,EAPY,117.4
200202,2002-02-01,13,EAPY,119.8
200203,2002-03-01,13,EAPY,122.0
200204,2002-04-01,13,EAPY,121.7
200205,2002-05-01,13,EAPY,122.3
200206,2002-06-01,13,EAPY,119.4
200207,2002-07-01,13,EAPY,120.3
200208,2002-08-01,13,EAPY,120.2
200209,2002-09-01,13,EAPY,123.8
200210,2002-10-01,13,EAPY,122.6
200211,2002-11-01,13,EAPY,126.1
200212,2002-12-01,13,EAPY,120.9
200301,2003-01-01,13,EAPY,118.1
200302,2003-02-01,13,EAPY,119.9
200303,2003-03-01,13,EAPY,120.6
200304,2003-04-01,13,EAPY,121.5
200305,2003-05-01,13,EAPY,124.8
200306,2003-06-01,13,EAPY,122.5
200307,2003-07-01,13,EAPY,123.0
200308,2003-08-01,13,EAPY,122.8
200309,2003-09-01,13,EAPY,124.6
200310,2003-10-01,13,EAPY,124.6
200311,2003-11-01,13,EAPY,124.6
200312,2003-12-01,13,EAPY,124.6
200401,2004-01-01,13,EAPY,126.2
200402,2004-02-01,13,EAPY,127.5
200403,2004-03-01,13,EAPY,127.2
200404,2004-04-01,13,EAPY,127.1
200405,2004-05-01,13,EAPY,126.7
200406,2004-06-01,13,EAPY,128.2
200407,2004-07-01,13,EAPY,130.3
200408,2004-08-01,13,EAPY,127.9
200409,2004-09-01,13,EAPY,130.2
200410,2004-10-01,13,EAPY,126.7
200411,2004-11-01,13,EAPY,130.2
200412,2004-12-01,13,EAPY,123.2
200501,2005-01-01,13,EAPY,127.2
200502,2005-02-01,13,EAPY,125.3
200503,2005-03-01,13,EAPY,123.2
200504,2005-04-01,13,EAPY,124.1
200505,2005-05-01,13,EAPY,122.5
200506,2005-06-01,13,EAPY,122.4
200507,2005-07-01,13,EAPY,120.8
200508,2005-08-01,13,EAPY,120.0
200509,2005-09-01,13,EAPY,121.8
200510,2005-10-01,13,EAPY,122.4
200511,2005-11-01,13,EAPY,121.7
200512,2005-12-01,13,EAPY,124.9
200601,2006-01-01,13,EAPY,123.4
200602,2006-02-01,13,EAPY,122.0
200603,2006-03-01,13,EAPY,123.3
200604,2006-04-01,13,EAPY,127.1
200605,2006-05-01,13,EAPY,126.3
200606,2006-06-01,13,EAPY,128.4
200607,2006-07-01,13,EAPY,122.4
200608,2006-08-01,13,EAPY,127.4
200609,2006-09-01,13,EAPY,124.9
200610,2006-10-01,13,EAPY,125.5
200611,2006-11-01,13,EAPY,127.3
200612,2006-12-01,13,EAPY,129.4
200701,2007-01-01,13,EAPY,129.7
200702,2007-02-01,13,EAPY,131.0
200703,2007-03-01,13,EAPY,130.2
200704,2007-04-01,13,EAPY,128.3
200705,2007-05-01,13,EAPY,129.9
200706,2007-06-01,13,EAPY,131.6
200707,2007-07-01,13,EAPY,132.7
200708,2007-08-01,13,EAPY,129.8
200709,2007-09-01,13,EAPY,127.7
200710,2007-10-01,13,EAPY,127.3
200711,2007-11-01,13,EAPY,126.2
200712,2007-12-01,13,EAPY,127.3
200801,2008-01-01,13,EAPY,128.6
200802,2008-02-01,13,EAPY,128.5
200803,2008-03-01,13,EAPY,127.4
200804,2008-04-01,13,EAPY,127.0
200805,2008-05-01,13,EAPY,128.6
200806,2008-06-01,13,EAPY,123.5
200807,2008-07-01,13,EAPY,122.2
200808,2008-08-01,13,EAPY,122.9
200809,2008-09-01,13,EAPY,120.3
200810,2008-10-01,13,EAPY,117.2
200811,2008-11-01,13,EAPY,119.4
200812,2008-12-01,13,EAPY,120.5
200901,2009-01-01,13,EAPY,118.6
200902,2009-02-01,13,EAPY,114.8
200903,2009-03-01,13,EAPY,114.2
200904,2009-04-01,13,EAPY,113.8
200905,2009-05-01,13,EAPY,114.3
200906,2009-06-01,13,EAPY,112.6
200907,2009-07-01,13,EAPY,116.4
200908,2009-08-01,13,EAPY,116.1
200909,2009-09-01,13,EAPY,116.2
200910,2009-10-01,13,EAPY,116.6
200911,2009-11-01,13,EAPY,117.0
200912,2009-12-01,13,EAPY,117.2
201001,2010-01-01,13,EAPY,99.3
201002,2010-02-01,13,EAPY,112.0
201003,2010-03-01,13,EAPY,114.0
201004,2010-04-01,13,EAPY,108.6
201005,2010-05-01,13,EAPY,110.2
201006,2010-06-01,13,EAPY,109.6
201007,2010-07-01,13,EAPY,109.6
201008,2010-08-01,13,EAPY,109.3
201009,2010-09-01,13,EAPY,107.3
201010,2010-10-01,13,EAPY,105.2
201011,2010-11-01,13,EAPY,103.0
201012,2010-12-01,13,EAPY,99.1
201101,2011-01-01,13,EAPY,103.4
201102,2011-02-01,13,EAPY,102.9
201103,2011-03-01,13,EAPY,102.2
201104,2011-04-01,13,EAPY,101.9
201105,2011-05-01,13,EAPY,100.4
201106,2011-06-01,13,EAPY,101.3
201107,2011-07-01,13,EAPY,100.6
201108,2011-08-01,13,EAPY,99.6
201109,2011-09-01,13,EAPY,100.6
201110,2011-10-01,13,EAPY,100.9
201111,2011-11-01,13,EAPY,97.5
201112,2011-12-01,13,EAPY,98.5
201201,2012-01-01,13,EAPY,97.5
201202,2012-02-01,13,EAPY,97.3
201203,2012-03-01,13,EAPY,99.8
201204,2012-04-01,13,EAPY,100.7
201205,2012-05-01,13,EAPY,100.6
201206,2012-06-01,13,EAPY,100.7
201207,2012-07-01,13,EAPY,98.2
201208,2012-08-01,13,EAPY,96.3
201209,2012-09-01,13,EAPY,96.2
201210,2012-10-01,13,EAPY,95.7
201211,2012-11-01,13,EAPY,97.2
201212,2012-12-01,13,EAPY,97.3
201301,2013-01-01,13,EAPY,93.8
201302,2013-02-01,13,EAPY,96.9
201303,2013-03-01,13,EAPY,92.3
201304,2013-04-01,13,EAPY,93.9
201305,2013-05-01,13,EAPY,99.5
201306,2013-06-01,13,EAPY,97.0
201307,2013-07-01,13,EAPY,96.3
201308,2013-08-01,13,EAPY,92.6
201309,2013-09-01,13,EAPY,95.9
201310,2013-10-01,13,EAPY,94.7
201311,2013-11-01,13,EAPY,95.0
201312,2013-12-01,13,EAPY,97.6
201401,2014-01-01,13,EAPY,101.0
201402,2014-02-01,13,EAPY,98.3
201403,2014-03-01,13,EAPY,99.4
201404,2014-04-01,13,EAPY,99.4
201405,2014-05-01,13,EAPY,98.3
201406,2014-06-01,13,EAPY,101.7
201407,2014-07-01,13,EAPY,100.1
201408,2014-08-01,13,EAPY,103.2
201409,2014-09-01,13,EAPY,101.5
201410,2014-10-01,13,EAPY,104.7
201411,2014-11-01,13,EAPY,103.1
201412,2014-12-01,13,EAPY,105.8
201501,2015-01-01,13,EAPY,106.5
201502,2015-02-01,13,EAPY,106.3
201503,2015-03-01,13,EAPY,110.9
201504,2015-04-01,13,EAPY,108.0
201505,2015-05-01,13,EAPY,109.0
201506,2015-06-01,13,EAPY,108.2
201507,2015-07-01,13,EAPY,112.6
201508,2015-08-01,13,EAPY,107.0
201509,2015-09-01,13,EAPY,110.4
201510,2015-10-01,13,EAPY,109.0
201511,2015-11-01,13,EAPY,108.9
201512,2015-12-01,13,EAPY,109.9
201601,2016-01-01,13,EAPY,113.2
201602,2016-02-01,13,EAPY,113.0
201603,2016-03-01,13,EAPY,108.2
201604,2016-04-01,13,EAPY,109.0
201605,2016-05-01,13,EAPY,112.6
201606,2016-06-01,13,EAPY,109.3
201607,2016-07-01,13,EAPY,112.7
201608,2016-08-01,13,EAPY,107.2
201609,2016-09-01,13,EAPY,108.2
201610,2016-10-01,13,EAPY,111.8
201611,2016-11-01,13,EAPY,114.1
201612,2016-12-01,13,EAPY,112.1
201701,2017-01-01,13,EAPY,109.2
201702,2017-02-01,13,EAPY,110.3
201703,2017-03-01,13,EAPY,110.3
201704,2017-04-01,13,EAPY,116.1
201705,2017-05-01,13,EAPY,107.1
201706,2017-06-01,13,EAPY,109.2
201707,2017-07-01,13,EAPY,111.6
201708,2017-08-01,13,EAPY,106.0
201709,2017-09-01,13,EAPY,108.7
201710,2017-10-01,13,EAPY,111.7
201711,2017-11-01,13,EAPY,110.3
201712,2017-12-01,13,EAPY,107.7
201801,2018-01-01,13,EAPY,111.0
201802,2018-02-01,13,EAPY,112.0
201803,2018-03-01,13,EAPY,113.6
201804,2018-04-01,13,EAPY,113.9
201805,2018-05-01,13,EAPY,114.3
201806,2018-06-01,13,EAPY,112.0
201807,2018-07-01,13,EAPY,111.8
201808,2018-08-01,13,EAPY,115.8
201809,2018-09-01,13,EAPY,117.8
201810,2018-10-01,13,EAPY,116.2
201811,2018-11-01,13,EAPY,117.5
201812,2018-12-01,13,EAPY,115.9
201901,2019-01-01,13,EAPY,110.7
201902,2019-02-01,13,EAPY,110.0
201903,2019-03-01,13,EAPY,112.2
201904,2019-04-01,13,EAPY,110.2
201905,2019-05-01,13,EAPY,110.9
201906,2019-06-01,13,EAPY,112.1
201907,2019-07-01,13,EAPY,108.2
201908,2019-08-01,13,EAPY,109.7
201909,2019-09-01,13,EAPY,113.3
201910,2019-10-01,13,EAPY,111.3
201911,2019-11-01,13,EAPY,110.7
201912,2019-12-01,13,EAPY,112.3
202001,2020-01-01,13,EAPY,110.4
202002,2020-02-01,13,EAPY,111.3
202003,2020-03-01,13,EAPY,101.3
202004,2020-04-01,13,EAPY,53.6
202005,2020-05-01,13,EAPY,77.1
202006,2020-06-01,13,EAPY,110.7
202007,2020-07-01,13,EAPY,121.2
202008,2020-08-01,13,EAPY,123.6
202009,2020-09-01,13,EAPY,127.5
202010,2020-10-01,13,EAPY,133.0
202011,2020-11-01,13,EAPY,126.6
202012,2020-12-01,13,EAPY,126.8
202101,2021-01-01,13,EAPY,99.2
202102,2021-02-01,13,EAPY,113.2
202103,2021-03-01,13,EAPY,118.2
202104,2021-04-01,13,EAPY,130.8
202105,2021-05-01,13,EAPY,135.2
202106,2021-06-01,13,EAPY,125.4
202107,2021-07-01,13,EAPY,121.7
202108,2021-08-01,13,EAPY,118.6
202109,2021-09-01,13,EAPY,112.6
202110,2021-10-01,13,EAPY,115.3
202111,2021-11-01,13,EAPY,111.3
202112,2021-12-01,13,EAPY,112.0
202201,2022-01-01,13,EAPY,111.8
202202,2022-02-01,13,EAPY,110.8
202203,2022-03-01,13,EAPY,112.7
202204,2022-04-01,13,EAPY,108.6
202205,2022-05-01,13,EAPY,107.4
202206,2022-06-01,13,EAPY,102.4
202207,2022-07-01,13,EAPY,102.1
202208,2022-08-01,13,EAPY,102.1
202209,2022-09-01,13,EAPY,102.5
202210,2022-10-01,13,EAPY,101.7
202211,2022-11-01,13,EAPY,103.1
202212,2022-12-01,13,EAPY,102.1
202301,2023-01-01,13,EAPY,101.4
202302,2023-02-01,13,EAPY,99.6
202303,2023-03-01,13,EAPY,100.2
202304,2023-04-01,13,EAPY,102.3
202305,2023-05-01,13,EAPY,101.2
202306,2023-06-01,13,EAPY,101.3
202307,2023-07-01,13,EAPY,101.3
202308,2023-08-01,13,EAPY,101.1
202309,2023-09-01,13,EAPY,99.0
202310,2023-10-01,13,EAPY,97.4
202311,2023-11-01,13,EAPY,99.0
202312,2023-12-01,13,EAPY,96.8
202401,2024-01-01,13,EAPY,96.7
202402,2024-02-01,13,EAPY,96.7
202403,2024-03-01,13,EAPY,97.0
202404,2024-04-01,13,EAPY,94.2
202405,2024-05-01,13,EAPY,98.2
202406,2024-06-01,13,EAPY,95.3
202407,2024-07-01,13,EAPY,94.7
202408,2024-08-01,13,EAPY,96.6
202409,2024-09-01,13,EAPY,96.8
202410,2024-10-01,13,EAPY,96.6
202411,2024-11-01,13,EAPY,96.8
202412,2024-12-01,13,EAPY,98.7
202501,2025-01-01,13,EAPY,96.6
202502,2025-02-01,13,EAPY,103.6
202503,2025-03-01,13,EAPY,100.3
202504,2025-04-01,13,EAPY,100.0
202505,2025-05-01,13,EAPY,95.9
202506,2025-06-01,13,EAPY,98.0
202507,2025-07-01,13,EAPY,99.1
202508,2025-08-01,13,EAPY,99.6
202509,2025-09-01,13,EAPY,100.0
202510,2025-10-01,13,EAPY,102.7
202511,2025-11-01,13,EAPY,103.6
202512,2025-12-01,13,EAPY,99.2
202601,2026-01-01,13,EAPY,103.9
202602,2026-02-01,13,EAPY,100.4
202603,2026-03-01,13,EAPY,103.4
202604,2026-04-01,13,EAPY,103.6
202605,2026-05-01,13,EAPY,106.8
202606,2026-06-01,13,EAPY,106.2
198801,1988-01-01,14,JO5G,81.6
198802,1988-02-01,14,JO5G,81.5
198803,1988-03-01,14,JO5G,81.6
198804,1988-04-01,14,JO5G,85.1
198805,1988-05-01,14,JO5G,85.5
198806,1988-06-01,14,JO5G,86.3
198807,1988-07-01,14,JO5G,91.4
198808,1988-08-01,14,JO5G,87.4
198809,1988-09-01,14,JO5G,86.5
198810,1988-10-01,14,JO5G,87.8
198811,1988-11-01,14,JO5G,89.0
198812,1988-12-01,14,JO5G,91.3
198901,1989-01-01,14,JO5G,87.8
198902,1989-02-01,14,JO5G,87.6
198903,1989-03-01,14,JO5G,88.3
198904,1989-04-01,14,JO5G,89.5
198905,1989-05-01,14,JO5G,88.2
198906,1989-06-01,14,JO5G,82.8
198907,1989-07-01,14,JO5G,83.9
198908,1989-08-01,14,JO5G,85.3
198909,1989-09-01,14,JO5G,85.9
198910,1989-10-01,14,JO5G,86.6
198911,1989-11-01,14,JO5G,87.0
198912,1989-12-01,14,JO5G,86.0
199001,1990-01-01,14,JO5G,89.4
199002,1990-02-01,14,JO5G,88.2
199003,1990-03-01,14,JO5G,86.2
199004,1990-04-01,14,JO5G,85.9
199005,1990-05-01,14,JO5G,85.9
199006,1990-06-01,14,JO5G,85.1
199007,1990-07-01,14,JO5G,83.4
199008,1990-08-01,14,JO5G,84.0
199009,1990-09-01,14,JO5G,82.2
199010,1990-10-01,14,JO5G,83.1
199011,1990-11-01,14,JO5G,81.6
199012,1990-12-01,14,JO5G,80.8
199101,1991-01-01,14,JO5G,76.4
199102,1991-02-01,14,JO5G,75.4
199103,1991-03-01,14,JO5G,83.9
199104,1991-04-01,14,JO5G,74.1
199105,1991-05-01,14,JO5G,74.0
199106,1991-06-01,14,JO5G,76.3
199107,1991-07-01,14,JO5G,75.9
199108,1991-08-01,14,JO5G,73.6
199109,1991-09-01,14,JO5G,73.5
199110,1991-10-01,14,JO5G,72.2
199111,1991-11-01,14,JO5G,71.1
199112,1991-12-01,14,JO5G,73.5
199201,1992-01-01,14,JO5G,72.3
199202,1992-02-01,14,JO5G,73.6
199203,1992-03-01,14,JO5G,71.1
199204,1992-04-01,14,JO5G,71.0
199205,1992-05-01,14,JO5G,67.4
199206,1992-06-01,14,JO5G,71.5
199207,1992-07-01,14,JO5G,71.8
199208,1992-08-01,14,JO5G,72.2
199209,1992-09-01,14,JO5G,70.9
199210,1992-10-01,14,JO5G,69.7
199211,1992-11-01,14,JO5G,70.9
199212,1992-12-01,14,JO5G,70.1
199301,1993-01-01,14,JO5G,75.2
199302,1993-02-01,14,JO5G,74.1
199303,1993-03-01,14,JO5G,76.4
199304,1993-04-01,14,JO5G,76.0
199305,1993-05-01,14,JO5G,75.7
199306,1993-06-01,14,JO5G,75.4
199307,1993-07-01,14,JO5G,77.7
199308,1993-08-01,14,JO5G,77.7
199309,1993-09-01,14,JO5G,78.5
199310,1993-10-01,14,JO5G,78.1
199311,1993-11-01,14,JO5G,77.3
199312,1993-12-01,14,JO5G,73.6
199401,1994-01-01,14,JO5G,83.2
199402,1994-02-01,14,JO5G,78.4
199403,1994-03-01,14,JO5G,78.5
199404,1994-04-01,14,JO5G,79.1
199405,1994-05-01,14,JO5G,79.7
199406,1994-06-01,14,JO5G,74.7
199407,1994-07-01,14,JO5G,71.8
199408,1994-08-01,14,JO5G,76.6
199409,1994-09-01,14,JO5G,77.1
199410,1994-10-01,14,JO5G,76.2
199411,1994-11-01,14,JO5G,76.7
199412,1994-12-01,14,JO5G,75.2
199501,1995-01-01,14,JO5G,73.9
199502,1995-02-01,14,JO5G,73.8
199503,1995-03-01,14,JO5G,74.6
199504,1995-04-01,14,JO5G,71.0
199505,1995-05-01,14,JO5G,71.4
199506,1995-06-01,14,JO5G,71.5
199507,1995-07-01,14,JO5G,70.1
199508,1995-08-01,14,JO5G,67.6
199509,1995-09-01,14,JO5G,70.8
199510,1995-10-01,14,JO5G,71.7
199511,1995-11-01,14,JO5G,72.7
199512,1995-12-01,14,JO5G,70.7
199601,1996-01-01,14,JO5G,71.0
199602,1996-02-01,14,JO5G,71.8
199603,1996-03-01,14,JO5G,71.6
199604,1996-04-01,14,JO5G,74.1
199605,1996-05-01,14,JO5G,77.4
199606,1996-06-01,14,JO5G,73.7
199607,1996-07-01,14,JO5G,72.4
199608,1996-08-01,14,JO5G,73.7
199609,1996-09-01,14,JO5G,75.1
199610,1996-10-01,14,JO5G,77.0
199611,1996-11-01,14,JO5G,75.3
199612,1996-12-01,14,JO5G,77.8
199701,1997-01-01,14,JO5G,76.7
199702,1997-02-01,14,JO5G,79.2
199703,1997-03-01,14,JO5G,77.6
199704,1997-04-01,14,JO5G,76.3
199705,1997-05-01,14,JO5G,79.1
199706,1997-06-01,14,JO5G,86.5
199707,1997-07-01,14,JO5G,83.5
199708,1997-08-01,14,JO5G,81.3
199709,1997-09-01,14,JO5G,80.9
199710,1997-10-01,14,JO5G,82.7
199711,1997-11-01,14,JO5G,82.5
199712,1997-12-01,14,JO5G,87.9
199801,1998-01-01,14,JO5G,84.3
199802,1998-02-01,14,JO5G,81.7
199803,1998-03-01,14,JO5G,84.5
199804,1998-04-01,14,JO5G,87.3
199805,1998-05-01,14,JO5G,81.2
199806,1998-06-01,14,JO5G,87.2
199807,1998-07-01,14,JO5G,86.4
199808,1998-08-01,14,JO5G,83.1
199809,1998-09-01,14,JO5G,85.7
199810,1998-10-01,14,JO5G,81.2
199811,1998-11-01,14,JO5G,81.4
199812,1998-12-01,14,JO5G,83.5
199901,1999-01-01,14,JO5G,81.8
199902,1999-02-01,14,JO5G,80.9
199903,1999-03-01,14,JO5G,78.0
199904,1999-04-01,14,JO5G,80.0
199905,1999-05-01,14,JO5G,81.5
199906,1999-06-01,14,JO5G,84.5
199907,1999-07-01,14,JO5G,80.8
199908,1999-08-01,14,JO5G,86.8
199909,1999-09-01,14,JO5G,84.6
199910,1999-10-01,14,JO5G,85.8
199911,1999-11-01,14,JO5G,85.7
199912,1999-12-01,14,JO5G,85.6
200001,2000-01-01,14,JO5G,90.1
200002,2000-02-01,14,JO5G,83.1
200003,2000-03-01,14,JO5G,84.3
200004,2000-04-01,14,JO5G,81.5
200005,2000-05-01,14,JO5G,82.8
200006,2000-06-01,14,JO5G,83.5
200007,2000-07-01,14,JO5G,83.9
200008,2000-08-01,14,JO5G,84.3
200009,2000-09-01,14,JO5G,82.3
200010,2000-10-01,14,JO5G,81.4
200011,2000-11-01,14,JO5G,86.3
200012,2000-12-01,14,JO5G,83.2
200101,2001-01-01,14,JO5G,88.8
200102,2001-02-01,14,JO5G,93.1
200103,2001-03-01,14,JO5G,90.5
200104,2001-04-01,14,JO5G,92.0
200105,2001-05-01,14,JO5G,89.4
200106,2001-06-01,14,JO5G,88.5
200107,2001-07-01,14,JO5G,89.7
200108,2001-08-01,14,JO5G,89.0
200109,2001-09-01,14,JO5G,89.7
200110,2001-10-01,14,JO5G,91.4
200111,2001-11-01,14,JO5G,90.3
200112,2001-12-01,14,JO5G,90.0
200201,2002-01-01,14,JO5G,93.3
200202,2002-02-01,14,JO5G,97.7
200203,2002-03-01,14,JO5G,99.6
200204,2002-04-01,14,JO5G,100.5
200205,2002-05-01,14,JO5G,101.6
200206,2002-06-01,14,JO5G,98.3
200207,2002-07-01,14,JO5G,99.8
200208,2002-08-01,14,JO5G,100.2
200209,2002-09-01,14,JO5G,100.8
200210,2002-10-01,14,JO5G,103.8
200211,2002-11-01,14,JO5G,100.6
200212,2002-12-01,14,JO5G,99.4
200301,2003-01-01,14,JO5G,91.4
200302,2003-02-01,14,JO5G,95.4
200303,2003-03-01,14,JO5G,96.1
200304,2003-04-01,14,JO5G,95.0
200305,2003-05-01,14,JO5G,101.0
200306,2003-06-01,14,JO5G,96.8
200307,2003-07-01,14,JO5G,95.8
200308,2003-08-01,14,JO5G,93.6
200309,2003-09-01,14,JO5G,97.3
200310,2003-10-01,14,JO5G,98.9
200311,2003-11-01,14,JO5G,98.8
200312,2003-12-01,14,JO5G,99.9
200401,2004-01-01,14,JO5G,101.2
200402,2004-02-01,14,JO5G,101.1
200403,2004-03-01,14,JO5G,100.6
200404,2004-04-01,14,JO5G,97.4
200405,2004-05-01,14,JO5G,101.3
200406,2004-06-01,14,JO5G,100.9
200407,2004-07-01,14,JO5G,104.5
200408,2004-08-01,14,JO5G,100.9
200409,2004-09-01,14,JO5G,104.9
200410,2004-10-01,14,JO5G,101.1
200411,2004-11-01,14,JO5G,107.0
200412,2004-12-01,14,JO5G,96.5
200501,2005-01-01,14,JO5G,99.5
200502,2005-02-01,14,JO5G,102.7
200503,2005-03-01,14,JO5G,98.9
200504,2005-04-01,14,JO5G,101.2
200505,2005-05-01,14,JO5G,97.0
200506,2005-06-01,14,JO5G,96.6
200507,2005-07-01,14,JO5G,94.9
200508,2005-08-01,14,JO5G,97.2
200509,2005-09-01,14,JO5G,98.3
200510,2005-10-01,14,JO5G,98.3
200511,2005-11-01,14,JO5G,98.7
200512,2005-12-01,14,JO5G,101.1
200601,2006-01-01,14,JO5G,102.7
200602,2006-02-01,14,JO5G,101.0
200603,2006-03-01,14,JO5G,104.1
200604,2006-04-01,14,JO5G,104.7
200605,2006-05-01,14,JO5G,102.3
200606,2006-06-01,14,JO5G,103.5
200607,2006-07-01,14,JO5G,99.4
200608,2006-08-01,14,JO5G,105.3
200609,2006-09-01,14,JO5G,103.3
200610,2006-10-01,14,JO5G,103.4
200611,2006-11-01,14,JO5G,106.3
200612,2006-12-01,14,JO5G,105.6
200701,2007-01-01,14,JO5G,101.6
200702,2007-02-01,14,JO5G,105.4
200703,2007-03-01,14,JO5G,107.3
200704,2007-04-01,14,JO5G,103.4
200705,2007-05-01,14,JO5G,108.1
200706,2007-06-01,14,JO5G,107.0
200707,2007-07-01,14,JO5G,111.5
200708,2007-08-01,14,JO5G,104.4
200709,2007-09-01,14,JO5G,102.4
200710,2007-10-01,14,JO5G,98.0
200711,2007-11-01,14,JO5G,103.1
200712,2007-12-01,14,JO5G,101.0
200801,2008-01-01,14,JO5G,103.4
200802,2008-02-01,14,JO5G,107.2
200803,2008-03-01,14,JO5G,107.1
200804,2008-04-01,14,JO5G,106.9
200805,2008-05-01,14,JO5G,105.7
200806,2008-06-01,14,JO5G,103.7
200807,2008-07-01,14,JO5G,99.8
200808,2008-08-01,14,JO5G,99.9
200809,2008-09-01,14,JO5G,97.3
200810,2008-10-01,14,JO5G,96.0
200811,2008-11-01,14,JO5G,92.9
200812,2008-12-01,14,JO5G,92.8
200901,2009-01-01,14,JO5G,93.0
200902,2009-02-01,14,JO5G,86.4
200903,2009-03-01,14,JO5G,86.2
200904,2009-04-01,14,JO5G,88.8
200905,2009-05-01,14,JO5G,89.5
200906,2009-06-01,14,JO5G,90.7
200907,2009-07-01,14,JO5G,95.3
200908,2009-08-01,14,JO5G,95.5
200909,2009-09-01,14,JO5G,94.4
200910,2009-10-01,14,JO5G,96.0
200911,2009-11-01,14,JO5G,96.6
200912,2009-12-01,14,JO5G,92.8
201001,2010-01-01,14,JO5G,78.9
201002,2010-02-01,14,JO5G,90.7
201003,2010-03-01,14,JO5G,89.2
201004,2010-04-01,14,JO5G,86.0
201005,2010-05-01,14,JO5G,87.6
201006,2010-06-01,14,JO5G,83.7
201007,2010-07-01,14,JO5G,84.6
201008,2010-08-01,14,JO5G,85.8
201009,2010-09-01,14,JO5G,83.9
201010,2010-10-01,14,JO5G,85.9
201011,2010-11-01,14,JO5G,85.0
201012,2010-12-01,14,JO5G,81.3
201101,2011-01-01,14,JO5G,87.0
201102,2011-02-01,14,JO5G,91.0
201103,2011-03-01,14,JO5G,84.8
201104,2011-04-01,14,JO5G,79.6
201105,2011-05-01,14,JO5G,83.0
201106,2011-06-01,14,JO5G,85.3
201107,2011-07-01,14,JO5G,85.6
201108,2011-08-01,14,JO5G,85.1
201109,2011-09-01,14,JO5G,88.0
201110,2011-10-01,14,JO5G,85.4
201111,2011-11-01,14,JO5G,84.6
201112,2011-12-01,14,JO5G,85.5
201201,2012-01-01,14,JO5G,82.0
201202,2012-02-01,14,JO5G,83.8
201203,2012-03-01,14,JO5G,85.6
201204,2012-04-01,14,JO5G,91.3
201205,2012-05-01,14,JO5G,89.3
201206,2012-06-01,14,JO5G,94.0
201207,2012-07-01,14,JO5G,87.3
201208,2012-08-01,14,JO5G,85.7
201209,2012-09-01,14,JO5G,86.2
201210,2012-10-01,14,JO5G,86.3
201211,2012-11-01,14,JO5G,85.6
201212,2012-12-01,14,JO5G,85.4
201301,2013-01-01,14,JO5G,86.9
201302,2013-02-01,14,JO5G,88.7
201303,2013-03-01,14,JO5G,87.4
201304,2013-04-01,14,JO5G,83.9
201305,2013-05-01,14,JO5G,91.9
201306,2013-06-01,14,JO5G,88.5
201307,2013-07-01,14,JO5G,88.5
201308,2013-08-01,14,JO5G,79.2
201309,2013-09-01,14,JO5G,87.5
201310,2013-10-01,14,JO5G,85.6
201311,2013-11-01,14,JO5G,87.5
201312,2013-12-01,14,JO5G,93.3
201401,2014-01-01,14,JO5G,91.8
201402,2014-02-01,14,JO5G,90.3
201403,2014-03-01,14,JO5G,90.7
201404,2014-04-01,14,JO5G,91.0
201405,2014-05-01,14,JO5G,89.8
201406,2014-06-01,14,JO5G,94.4
201407,2014-07-01,14,JO5G,95.1
201408,2014-08-01,14,JO5G,96.8
201409,2014-09-01,14,JO5G,96.7
201410,2014-10-01,14,JO5G,102.2
201411,2014-11-01,14,JO5G,100.0
201412,2014-12-01,14,JO5G,98.2
201501,2015-01-01,14,JO5G,99.8
201502,2015-02-01,14,JO5G,100.3
201503,2015-03-01,14,JO5G,106.2
201504,2015-04-01,14,JO5G,105.1
201505,2015-05-01,14,JO5G,107.3
201506,2015-06-01,14,JO5G,107.9
201507,2015-07-01,14,JO5G,112.7
201508,2015-08-01,14,JO5G,99.2
201509,2015-09-01,14,JO5G,105.5
201510,2015-10-01,14,JO5G,105.0
201511,2015-11-01,14,JO5G,104.7
201512,2015-12-01,14,JO5G,107.8
201601,2016-01-01,14,JO5G,111.5
201602,2016-02-01,14,JO5G,111.4
201603,2016-03-01,14,JO5G,109.2
201604,2016-04-01,14,JO5G,112.3
201605,2016-05-01,14,JO5G,110.5
201606,2016-06-01,14,JO5G,104.7
201607,2016-07-01,14,JO5G,105.6
201608,2016-08-01,14,JO5G,106.9
201609,2016-09-01,14,JO5G,107.4
201610,2016-10-01,14,JO5G,107.4
201611,2016-11-01,14,JO5G,108.3
201612,2016-12-01,14,JO5G,108.7
201701,2017-01-01,14,JO5G,104.6
201702,2017-02-01,14,JO5G,106.0
201703,2017-03-01,14,JO5G,108.4
201704,2017-04-01,14,JO5G,114.9
201705,2017-05-01,14,JO5G,106.4
201706,2017-06-01,14,JO5G,107.4
201707,2017-07-01,14,JO5G,110.6
201708,2017-08-01,14,JO5G,100.8
201709,2017-09-01,14,JO5G,107.3
201710,2017-10-01,14,JO5G,110.2
201711,2017-11-01,14,JO5G,112.7
201712,2017-12-01,14,JO5G,108.6
201801,2018-01-01,14,JO5G,115.5
201802,2018-02-01,14,JO5G,114.5
201803,2018-03-01,14,JO5G,110.8
201804,2018-04-01,14,JO5G,110.5
201805,2018-05-01,14,JO5G,112.8
201806,2018-06-01,14,JO5G,109.1
201807,2018-07-01,14,JO5G,108.1
201808,2018-08-01,14,JO5G,113.0
201809,2018-09-01,14,JO5G,115.7
201810,2018-10-01,14,JO5G,109.6
201811,2018-11-01,14,JO5G,116.0
201812,2018-12-01,14,JO5G,114.9
201901,2019-01-01,14,JO5G,107.2
201902,2019-02-01,14,JO5G,114.0
201903,2019-03-01,14,JO5G,113.6
201904,2019-04-01,14,JO5G,115.1
201905,2019-05-01,14,JO5G,113.5
201906,2019-06-01,14,JO5G,114.6
201907,2019-07-01,14,JO5G,98.3
201908,2019-08-01,14,JO5G,110.9
201909,2019-09-01,14,JO5G,113.0
201910,2019-10-01,14,JO5G,116.3
201911,2019-11-01,14,JO5G,109.7
201912,2019-12-01,14,JO5G,112.3
202001,2020-01-01,14,JO5G,110.2
202002,2020-02-01,14,JO5G,108.2
202003,2020-03-01,14,JO5G,84.3
202004,2020-04-01,14,JO5G,25.9
202005,2020-05-01,14,JO5G,41.5
202006,2020-06-01,14,JO5G,95.3
202007,2020-07-01,14,JO5G,112.7
202008,2020-08-01,14,JO5G,113.3
202009,2020-09-01,14,JO5G,117.4
202010,2020-10-01,14,JO5G,123.9
202011,2020-11-01,14,JO5G,104.8
202012,2020-12-01,14,JO5G,113.8
202101,2021-01-01,14,JO5G,81.9
202102,2021-02-01,14,JO5G,85.3
202103,2021-03-01,14,JO5G,87.2
202104,2021-04-01,14,JO5G,112.8
202105,2021-05-01,14,JO5G,134.0
202106,2021-06-01,14,JO5G,113.8
202107,2021-07-01,14,JO5G,111.6
202108,2021-08-01,14,JO5G,108.8
202109,2021-09-01,14,JO5G,98.9
202110,2021-10-01,14,JO5G,104.0
202111,2021-11-01,14,JO5G,99.1
202112,2021-12-01,14,JO5G,91.0
202201,2022-01-01,14,JO5G,106.0
202202,2022-02-01,14,JO5G,105.2
202203,2022-03-01,14,JO5G,110.9
202204,2022-04-01,14,JO5G,109.6
202205,2022-05-01,14,JO5G,105.3
202206,2022-06-01,14,JO5G,103.5
202207,2022-07-01,14,JO5G,101.5
202208,2022-08-01,14,JO5G,101.1
202209,2022-09-01,14,JO5G,101.9
202210,2022-10-01,14,JO5G,99.5
202211,2022-11-01,14,JO5G,103.1
202212,2022-12-01,14,JO5G,101.7
202301,2023-01-01,14,JO5G,99.0
202302,2023-02-01,14,JO5G,97.9
202303,2023-03-01,14,JO5G,101.9
202304,2023-04-01,14,JO5G,102.8
202305,2023-05-01,14,JO5G,102.2
202306,2023-06-01,14,JO5G,102.7
202307,2023-07-01,14,JO5G,101.8
202308,2023-08-01,14,JO5G,101.8
202309,2023-09-01,14,JO5G,99.2
202310,2023-10-01,14,JO5G,96.9
202311,2023-11-01,14,JO5G,98.7
202312,2023-12-01,14,JO5G,95.3
202401,2024-01-01,14,JO5G,92.3
202402,2024-02-01,14,JO5G,91.8
202403,2024-03-01,14,JO5G,90.9
202404,2024-04-01,14,JO5G,87.8
202405,2024-05-01,14,JO5G,93.5
202406,2024-06-01,14,JO5G,88.0
202407,2024-07-01,14,JO5G,87.0
202408,2024-08-01,14,JO5G,88.4
202409,2024-09-01,14,JO5G,88.5
202410,2024-10-01,14,JO5G,89.5
202411,2024-11-01,14,JO5G,90.4
202412,2024-12-01,14,JO5G,91.4
202501,2025-01-01,14,JO5G,92.1
202502,2025-02-01,14,JO5G,97.1
202503,2025-03-01,14,JO5G,91.8
202504,2025-04-01,14,JO5G,91.7
202505,2025-05-01,14,JO5G,89.8
202506,2025-06-01,14,JO5G,88.9
202507,2025-07-01,14,JO5G,88.6
202508,2025-08-01,14,JO5G,90.6
202509,2025-09-01,14,JO5G,92.1
202510,2025-10-01,14,JO5G,93.1
202511,2025-11-01,14,JO5G,93.0
202512,2025-12-01,14,JO5G,92.4
202601,2026-01-01,14,JO5G,98.6
202602,2026-02-01,14,JO5G,95.8
202603,2026-03-01,14,JO5G,97.2
202604,2026-04-01,14,JO5G,98.0
202605,2026-05-01,14,JO5G,100.5
202606,2026-06-01,14,JO5G,101.7
198801,1988-01-01,15,JO5F,42.1
198802,1988-02-01,15,JO5F,39.8
198803,1988-03-01,15,JO5F,40.7
198804,1988-04-01,15,JO5F,41.0
198805,1988-05-01,15,JO5F,41.5
198806,1988-06-01,15,JO5F,40.4
198807,1988-07-01,15,JO5F,45.5
198808,1988-08-01,15,JO5F,43.4
198809,1988-09-01,15,JO5F,43.1
198810,1988-10-01,15,JO5F,44.1
198811,1988-11-01,15,JO5F,42.7
198812,1988-12-01,15,JO5F,40.5
198901,1989-01-01,15,JO5F,42.8
198902,1989-02-01,15,JO5F,42.3
198903,1989-03-01,15,JO5F,39.9
198904,1989-04-01,15,JO5F,47.2
198905,1989-05-01,15,JO5F,43.9
198906,1989-06-01,15,JO5F,43.4
198907,1989-07-01,15,JO5F,43.0
198908,1989-08-01,15,JO5F,43.8
198909,1989-09-01,15,JO5F,43.4
198910,1989-10-01,15,JO5F,43.7
198911,1989-11-01,15,JO5F,43.0
198912,1989-12-01,15,JO5F,43.6
199001,1990-01-01,15,JO5F,42.8
199002,1990-02-01,15,JO5F,43.6
199003,1990-03-01,15,JO5F,42.2
199004,1990-04-01,15,JO5F,43.2
199005,1990-05-01,15,JO5F,46.3
199006,1990-06-01,15,JO5F,44.7
199007,1990-07-01,15,JO5F,43.1
199008,1990-08-01,15,JO5F,43.8
199009,1990-09-01,15,JO5F,42.8
199010,1990-10-01,15,JO5F,43.3
199011,1990-11-01,15,JO5F,42.5
199012,1990-12-01,15,JO5F,44.8
199101,1991-01-01,15,JO5F,42.6
199102,1991-02-01,15,JO5F,42.9
199103,1991-03-01,15,JO5F,45.6
199104,1991-04-01,15,JO5F,44.3
199105,1991-05-01,15,JO5F,40.9
199106,1991-06-01,15,JO5F,43.4
199107,1991-07-01,15,JO5F,42.8
199108,1991-08-01,15,JO5F,40.9
199109,1991-09-01,15,JO5F,42.7
199110,1991-10-01,15,JO5F,40.0
199111,1991-11-01,15,JO5F,43.5
199112,1991-12-01,15,JO5F,42.8
199201,1992-01-01,15,JO5F,42.9
199202,1992-02-01,15,JO5F,42.2
199203,1992-03-01,15,JO5F,41.9
199204,1992-04-01,15,JO5F,40.6
199205,1992-05-01,15,JO5F,40.0
199206,1992-06-01,15,JO5F,40.8
199207,1992-07-01,15,JO5F,42.8
199208,1992-08-01,15,JO5F,43.5
199209,1992-09-01,15,JO5F,42.9
199210,1992-10-01,15,JO5F,41.4
199211,1992-11-01,15,JO5F,42.7
199212,1992-12-01,15,JO5F,42.8
199301,1993-01-01,15,JO5F,44.3
199302,1993-02-01,15,JO5F,45.2
199303,1993-03-01,15,JO5F,43.9
199304,1993-04-01,15,JO5F,44.3
199305,1993-05-01,15,JO5F,44.6
199306,1993-06-01,15,JO5F,44.5
199307,1993-07-01,15,JO5F,45.4
199308,1993-08-01,15,JO5F,45.4
199309,1993-09-01,15,JO5F,45.3
199310,1993-10-01,15,JO5F,46.0
199311,1993-11-01,15,JO5F,46.7
199312,1993-12-01,15,JO5F,45.3
199401,1994-01-01,15,JO5F,47.0
199402,1994-02-01,15,JO5F,45.8
199403,1994-03-01,15,JO5F,46.1
199404,1994-04-01,15,JO5F,47.2
199405,1994-05-01,15,JO5F,47.7
199406,1994-06-01,15,JO5F,47.7
199407,1994-07-01,15,JO5F,47.9
199408,1994-08-01,15,JO5F,48.7
199409,1994-09-01,15,JO5F,48.6
199410,1994-10-01,15,JO5F,49.6
199411,1994-11-01,15,JO5F,49.6
199412,1994-12-01,15,JO5F,50.9
199501,1995-01-01,15,JO5F,48.3
199502,1995-02-01,15,JO5F,48.9
199503,1995-03-01,15,JO5F,50.0
199504,1995-04-01,15,JO5F,50.8
199505,1995-05-01,15,JO5F,53.0
199506,1995-06-01,15,JO5F,53.0
199507,1995-07-01,15,JO5F,53.0
199508,1995-08-01,15,JO5F,54.0
199509,1995-09-01,15,JO5F,54.9
199510,1995-10-01,15,JO5F,56.8
199511,1995-11-01,15,JO5F,55.6
199512,1995-12-01,15,JO5F,58.8
199601,1996-01-01,15,JO5F,54.4
199602,1996-02-01,15,JO5F,57.5
199603,1996-03-01,15,JO5F,59.0
199604,1996-04-01,15,JO5F,54.0
199605,1996-05-01,15,JO5F,57.7
199606,1996-06-01,15,JO5F,57.0
199607,1996-07-01,15,JO5F,57.8
199608,1996-08-01,15,JO5F,59.2
199609,1996-09-01,15,JO5F,61.9
199610,1996-10-01,15,JO5F,60.4
199611,1996-11-01,15,JO5F,64.6
199612,1996-12-01,15,JO5F,60.8
199701,1997-01-01,15,JO5F,61.9
199702,1997-02-01,15,JO5F,63.1
199703,1997-03-01,15,JO5F,59.3
199704,1997-04-01,15,JO5F,65.6
199705,1997-05-01,15,JO5F,64.8
199706,1997-06-01,15,JO5F,71.3
199707,1997-07-01,15,JO5F,66.0
199708,1997-08-01,15,JO5F,65.9
199709,1997-09-01,15,JO5F,64.4
199710,1997-10-01,15,JO5F,66.0
199711,1997-11-01,15,JO5F,67.8
199712,1997-12-01,15,JO5F,65.5
199801,1998-01-01,15,JO5F,68.3
199802,1998-02-01,15,JO5F,67.5
199803,1998-03-01,15,JO5F,67.6
199804,1998-04-01,15,JO5F,67.6
199805,1998-05-01,15,JO5F,65.5
199806,1998-06-01,15,JO5F,68.3
199807,1998-07-01,15,JO5F,68.8
199808,1998-08-01,15,JO5F,67.1
199809,1998-09-01,15,JO5F,70.6
199810,1998-10-01,15,JO5F,70.0
199811,1998-11-01,15,JO5F,70.7
199812,1998-12-01,15,JO5F,73.3
199901,1999-01-01,15,JO5F,77.7
199902,1999-02-01,15,JO5F,73.7
199903,1999-03-01,15,JO5F,74.0
199904,1999-04-01,15,JO5F,73.1
199905,1999-05-01,15,JO5F,77.1
199906,1999-06-01,15,JO5F,76.8
199907,1999-07-01,15,JO5F,78.2
199908,1999-08-01,15,JO5F,79.8
199909,1999-09-01,15,JO5F,78.6
199910,1999-10-01,15,JO5F,78.9
199911,1999-11-01,15,JO5F,79.5
199912,1999-12-01,15,JO5F,78.3
200001,2000-01-01,15,JO5F,87.5
200002,2000-02-01,15,JO5F,79.5
200003,2000-03-01,15,JO5F,82.2
200004,2000-04-01,15,JO5F,82.3
200005,2000-05-01,15,JO5F,82.1
200006,2000-06-01,15,JO5F,84.2
200007,2000-07-01,15,JO5F,85.3
200008,2000-08-01,15,JO5F,86.8
200009,2000-09-01,15,JO5F,86.5
200010,2000-10-01,15,JO5F,87.8
200011,2000-11-01,15,JO5F,87.1
200012,2000-12-01,15,JO5F,91.9
200101,2001-01-01,15,JO5F,90.8
200102,2001-02-01,15,JO5F,103.4
200103,2001-03-01,15,JO5F,108.0
200104,2001-04-01,15,JO5F,111.0
200105,2001-05-01,15,JO5F,108.8
200106,2001-06-01,15,JO5F,111.0
200107,2001-07-01,15,JO5F,113.2
200108,2001-08-01,15,JO5F,115.7
200109,2001-09-01,15,JO5F,111.7
200110,2001-10-01,15,JO5F,120.9
200111,2001-11-01,15,JO5F,110.2
200112,2001-12-01,15,JO5F,123.4
200201,2002-01-01,15,JO5F,113.4
200202,2002-02-01,15,JO5F,113.6
200203,2002-03-01,15,JO5F,108.3
200204,2002-04-01,15,JO5F,110.0
200205,2002-05-01,15,JO5F,113.7
200206,2002-06-01,15,JO5F,111.1
200207,2002-07-01,15,JO5F,109.3
200208,2002-08-01,15,JO5F,108.8
200209,2002-09-01,15,JO5F,114.8
200210,2002-10-01,15,JO5F,114.1
200211,2002-11-01,15,JO5F,123.7
200212,2002-12-01,15,JO5F,116.4
200301,2003-01-01,15,JO5F,113.8
200302,2003-02-01,15,JO5F,115.4
200303,2003-03-01,15,JO5F,114.6
200304,2003-04-01,15,JO5F,114.3
200305,2003-05-01,15,JO5F,115.9
200306,2003-06-01,15,JO5F,114.5
200307,2003-07-01,15,JO5F,118.2
200308,2003-08-01,15,JO5F,120.5
200309,2003-09-01,15,JO5F,119.3
200310,2003-10-01,15,JO5F,117.6
200311,2003-11-01,15,JO5F,122.0
200312,2003-12-01,15,JO5F,118.7
200401,2004-01-01,15,JO5F,119.6
200402,2004-02-01,15,JO5F,120.6
200403,2004-03-01,15,JO5F,121.7
200404,2004-04-01,15,JO5F,119.8
200405,2004-05-01,15,JO5F,117.8
200406,2004-06-01,15,JO5F,124.5
200407,2004-07-01,15,JO5F,123.2
200408,2004-08-01,15,JO5F,122.9
200409,2004-09-01,15,JO5F,127.1
200410,2004-10-01,15,JO5F,122.4
200411,2004-11-01,15,JO5F,124.9
200412,2004-12-01,15,JO5F,118.7
200501,2005-01-01,15,JO5F,127.4
200502,2005-02-01,15,JO5F,119.0
200503,2005-03-01,15,JO5F,118.5
200504,2005-04-01,15,JO5F,122.0
200505,2005-05-01,15,JO5F,120.6
200506,2005-06-01,15,JO5F,119.1
200507,2005-07-01,15,JO5F,121.2
200508,2005-08-01,15,JO5F,117.1
200509,2005-09-01,15,JO5F,121.0
200510,2005-10-01,15,JO5F,121.2
200511,2005-11-01,15,JO5F,120.4
200512,2005-12-01,15,JO5F,125.0
200601,2006-01-01,15,JO5F,124.8
200602,2006-02-01,15,JO5F,125.5
200603,2006-03-01,15,JO5F,128.5
200604,2006-04-01,15,JO5F,135.5
200605,2006-05-01,15,JO5F,136.6
200606,2006-06-01,15,JO5F,133.7
200607,2006-07-01,15,JO5F,125.6
200608,2006-08-01,15,JO5F,132.9
200609,2006-09-01,15,JO5F,124.2
200610,2006-10-01,15,JO5F,128.8
200611,2006-11-01,15,JO5F,128.5
200612,2006-12-01,15,JO5F,134.2
200701,2007-01-01,15,JO5F,132.7
200702,2007-02-01,15,JO5F,136.4
200703,2007-03-01,15,JO5F,134.1
200704,2007-04-01,15,JO5F,126.8
200705,2007-05-01,15,JO5F,131.0
200706,2007-06-01,15,JO5F,138.3
200707,2007-07-01,15,JO5F,137.4
200708,2007-08-01,15,JO5F,133.7
200709,2007-09-01,15,JO5F,133.1
200710,2007-10-01,15,JO5F,137.1
200711,2007-11-01,15,JO5F,126.9
200712,2007-12-01,15,JO5F,136.3
200801,2008-01-01,15,JO5F,135.3
200802,2008-02-01,15,JO5F,129.0
200803,2008-03-01,15,JO5F,135.4
200804,2008-04-01,15,JO5F,134.0
200805,2008-05-01,15,JO5F,130.9
200806,2008-06-01,15,JO5F,125.7
200807,2008-07-01,15,JO5F,125.7
200808,2008-08-01,15,JO5F,131.8
200809,2008-09-01,15,JO5F,125.2
200810,2008-10-01,15,JO5F,113.6
200811,2008-11-01,15,JO5F,125.1
200812,2008-12-01,15,JO5F,132.5
200901,2009-01-01,15,JO5F,125.1
200902,2009-02-01,15,JO5F,125.4
200903,2009-03-01,15,JO5F,117.7
200904,2009-04-01,15,JO5F,119.4
200905,2009-05-01,15,JO5F,120.0
200906,2009-06-01,15,JO5F,113.3
200907,2009-07-01,15,JO5F,124.2
200908,2009-08-01,15,JO5F,121.9
200909,2009-09-01,15,JO5F,123.1
200910,2009-10-01,15,JO5F,121.2
200911,2009-11-01,15,JO5F,124.1
200912,2009-12-01,15,JO5F,122.0
201001,2010-01-01,15,JO5F,101.6
201002,2010-02-01,15,JO5F,119.4
201003,2010-03-01,15,JO5F,122.5
201004,2010-04-01,15,JO5F,110.1
201005,2010-05-01,15,JO5F,120.1
201006,2010-06-01,15,JO5F,126.9
201007,2010-07-01,15,JO5F,123.1
201008,2010-08-01,15,JO5F,119.9
201009,2010-09-01,15,JO5F,119.8
201010,2010-10-01,15,JO5F,117.3
201011,2010-11-01,15,JO5F,114.5
201012,2010-12-01,15,JO5F,111.9
201101,2011-01-01,15,JO5F,117.6
201102,2011-02-01,15,JO5F,107.7
201103,2011-03-01,15,JO5F,110.3
201104,2011-04-01,15,JO5F,104.5
201105,2011-05-01,15,JO5F,107.8
201106,2011-06-01,15,JO5F,107.6
201107,2011-07-01,15,JO5F,104.6
201108,2011-08-01,15,JO5F,109.4
201109,2011-09-01,15,JO5F,113.9
201110,2011-10-01,15,JO5F,114.6
201111,2011-11-01,15,JO5F,101.9
201112,2011-12-01,15,JO5F,102.4
201201,2012-01-01,15,JO5F,118.0
201202,2012-02-01,15,JO5F,112.0
201203,2012-03-01,15,JO5F,111.6
201204,2012-04-01,15,JO5F,116.8
201205,2012-05-01,15,JO5F,116.7
201206,2012-06-01,15,JO5F,113.2
201207,2012-07-01,15,JO5F,115.0
201208,2012-08-01,15,JO5F,107.1
201209,2012-09-01,15,JO5F,103.1
201210,2012-10-01,15,JO5F,105.6
201211,2012-11-01,15,JO5F,104.8
201212,2012-12-01,15,JO5F,102.6
201301,2013-01-01,15,JO5F,87.2
201302,2013-02-01,15,JO5F,94.0
201303,2013-03-01,15,JO5F,89.8
201304,2013-04-01,15,JO5F,94.3
201305,2013-05-01,15,JO5F,94.7
201306,2013-06-01,15,JO5F,93.9
201307,2013-07-01,15,JO5F,91.8
201308,2013-08-01,15,JO5F,96.3
201309,2013-09-01,15,JO5F,96.4
201310,2013-10-01,15,JO5F,93.9
201311,2013-11-01,15,JO5F,96.5
201312,2013-12-01,15,JO5F,95.2
201401,2014-01-01,15,JO5F,99.5
201402,2014-02-01,15,JO5F,97.1
201403,2014-03-01,15,JO5F,99.5
201404,2014-04-01,15,JO5F,99.8
201405,2014-05-01,15,JO5F,97.6
201406,2014-06-01,15,JO5F,100.5
201407,2014-07-01,15,JO5F,97.4
201408,2014-08-01,15,JO5F,101.6
201409,2014-09-01,15,JO5F,100.6
201410,2014-10-01,15,JO5F,102.6
201411,2014-11-01,15,JO5F,93.0
201412,2014-12-01,15,JO5F,107.5
201501,2015-01-01,15,JO5F,105.9
201502,2015-02-01,15,JO5F,109.8
201503,2015-03-01,15,JO5F,111.7
201504,2015-04-01,15,JO5F,102.4
201505,2015-05-01,15,JO5F,107.0
201506,2015-06-01,15,JO5F,103.1
201507,2015-07-01,15,JO5F,109.3
201508,2015-08-01,15,JO5F,105.4
201509,2015-09-01,15,JO5F,107.6
201510,2015-10-01,15,JO5F,105.6
201511,2015-11-01,15,JO5F,106.3
201512,2015-12-01,15,JO5F,109.9
201601,2016-01-01,15,JO5F,105.9
201602,2016-02-01,15,JO5F,103.5
201603,2016-03-01,15,JO5F,100.9
201604,2016-04-01,15,JO5F,95.5
201605,2016-05-01,15,JO5F,108.9
201606,2016-06-01,15,JO5F,108.3
201607,2016-07-01,15,JO5F,106.7
201608,2016-08-01,15,JO5F,102.0
201609,2016-09-01,15,JO5F,107.8
201610,2016-10-01,15,JO5F,105.8
201611,2016-11-01,15,JO5F,104.0
201612,2016-12-01,15,JO5F,106.5
201701,2017-01-01,15,JO5F,108.6
201702,2017-02-01,15,JO5F,108.3
201703,2017-03-01,15,JO5F,108.8
201704,2017-04-01,15,JO5F,108.4
201705,2017-05-01,15,JO5F,103.6
201706,2017-06-01,15,JO5F,109.8
201707,2017-07-01,15,JO5F,108.6
201708,2017-08-01,15,JO5F,110.1
201709,2017-09-01,15,JO5F,108.8
201710,2017-10-01,15,JO5F,110.4
201711,2017-11-01,15,JO5F,109.5
201712,2017-12-01,15,JO5F,107.9
201801,2018-01-01,15,JO5F,109.3
201802,2018-02-01,15,JO5F,107.5
201803,2018-03-01,15,JO5F,109.3
201804,2018-04-01,15,JO5F,109.7
201805,2018-05-01,15,JO5F,107.3
201806,2018-06-01,15,JO5F,108.7
201807,2018-07-01,15,JO5F,108.5
201808,2018-08-01,15,JO5F,112.7
201809,2018-09-01,15,JO5F,111.3
201810,2018-10-01,15,JO5F,111.1
201811,2018-11-01,15,JO5F,113.6
201812,2018-12-01,15,JO5F,110.3
201901,2019-01-01,15,JO5F,107.3
201902,2019-02-01,15,JO5F,108.0
201903,2019-03-01,15,JO5F,121.2
201904,2019-04-01,15,JO5F,110.4
201905,2019-05-01,15,JO5F,112.4
201906,2019-06-01,15,JO5F,109.5
201907,2019-07-01,15,JO5F,113.4
201908,2019-08-01,15,JO5F,113.0
201909,2019-09-01,15,JO5F,125.3
201910,2019-10-01,15,JO5F,118.0
201911,2019-11-01,15,JO5F,121.8
201912,2019-12-01,15,JO5F,124.9
202001,2020-01-01,15,JO5F,120.2
202002,2020-02-01,15,JO5F,119.5
202003,2020-03-01,15,JO5F,125.0
202004,2020-04-01,15,JO5F,84.9
202005,2020-05-01,15,JO5F,95.5
202006,2020-06-01,15,JO5F,127.7
202007,2020-07-01,15,JO5F,128.2
202008,2020-08-01,15,JO5F,125.1
202009,2020-09-01,15,JO5F,124.6
202010,2020-10-01,15,JO5F,133.3
202011,2020-11-01,15,JO5F,122.0
202012,2020-12-01,15,JO5F,120.6
202101,2021-01-01,15,JO5F,102.7
202102,2021-02-01,15,JO5F,124.7
202103,2021-03-01,15,JO5F,114.1
202104,2021-04-01,15,JO5F,137.4
202105,2021-05-01,15,JO5F,140.5
202106,2021-06-01,15,JO5F,128.7
202107,2021-07-01,15,JO5F,122.9
202108,2021-08-01,15,JO5F,120.8
202109,2021-09-01,15,JO5F,119.1
202110,2021-10-01,15,JO5F,128.9
202111,2021-11-01,15,JO5F,120.7
202112,2021-12-01,15,JO5F,111.0
202201,2022-01-01,15,JO5F,121.7
202202,2022-02-01,15,JO5F,120.9
202203,2022-03-01,15,JO5F,114.1
202204,2022-04-01,15,JO5F,113.7
202205,2022-05-01,15,JO5F,108.8
202206,2022-06-01,15,JO5F,107.9
202207,2022-07-01,15,JO5F,105.4
202208,2022-08-01,15,JO5F,106.5
202209,2022-09-01,15,JO5F,105.1
202210,2022-10-01,15,JO5F,104.3
202211,2022-11-01,15,JO5F,105.9
202212,2022-12-01,15,JO5F,105.7
202301,2023-01-01,15,JO5F,103.7
202302,2023-02-01,15,JO5F,102.8
202303,2023-03-01,15,JO5F,100.5
202304,2023-04-01,15,JO5F,99.3
202305,2023-05-01,15,JO5F,98.9
202306,2023-06-01,15,JO5F,97.6
202307,2023-07-01,15,JO5F,102.2
202308,2023-08-01,15,JO5F,101.2
202309,2023-09-01,15,JO5F,99.6
202310,2023-10-01,15,JO5F,99.8
202311,2023-11-01,15,JO5F,99.0
202312,2023-12-01,15,JO5F,96.7
202401,2024-01-01,15,JO5F,96.9
202402,2024-02-01,15,JO5F,99.2
202403,2024-03-01,15,JO5F,98.6
202404,2024-04-01,15,JO5F,98.1
202405,2024-05-01,15,JO5F,100.4
202406,2024-06-01,15,JO5F,98.3
202407,2024-07-01,15,JO5F,99.7
202408,2024-08-01,15,JO5F,101.7
202409,2024-09-01,15,JO5F,102.0
202410,2024-10-01,15,JO5F,103.1
202411,2024-11-01,15,JO5F,102.9
202412,2024-12-01,15,JO5F,104.7
202501,2025-01-01,15,JO5F,106.7
202502,2025-02-01,15,JO5F,113.6
202503,2025-03-01,15,JO5F,111.0
202504,2025-04-01,15,JO5F,113.9
202505,2025-05-01,15,JO5F,108.7
202506,2025-06-01,15,JO5F,117.0
202507,2025-07-01,15,JO5F,113.5
202508,2025-08-01,15,JO5F,113.0
202509,2025-09-01,15,JO5F,116.4
202510,2025-10-01,15,JO5F,114.1
202511,2025-11-01,15,JO5F,115.6
202512,2025-12-01,15,JO5F,110.1
202601,2026-01-01,15,JO5F,114.7
202602,2026-02-01,15,JO5F,115.1
202603,2026-03-01,15,JO5F,120.6
202604,2026-04-01,15,JO5F,113.8
202605,2026-05-01,15,JO5F,125.3
202606,2026-06-01,15,JO5F,125.4
198801,1988-01-01,16,JO5D,72.6
198802,1988-02-01,16,JO5D,70.7
198803,1988-03-01,16,JO5D,70.2
198804,1988-04-01,16,JO5D,71.3
198805,1988-05-01,16,JO5D,71.6
198806,1988-06-01,16,JO5D,74.8
198807,1988-07-01,16,JO5D,76.4
198808,1988-08-01,16,JO5D,77.6
198809,1988-09-01,16,JO5D,77.2
198810,1988-10-01,16,JO5D,77.4
198811,1988-11-01,16,JO5D,78.7
198812,1988-12-01,16,JO5D,84.0
198901,1989-01-01,16,JO5D,76.3
198902,1989-02-01,16,JO5D,76.1
198903,1989-03-01,16,JO5D,76.1
198904,1989-04-01,16,JO5D,75.2
198905,1989-05-01,16,JO5D,76.2
198906,1989-06-01,16,JO5D,76.1
198907,1989-07-01,16,JO5D,74.6
198908,1989-08-01,16,JO5D,77.3
198909,1989-09-01,16,JO5D,77.4
198910,1989-10-01,16,JO5D,78.2
198911,1989-11-01,16,JO5D,79.0
198912,1989-12-01,16,JO5D,84.3
199001,1990-01-01,16,JO5D,77.3
199002,1990-02-01,16,JO5D,79.4
199003,1990-03-01,16,JO5D,78.8
199004,1990-04-01,16,JO5D,74.1
199005,1990-05-01,16,JO5D,76.6
199006,1990-06-01,16,JO5D,75.1
199007,1990-07-01,16,JO5D,75.4
199008,1990-08-01,16,JO5D,73.6
199009,1990-09-01,16,JO5D,73.5
199010,1990-10-01,16,JO5D,74.1
199011,1990-11-01,16,JO5D,74.8
199012,1990-12-01,16,JO5D,79.8
199101,1991-01-01,16,JO5D,76.0
199102,1991-02-01,16,JO5D,72.2
199103,1991-03-01,16,JO5D,76.3
199104,1991-04-01,16,JO5D,77.6
199105,1991-05-01,16,JO5D,75.3
199106,1991-06-01,16,JO5D,72.5
199107,1991-07-01,16,JO5D,74.1
199108,1991-08-01,16,JO5D,73.3
199109,1991-09-01,16,JO5D,74.7
199110,1991-10-01,16,JO5D,75.1
199111,1991-11-01,16,JO5D,76.6
199112,1991-12-01,16,JO5D,75.2
199201,1992-01-01,16,JO5D,75.7
199202,1992-02-01,16,JO5D,75.6
199203,1992-03-01,16,JO5D,76.2
199204,1992-04-01,16,JO5D,78.3
199205,1992-05-01,16,JO5D,79.6
199206,1992-06-01,16,JO5D,79.3
199207,1992-07-01,16,JO5D,71.2
199208,1992-08-01,16,JO5D,75.9
199209,1992-09-01,16,JO5D,75.6
199210,1992-10-01,16,JO5D,75.3
199211,1992-11-01,16,JO5D,73.6
199212,1992-12-01,16,JO5D,73.5
199301,1993-01-01,16,JO5D,76.4
199302,1993-02-01,16,JO5D,76.5
199303,1993-03-01,16,JO5D,77.3
199304,1993-04-01,16,JO5D,79.7
199305,1993-05-01,16,JO5D,77.0
199306,1993-06-01,16,JO5D,83.0
199307,1993-07-01,16,JO5D,75.9
199308,1993-08-01,16,JO5D,81.5
199309,1993-09-01,16,JO5D,79.9
199310,1993-10-01,16,JO5D,79.0
199311,1993-11-01,16,JO5D,78.7
199312,1993-12-01,16,JO5D,77.8
199401,1994-01-01,16,JO5D,83.7
199402,1994-02-01,16,JO5D,80.7
199403,1994-03-01,16,JO5D,82.3
199404,1994-04-01,16,JO5D,80.4
199405,1994-05-01,16,JO5D,81.8
199406,1994-06-01,16,JO5D,81.7
199407,1994-07-01,16,JO5D,81.8
199408,1994-08-01,16,JO5D,82.7
199409,1994-09-01,16,JO5D,82.4
199410,1994-10-01,16,JO5D,82.2
199411,1994-11-01,16,JO5D,81.9
199412,1994-12-01,16,JO5D,82.9
199501,1995-01-01,16,JO5D,83.9
199502,1995-02-01,16,JO5D,82.5
199503,1995-03-01,16,JO5D,80.4
199504,1995-04-01,16,JO5D,78.7
199505,1995-05-01,16,JO5D,78.7
199506,1995-06-01,16,JO5D,78.0
199507,1995-07-01,16,JO5D,78.6
199508,1995-08-01,16,JO5D,78.3
199509,1995-09-01,16,JO5D,79.6
199510,1995-10-01,16,JO5D,81.2
199511,1995-11-01,16,JO5D,81.7
199512,1995-12-01,16,JO5D,81.7
199601,1996-01-01,16,JO5D,78.7
199602,1996-02-01,16,JO5D,81.4
199603,1996-03-01,16,JO5D,81.5
199604,1996-04-01,16,JO5D,83.6
199605,1996-05-01,16,JO5D,83.3
199606,1996-06-01,16,JO5D,83.8
199607,1996-07-01,16,JO5D,85.2
199608,1996-08-01,16,JO5D,84.1
199609,1996-09-01,16,JO5D,86.3
199610,1996-10-01,16,JO5D,87.4
199611,1996-11-01,16,JO5D,86.9
199612,1996-12-01,16,JO5D,84.9
199701,1997-01-01,16,JO5D,82.3
199702,1997-02-01,16,JO5D,84.8
199703,1997-03-01,16,JO5D,85.5
199704,1997-04-01,16,JO5D,88.4
199705,1997-05-01,16,JO5D,85.7
199706,1997-06-01,16,JO5D,87.4
199707,1997-07-01,16,JO5D,87.3
199708,1997-08-01,16,JO5D,87.7
199709,1997-09-01,16,JO5D,87.3
199710,1997-10-01,16,JO5D,87.9
199711,1997-11-01,16,JO5D,89.2
199712,1997-12-01,16,JO5D,91.8
199801,1998-01-01,16,JO5D,92.3
199802,1998-02-01,16,JO5D,92.4
199803,1998-03-01,16,JO5D,89.8
199804,1998-04-01,16,JO5D,92.2
199805,1998-05-01,16,JO5D,97.0
199806,1998-06-01,16,JO5D,89.4
199807,1998-07-01,16,JO5D,92.6
199808,1998-08-01,16,JO5D,94.2
199809,1998-09-01,16,JO5D,96.1
199810,1998-10-01,16,JO5D,94.4
199811,1998-11-01,16,JO5D,94.0
199812,1998-12-01,16,JO5D,96.0
199901,1999-01-01,16,JO5D,95.8
199902,1999-02-01,16,JO5D,100.4
199903,1999-03-01,16,JO5D,101.6
199904,1999-04-01,16,JO5D,98.5
199905,1999-05-01,16,JO5D,100.1
199906,1999-06-01,16,JO5D,99.9
199907,1999-07-01,16,JO5D,102.5
199908,1999-08-01,16,JO5D,102.1
199909,1999-09-01,16,JO5D,101.6
199910,1999-10-01,16,JO5D,103.2
199911,1999-11-01,16,JO5D,105.2
199912,1999-12-01,16,JO5D,101.0
200001,2000-01-01,16,JO5D,106.5
200002,2000-02-01,16,JO5D,102.9
200003,2000-03-01,16,JO5D,108.4
200004,2000-04-01,16,JO5D,104.0
200005,2000-05-01,16,JO5D,109.1
200006,2000-06-01,16,JO5D,107.6
200007,2000-07-01,16,JO5D,106.7
200008,2000-08-01,16,JO5D,107.5
200009,2000-09-01,16,JO5D,104.9
200010,2000-10-01,16,JO5D,107.0
200011,2000-11-01,16,JO5D,109.8
200012,2000-12-01,16,JO5D,111.6
200101,2001-01-01,16,JO5D,109.2
200102,2001-02-01,16,JO5D,117.3
200103,2001-03-01,16,JO5D,117.0
200104,2001-04-01,16,JO5D,120.4
200105,2001-05-01,16,JO5D,131.5
200106,2001-06-01,16,JO5D,126.9
200107,2001-07-01,16,JO5D,124.8
200108,2001-08-01,16,JO5D,128.8
200109,2001-09-01,16,JO5D,131.0
200110,2001-10-01,16,JO5D,135.0
200111,2001-11-01,16,JO5D,134.3
200112,2001-12-01,16,JO5D,139.5
200201,2002-01-01,16,JO5D,128.8
200202,2002-02-01,16,JO5D,130.5
200203,2002-03-01,16,JO5D,143.8
200204,2002-04-01,16,JO5D,140.8
200205,2002-05-01,16,JO5D,133.9
200206,2002-06-01,16,JO5D,133.9
200207,2002-07-01,16,JO5D,137.7
200208,2002-08-01,16,JO5D,136.9
200209,2002-09-01,16,JO5D,142.8
200210,2002-10-01,16,JO5D,134.2
200211,2002-11-01,16,JO5D,137.9
200212,2002-12-01,16,JO5D,131.9
200301,2003-01-01,16,JO5D,138.7
200302,2003-02-01,16,JO5D,138.7
200303,2003-03-01,16,JO5D,142.3
200304,2003-04-01,16,JO5D,141.6
200305,2003-05-01,16,JO5D,142.2
200306,2003-06-01,16,JO5D,143.5
200307,2003-07-01,16,JO5D,142.0
200308,2003-08-01,16,JO5D,141.5
200309,2003-09-01,16,JO5D,144.8
200310,2003-10-01,16,JO5D,144.8
200311,2003-11-01,16,JO5D,139.8
200312,2003-12-01,16,JO5D,143.0
200401,2004-01-01,16,JO5D,146.3
200402,2004-02-01,16,JO5D,149.3
200403,2004-03-01,16,JO5D,148.2
200404,2004-04-01,16,JO5D,154.0
200405,2004-05-01,16,JO5D,151.4
200406,2004-06-01,16,JO5D,148.5
200407,2004-07-01,16,JO5D,152.6
200408,2004-08-01,16,JO5D,150.9
200409,2004-09-01,16,JO5D,148.6
200410,2004-10-01,16,JO5D,148.6
200411,2004-11-01,16,JO5D,149.5
200412,2004-12-01,16,JO5D,147.0
200501,2005-01-01,16,JO5D,146.6
200502,2005-02-01,16,JO5D,145.9
200503,2005-03-01,16,JO5D,145.1
200504,2005-04-01,16,JO5D,142.1
200505,2005-05-01,16,JO5D,143.2
200506,2005-06-01,16,JO5D,146.7
200507,2005-07-01,16,JO5D,141.1
200508,2005-08-01,16,JO5D,140.6
200509,2005-09-01,16,JO5D,140.9
200510,2005-10-01,16,JO5D,143.1
200511,2005-11-01,16,JO5D,140.5
200512,2005-12-01,16,JO5D,143.3
200601,2006-01-01,16,JO5D,136.2
200602,2006-02-01,16,JO5D,133.7
200603,2006-03-01,16,JO5D,130.8
200604,2006-04-01,16,JO5D,133.0
200605,2006-05-01,16,JO5D,133.9
200606,2006-06-01,16,JO5D,143.0
200607,2006-07-01,16,JO5D,137.2
200608,2006-08-01,16,JO5D,136.9
200609,2006-09-01,16,JO5D,140.2
200610,2006-10-01,16,JO5D,136.7
200611,2006-11-01,16,JO5D,139.4
200612,2006-12-01,16,JO5D,142.6
200701,2007-01-01,16,JO5D,148.6
200702,2007-02-01,16,JO5D,143.8
200703,2007-03-01,16,JO5D,141.2
200704,2007-04-01,16,JO5D,147.7
200705,2007-05-01,16,JO5D,142.8
200706,2007-06-01,16,JO5D,142.0
200707,2007-07-01,16,JO5D,139.6
200708,2007-08-01,16,JO5D,144.7
200709,2007-09-01,16,JO5D,140.8
200710,2007-10-01,16,JO5D,142.1
200711,2007-11-01,16,JO5D,144.1
200712,2007-12-01,16,JO5D,143.2
200801,2008-01-01,16,JO5D,144.2
200802,2008-02-01,16,JO5D,145.3
200803,2008-03-01,16,JO5D,135.1
200804,2008-04-01,16,JO5D,136.0
200805,2008-05-01,16,JO5D,145.3
200806,2008-06-01,16,JO5D,138.0
200807,2008-07-01,16,JO5D,138.3
200808,2008-08-01,16,JO5D,133.5
200809,2008-09-01,16,JO5D,134.6
200810,2008-10-01,16,JO5D,134.8
200811,2008-11-01,16,JO5D,136.0
200812,2008-12-01,16,JO5D,132.4
200901,2009-01-01,16,JO5D,132.6
200902,2009-02-01,16,JO5D,129.0
200903,2009-03-01,16,JO5D,133.4
200904,2009-04-01,16,JO5D,129.7
200905,2009-05-01,16,JO5D,129.4
200906,2009-06-01,16,JO5D,127.0
200907,2009-07-01,16,JO5D,124.8
200908,2009-08-01,16,JO5D,127.7
200909,2009-09-01,16,JO5D,127.7
200910,2009-10-01,16,JO5D,129.3
200911,2009-11-01,16,JO5D,126.7
200912,2009-12-01,16,JO5D,134.7
201001,2010-01-01,16,JO5D,116.0
201002,2010-02-01,16,JO5D,123.2
201003,2010-03-01,16,JO5D,129.2
201004,2010-04-01,16,JO5D,126.1
201005,2010-05-01,16,JO5D,121.2
201006,2010-06-01,16,JO5D,119.3
201007,2010-07-01,16,JO5D,120.9
201008,2010-08-01,16,JO5D,121.2
201009,2010-09-01,16,JO5D,118.6
201010,2010-10-01,16,JO5D,110.6
201011,2010-11-01,16,JO5D,106.3
201012,2010-12-01,16,JO5D,102.6
201101,2011-01-01,16,JO5D,106.8
201102,2011-02-01,16,JO5D,106.6
201103,2011-03-01,16,JO5D,111.2
201104,2011-04-01,16,JO5D,121.3
201105,2011-05-01,16,JO5D,110.8
201106,2011-06-01,16,JO5D,110.3
201107,2011-07-01,16,JO5D,110.7
201108,2011-08-01,16,JO5D,104.5
201109,2011-09-01,16,JO5D,100.5
201110,2011-10-01,16,JO5D,105.1
201111,2011-11-01,16,JO5D,104.1
201112,2011-12-01,16,JO5D,105.7
201201,2012-01-01,16,JO5D,98.7
201202,2012-02-01,16,JO5D,97.9
201203,2012-03-01,16,JO5D,103.1
201204,2012-04-01,16,JO5D,95.0
201205,2012-05-01,16,JO5D,97.2
201206,2012-06-01,16,JO5D,95.9
201207,2012-07-01,16,JO5D,94.8
201208,2012-08-01,16,JO5D,96.9
201209,2012-09-01,16,JO5D,98.6
201210,2012-10-01,16,JO5D,95.5
201211,2012-11-01,16,JO5D,101.6
201212,2012-12-01,16,JO5D,103.4
201301,2013-01-01,16,JO5D,101.5
201302,2013-02-01,16,JO5D,104.8
201303,2013-03-01,16,JO5D,96.3
201304,2013-04-01,16,JO5D,104.3
201305,2013-05-01,16,JO5D,109.7
201306,2013-06-01,16,JO5D,107.5
201307,2013-07-01,16,JO5D,107.7
201308,2013-08-01,16,JO5D,104.6
201309,2013-09-01,16,JO5D,103.9
201310,2013-10-01,16,JO5D,104.4
201311,2013-11-01,16,JO5D,101.4
201312,2013-12-01,16,JO5D,102.5
201401,2014-01-01,16,JO5D,111.4
201402,2014-02-01,16,JO5D,107.5
201403,2014-03-01,16,JO5D,108.7
201404,2014-04-01,16,JO5D,108.1
201405,2014-05-01,16,JO5D,107.7
201406,2014-06-01,16,JO5D,109.8
201407,2014-07-01,16,JO5D,106.2
201408,2014-08-01,16,JO5D,110.9
201409,2014-09-01,16,JO5D,106.6
201410,2014-10-01,16,JO5D,107.7
201411,2014-11-01,16,JO5D,111.9
201412,2014-12-01,16,JO5D,113.0
201501,2015-01-01,16,JO5D,114.2
201502,2015-02-01,16,JO5D,110.8
201503,2015-03-01,16,JO5D,113.0
201504,2015-04-01,16,JO5D,112.0
201505,2015-05-01,16,JO5D,109.7
201506,2015-06-01,16,JO5D,110.2
201507,2015-07-01,16,JO5D,112.5
201508,2015-08-01,16,JO5D,114.6
201509,2015-09-01,16,JO5D,115.8
201510,2015-10-01,16,JO5D,114.0
201511,2015-11-01,16,JO5D,113.8
201512,2015-12-01,16,JO5D,110.3
201601,2016-01-01,16,JO5D,117.5
201602,2016-02-01,16,JO5D,118.2
201603,2016-03-01,16,JO5D,108.7
201604,2016-04-01,16,JO5D,110.4
201605,2016-05-01,16,JO5D,115.4
201606,2016-06-01,16,JO5D,114.3
201607,2016-07-01,16,JO5D,124.4
201608,2016-08-01,16,JO5D,109.4
201609,2016-09-01,16,JO5D,108.4
201610,2016-10-01,16,JO5D,120.5
201611,2016-11-01,16,JO5D,126.6
201612,2016-12-01,16,JO5D,119.3
201701,2017-01-01,16,JO5D,114.9
201702,2017-02-01,16,JO5D,116.0
201703,2017-03-01,16,JO5D,112.6
201704,2017-04-01,16,JO5D,122.3
201705,2017-05-01,16,JO5D,109.5
201706,2017-06-01,16,JO5D,110.4
201707,2017-07-01,16,JO5D,114.0
201708,2017-08-01,16,JO5D,109.5
201709,2017-09-01,16,JO5D,110.9
201710,2017-10-01,16,JO5D,114.1
201711,2017-11-01,16,JO5D,107.6
201712,2017-12-01,16,JO5D,105.7
201801,2018-01-01,16,JO5D,105.8
201802,2018-02-01,16,JO5D,111.8
201803,2018-03-01,16,JO5D,118.5
201804,2018-04-01,16,JO5D,120.9
201805,2018-05-01,16,JO5D,121.8
201806,2018-06-01,16,JO5D,117.7
201807,2018-07-01,16,JO5D,118.5
201808,2018-08-01,16,JO5D,121.4
201809,2018-09-01,16,JO5D,125.2
201810,2018-10-01,16,JO5D,128.5
201811,2018-11-01,16,JO5D,122.8
201812,2018-12-01,16,JO5D,121.3
201901,2019-01-01,16,JO5D,114.2
201902,2019-02-01,16,JO5D,108.7
201903,2019-03-01,16,JO5D,107.2
201904,2019-04-01,16,JO5D,103.9
201905,2019-05-01,16,JO5D,104.5
201906,2019-06-01,16,JO5D,107.8
201907,2019-07-01,16,JO5D,114.4
201908,2019-08-01,16,JO5D,106.9
201909,2019-09-01,16,JO5D,106.0
201910,2019-10-01,16,JO5D,102.1
201911,2019-11-01,16,JO5D,106.1
201912,2019-12-01,16,JO5D,106.5
202001,2020-01-01,16,JO5D,105.8
202002,2020-02-01,16,JO5D,110.9
202003,2020-03-01,16,JO5D,109.3
202004,2020-04-01,16,JO5D,69.8
202005,2020-05-01,16,JO5D,112.0
202006,2020-06-01,16,JO5D,122.3
202007,2020-07-01,16,JO5D,129.0
202008,2020-08-01,16,JO5D,136.2
202009,2020-09-01,16,JO5D,142.2
202010,2020-10-01,16,JO5D,142.6
202011,2020-11-01,16,JO5D,157.3
202012,2020-12-01,16,JO5D,147.3
202101,2021-01-01,16,JO5D,120.7
202102,2021-02-01,16,JO5D,135.8
202103,2021-03-01,16,JO5D,162.4
202104,2021-04-01,16,JO5D,151.0
202105,2021-05-01,16,JO5D,134.7
202106,2021-06-01,16,JO5D,138.7
202107,2021-07-01,16,JO5D,134.3
202108,2021-08-01,16,JO5D,130.7
202109,2021-09-01,16,JO5D,127.7
202110,2021-10-01,16,JO5D,123.1
202111,2021-11-01,16,JO5D,122.7
202112,2021-12-01,16,JO5D,135.1
202201,2022-01-01,16,JO5D,114.9
202202,2022-02-01,16,JO5D,113.8
202203,2022-03-01,16,JO5D,116.3
202204,2022-04-01,16,JO5D,106.0
202205,2022-05-01,16,JO5D,110.5
202206,2022-06-01,16,JO5D,99.8
202207,2022-07-01,16,JO5D,103.1
202208,2022-08-01,16,JO5D,102.6
202209,2022-09-01,16,JO5D,103.1
202210,2022-10-01,16,JO5D,103.9
202211,2022-11-01,16,JO5D,102.6
202212,2022-12-01,16,JO5D,101.8
202301,2023-01-01,16,JO5D,103.8
202302,2023-02-01,16,JO5D,100.7
202303,2023-03-01,16,JO5D,98.1
202304,2023-04-01,16,JO5D,103.0
202305,2023-05-01,16,JO5D,101.3
202306,2023-06-01,16,JO5D,101.2
202307,2023-07-01,16,JO5D,99.7
202308,2023-08-01,16,JO5D,100.1
202309,2023-09-01,16,JO5D,98.9
202310,2023-10-01,16,JO5D,97.2
202311,2023-11-01,16,JO5D,98.9
202312,2023-12-01,16,JO5D,98.1
202401,2024-01-01,16,JO5D,100.7
202402,2024-02-01,16,JO5D,100.2
202403,2024-03-01,16,JO5D,102.2
202404,2024-04-01,16,JO5D,98.7
202405,2024-05-01,16,JO5D,101.5
202406,2024-06-01,16,JO5D,101.2
202407,2024-07-01,16,JO5D,100.3
202408,2024-08-01,16,JO5D,103.3
202409,2024-09-01,16,JO5D,103.4
202410,2024-10-01,16,JO5D,101.2
202411,2024-11-01,16,JO5D,100.5
202412,2024-12-01,16,JO5D,103.5
202501,2025-01-01,16,JO5D,95.8
202502,2025-02-01,16,JO5D,104.7
202503,2025-03-01,16,JO5D,103.9
202504,2025-04-01,16,JO5D,101.9
202505,2025-05-01,16,JO5D,95.3
202506,2025-06-01,16,JO5D,98.9
202507,2025-07-01,16,JO5D,103.3
202508,2025-08-01,16,JO5D,102.0
202509,2025-09-01,16,JO5D,99.8
202510,2025-10-01,16,JO5D,107.0
202511,2025-11-01,16,JO5D,109.4
202512,2025-12-01,16,JO5D,100.9
202601,2026-01-01,16,JO5D,104.7
202602,2026-02-01,16,JO5D,98.3
202603,2026-03-01,16,JO5D,102.6
202604,2026-04-01,16,JO5D,105.4
202605,2026-05-01,16,JO5D,105.3
202606,2026-06-01,16,JO5D,102.0
198801,1988-01-01,17,JO5Y,199.1
198802,1988-02-01,17,JO5Y,189.5
198803,1988-03-01,17,JO5Y,194.8
198804,1988-04-01,17,JO5Y,197.0
198805,1988-05-01,17,JO5Y,198.0
198806,1988-06-01,17,JO5Y,192.0
198807,1988-07-01,17,JO5Y,218.3
198808,1988-08-01,17,JO5Y,208.4
198809,1988-09-01,17,JO5Y,206.9
198810,1988-10-01,17,JO5Y,211.4
198811,1988-11-01,17,JO5Y,204.1
198812,1988-12-01,17,JO5Y,191.7
198901,1989-01-01,17,JO5Y,206.3
198902,1989-02-01,17,JO5Y,204.6
198903,1989-03-01,17,JO5Y,204.0
198904,1989-04-01,17,JO5Y,210.2
198905,1989-05-01,17,JO5Y,205.9
198906,1989-06-01,17,JO5Y,205.7
198907,1989-07-01,17,JO5Y,207.2
198908,1989-08-01,17,JO5Y,210.9
198909,1989-09-01,17,JO5Y,210.7
198910,1989-10-01,17,JO5Y,210.3
198911,1989-11-01,17,JO5Y,209.2
198912,1989-12-01,17,JO5Y,206.2
199001,1990-01-01,17,JO5Y,213.4
199002,1990-02-01,17,JO5Y,217.6
199003,1990-03-01,17,JO5Y,211.8
199004,1990-04-01,17,JO5Y,209.8
199005,1990-05-01,17,JO5Y,220.0
199006,1990-06-01,17,JO5Y,217.6
199007,1990-07-01,17,JO5Y,211.5
199008,1990-08-01,17,JO5Y,213.9
199009,1990-09-01,17,JO5Y,212.1
199010,1990-10-01,17,JO5Y,209.9
199011,1990-11-01,17,JO5Y,209.8
199012,1990-12-01,17,JO5Y,211.8
199101,1991-01-01,17,JO5Y,207.3
199102,1991-02-01,17,JO5Y,206.9
199103,1991-03-01,17,JO5Y,230.2
199104,1991-04-01,17,JO5Y,213.0
199105,1991-05-01,17,JO5Y,212.1
199106,1991-06-01,17,JO5Y,216.5
199107,1991-07-01,17,JO5Y,214.4
199108,1991-08-01,17,JO5Y,210.0
199109,1991-09-01,17,JO5Y,210.9
199110,1991-10-01,17,JO5Y,203.8
199111,1991-11-01,17,JO5Y,215.9
199112,1991-12-01,17,JO5Y,227.2
199201,1992-01-01,17,JO5Y,210.8
199202,1992-02-01,17,JO5Y,208.8
199203,1992-03-01,17,JO5Y,207.2
199204,1992-04-01,17,JO5Y,205.7
199205,1992-05-01,17,JO5Y,200.6
199206,1992-06-01,17,JO5Y,202.2
199207,1992-07-01,17,JO5Y,210.0
199208,1992-08-01,17,JO5Y,216.6
199209,1992-09-01,17,JO5Y,209.9
199210,1992-10-01,17,JO5Y,205.5
199211,1992-11-01,17,JO5Y,208.5
199212,1992-12-01,17,JO5Y,214.7
199301,1993-01-01,17,JO5Y,215.2
199302,1993-02-01,17,JO5Y,221.2
199303,1993-03-01,17,JO5Y,215.6
199304,1993-04-01,17,JO5Y,216.6
199305,1993-05-01,17,JO5Y,216.9
199306,1993-06-01,17,JO5Y,216.5
199307,1993-07-01,17,JO5Y,220.3
199308,1993-08-01,17,JO5Y,221.2
199309,1993-09-01,17,JO5Y,218.9
199310,1993-10-01,17,JO5Y,221.7
199311,1993-11-01,17,JO5Y,223.6
199312,1993-12-01,17,JO5Y,217.6
199401,1994-01-01,17,JO5Y,223.9
199402,1994-02-01,17,JO5Y,217.0
199403,1994-03-01,17,JO5Y,217.5
199404,1994-04-01,17,JO5Y,224.8
199405,1994-05-01,17,JO5Y,222.2
199406,1994-06-01,17,JO5Y,222.8
199407,1994-07-01,17,JO5Y,224.6
199408,1994-08-01,17,JO5Y,225.9
199409,1994-09-01,17,JO5Y,224.9
199410,1994-10-01,17,JO5Y,228.4
199411,1994-11-01,17,JO5Y,230.5
199412,1994-12-01,17,JO5Y,231.5
199501,1995-01-01,17,JO5Y,228.9
199502,1995-02-01,17,JO5Y,231.2
199503,1995-03-01,17,JO5Y,236.0
199504,1995-04-01,17,JO5Y,235.5
199505,1995-05-01,17,JO5Y,240.7
199506,1995-06-01,17,JO5Y,242.7
199507,1995-07-01,17,JO5Y,242.4
199508,1995-08-01,17,JO5Y,246.1
199509,1995-09-01,17,JO5Y,252.2
199510,1995-10-01,17,JO5Y,252.3
199511,1995-11-01,17,JO5Y,251.5
199512,1995-12-01,17,JO5Y,255.2
199601,1996-01-01,17,JO5Y,243.0
199602,1996-02-01,17,JO5Y,254.2
199603,1996-03-01,17,JO5Y,257.3
199604,1996-04-01,17,JO5Y,248.2
199605,1996-05-01,17,JO5Y,262.8
199606,1996-06-01,17,JO5Y,250.3
199607,1996-07-01,17,JO5Y,254.7
199608,1996-08-01,17,JO5Y,261.5
199609,1996-09-01,17,JO5Y,265.1
199610,1996-10-01,17,JO5Y,264.1
199611,1996-11-01,17,JO5Y,275.8
199612,1996-12-01,17,JO5Y,266.3
199701,1997-01-01,17,JO5Y,261.8
199702,1997-02-01,17,JO5Y,266.3
199703,1997-03-01,17,JO5Y,264.3
199704,1997-04-01,17,JO5Y,269.2
199705,1997-05-01,17,JO5Y,280.3
199706,1997-06-01,17,JO5Y,302.8
199707,1997-07-01,17,JO5Y,279.2
199708,1997-08-01,17,JO5Y,281.8
199709,1997-09-01,17,JO5Y,271.4
199710,1997-10-01,17,JO5Y,283.7
199711,1997-11-01,17,JO5Y,283.7
199712,1997-12-01,17,JO5Y,278.1
199801,1998-01-01,17,JO5Y,283.1
199802,1998-02-01,17,JO5Y,282.1
199803,1998-03-01,17,JO5Y,279.4
199804,1998-04-01,17,JO5Y,285.1
199805,1998-05-01,17,JO5Y,273.3
199806,1998-06-01,17,JO5Y,281.9
199807,1998-07-01,17,JO5Y,283.1
199808,1998-08-01,17,JO5Y,275.3
199809,1998-09-01,17,JO5Y,282.8
199810,1998-10-01,17,JO5Y,283.8
199811,1998-11-01,17,JO5Y,283.8
199812,1998-12-01,17,JO5Y,293.6
199901,1999-01-01,17,JO5Y,311.1
199902,1999-02-01,17,JO5Y,298.1
199903,1999-03-01,17,JO5Y,300.2
199904,1999-04-01,17,JO5Y,305.5
199905,1999-05-01,17,JO5Y,318.9
199906,1999-06-01,17,JO5Y,314.4
199907,1999-07-01,17,JO5Y,317.2
199908,1999-08-01,17,JO5Y,324.6
199909,1999-09-01,17,JO5Y,317.3
199910,1999-10-01,17,JO5Y,322.5
199911,1999-11-01,17,JO5Y,329.3
199912,1999-12-01,17,JO5Y,318.4
200001,2000-01-01,17,JO5Y,362.2
200002,2000-02-01,17,JO5Y,330.5
200003,2000-03-01,17,JO5Y,340.4
200004,2000-04-01,17,JO5Y,336.6
200005,2000-05-01,17,JO5Y,329.9
200006,2000-06-01,17,JO5Y,339.8
200007,2000-07-01,17,JO5Y,343.6
200008,2000-08-01,17,JO5Y,341.5
200009,2000-09-01,17,JO5Y,353.7
200010,2000-10-01,17,JO5Y,354.8
200011,2000-11-01,17,JO5Y,361.3
200012,2000-12-01,17,JO5Y,359.0
200101,2001-01-01,17,JO5Y,383.9
200102,2001-02-01,17,JO5Y,395.2
200103,2001-03-01,17,JO5Y,412.3
200104,2001-04-01,17,JO5Y,421.3
200105,2001-05-01,17,JO5Y,402.0
200106,2001-06-01,17,JO5Y,410.9
200107,2001-07-01,17,JO5Y,421.2
200108,2001-08-01,17,JO5Y,428.7
200109,2001-09-01,17,JO5Y,390.7
200110,2001-10-01,17,JO5Y,440.5
200111,2001-11-01,17,JO5Y,427.0
200112,2001-12-01,17,JO5Y,447.2
200201,2002-01-01,17,JO5Y,432.1
200202,2002-02-01,17,JO5Y,436.5
200203,2002-03-01,17,JO5Y,414.7
200204,2002-04-01,17,JO5Y,397.8
200205,2002-05-01,17,JO5Y,440.9
200206,2002-06-01,17,JO5Y,406.4
200207,2002-07-01,17,JO5Y,397.3
200208,2002-08-01,17,JO5Y,404.2
200209,2002-09-01,17,JO5Y,396.3
200210,2002-10-01,17,JO5Y,404.8
200211,2002-11-01,17,JO5Y,438.4
200212,2002-12-01,17,JO5Y,404.4
200301,2003-01-01,17,JO5Y,371.8
200302,2003-02-01,17,JO5Y,359.7
200303,2003-03-01,17,JO5Y,345.3
200304,2003-04-01,17,JO5Y,417.3
200305,2003-05-01,17,JO5Y,429.8
200306,2003-06-01,17,JO5Y,405.8
200307,2003-07-01,17,JO5Y,413.2
200308,2003-08-01,17,JO5Y,418.5
200309,2003-09-01,17,JO5Y,409.3
200310,2003-10-01,17,JO5Y,402.1
200311,2003-11-01,17,JO5Y,407.3
200312,2003-12-01,17,JO5Y,392.5
200401,2004-01-01,17,JO5Y,383.8
200402,2004-02-01,17,JO5Y,392.8
200403,2004-03-01,17,JO5Y,390.0
200404,2004-04-01,17,JO5Y,394.5
200405,2004-05-01,17,JO5Y,367.1
200406,2004-06-01,17,JO5Y,387.7
200407,2004-07-01,17,JO5Y,381.2
200408,2004-08-01,17,JO5Y,366.5
200409,2004-09-01,17,JO5Y,370.9
200410,2004-10-01,17,JO5Y,342.6
200411,2004-11-01,17,JO5Y,350.9
200412,2004-12-01,17,JO5Y,339.5
200501,2005-01-01,17,JO5Y,356.9
200502,2005-02-01,17,JO5Y,335.7
200503,2005-03-01,17,JO5Y,328.0
200504,2005-04-01,17,JO5Y,317.4
200505,2005-05-01,17,JO5Y,325.7
200506,2005-06-01,17,JO5Y,308.0
200507,2005-07-01,17,JO5Y,307.8
200508,2005-08-01,17,JO5Y,292.5
200509,2005-09-01,17,JO5Y,301.0
200510,2005-10-01,17,JO5Y,296.8
200511,2005-11-01,17,JO5Y,301.3
200512,2005-12-01,17,JO5Y,306.8
200601,2006-01-01,17,JO5Y,302.7
200602,2006-02-01,17,JO5Y,299.7
200603,2006-03-01,17,JO5Y,298.7
200604,2006-04-01,17,JO5Y,333.3
200605,2006-05-01,17,JO5Y,321.3
200606,2006-06-01,17,JO5Y,314.8
200607,2006-07-01,17,JO5Y,299.4
200608,2006-08-01,17,JO5Y,321.6
200609,2006-09-01,17,JO5Y,313.6
200610,2006-10-01,17,JO5Y,324.9
200611,2006-11-01,17,JO5Y,322.1
200612,2006-12-01,17,JO5Y,318.3
200701,2007-01-01,17,JO5Y,340.6
200702,2007-02-01,17,JO5Y,343.8
200703,2007-03-01,17,JO5Y,338.6
200704,2007-04-01,17,JO5Y,328.6
200705,2007-05-01,17,JO5Y,327.9
200706,2007-06-01,17,JO5Y,343.8
200707,2007-07-01,17,JO5Y,349.8
200708,2007-08-01,17,JO5Y,335.2
200709,2007-09-01,17,JO5Y,334.5
200710,2007-10-01,17,JO5Y,334.3
200711,2007-11-01,17,JO5Y,293.7
200712,2007-12-01,17,JO5Y,285.4
200801,2008-01-01,17,JO5Y,297.1
200802,2008-02-01,17,JO5Y,280.4
200803,2008-03-01,17,JO5Y,294.7
200804,2008-04-01,17,JO5Y,286.5
200805,2008-05-01,17,JO5Y,289.6
200806,2008-06-01,17,JO5Y,262.8
200807,2008-07-01,17,JO5Y,269.7
200808,2008-08-01,17,JO5Y,289.9
200809,2008-09-01,17,JO5Y,281.4
200810,2008-10-01,17,JO5Y,289.7
200811,2008-11-01,17,JO5Y,302.2
200812,2008-12-01,17,JO5Y,314.6
200901,2009-01-01,17,JO5Y,306.7
200902,2009-02-01,17,JO5Y,308.6
200903,2009-03-01,17,JO5Y,306.5
200904,2009-04-01,17,JO5Y,279.0
200905,2009-05-01,17,JO5Y,284.6
200906,2009-06-01,17,JO5Y,291.1
200907,2009-07-01,17,JO5Y,289.5
200908,2009-08-01,17,JO5Y,263.0
200909,2009-09-01,17,JO5Y,272.4
200910,2009-10-01,17,JO5Y,261.7
200911,2009-11-01,17,JO5Y,272.4
200912,2009-12-01,17,JO5Y,265.6
201001,2010-01-01,17,JO5Y,215.0
201002,2010-02-01,17,JO5Y,260.3
201003,2010-03-01,17,JO5Y,256.8
201004,2010-04-01,17,JO5Y,255.8
201005,2010-05-01,17,JO5Y,256.1
201006,2010-06-01,17,JO5Y,252.2
201007,2010-07-01,17,JO5Y,256.0
201008,2010-08-01,17,JO5Y,251.6
201009,2010-09-01,17,JO5Y,235.2
201010,2010-10-01,17,JO5Y,244.9
201011,2010-11-01,17,JO5Y,252.1
201012,2010-12-01,17,JO5Y,229.5
201101,2011-01-01,17,JO5Y,204.0
201102,2011-02-01,17,JO5Y,213.8
201103,2011-03-01,17,JO5Y,203.3
201104,2011-04-01,17,JO5Y,204.3
201105,2011-05-01,17,JO5Y,194.6
201106,2011-06-01,17,JO5Y,198.9
201107,2011-07-01,17,JO5Y,191.2
201108,2011-08-01,17,JO5Y,191.1
201109,2011-09-01,17,JO5Y,195.3
201110,2011-10-01,17,JO5Y,189.1
201111,2011-11-01,17,JO5Y,191.6
201112,2011-12-01,17,JO5Y,191.4
201201,2012-01-01,17,JO5Y,165.2
201202,2012-02-01,17,JO5Y,189.5
201203,2012-03-01,17,JO5Y,195.5
201204,2012-04-01,17,JO5Y,196.6
201205,2012-05-01,17,JO5Y,196.6
201206,2012-06-01,17,JO5Y,178.2
201207,2012-07-01,17,JO5Y,181.5
201208,2012-08-01,17,JO5Y,179.0
201209,2012-09-01,17,JO5Y,176.9
201210,2012-10-01,17,JO5Y,175.3
201211,2012-11-01,17,JO5Y,173.2
201212,2012-12-01,17,JO5Y,173.2
201301,2013-01-01,17,JO5Y,166.0
201302,2013-02-01,17,JO5Y,158.4
201303,2013-03-01,17,JO5Y,148.3
201304,2013-04-01,17,JO5Y,124.9
201305,2013-05-01,17,JO5Y,137.1
201306,2013-06-01,17,JO5Y,133.4
201307,2013-07-01,17,JO5Y,120.6
201308,2013-08-01,17,JO5Y,129.5
201309,2013-09-01,17,JO5Y,129.7
201310,2013-10-01,17,JO5Y,129.9
201311,2013-11-01,17,JO5Y,128.1
201312,2013-12-01,17,JO5Y,133.0
201401,2014-01-01,17,JO5Y,134.0
201402,2014-02-01,17,JO5Y,127.2
201403,2014-03-01,17,JO5Y,126.8
201404,2014-04-01,17,JO5Y,128.2
201405,2014-05-01,17,JO5Y,128.5
201406,2014-06-01,17,JO5Y,131.5
201407,2014-07-01,17,JO5Y,134.6
201408,2014-08-01,17,JO5Y,131.2
201409,2014-09-01,17,JO5Y,128.9
201410,2014-10-01,17,JO5Y,136.3
201411,2014-11-01,17,JO5Y,132.0
201412,2014-12-01,17,JO5Y,132.1
201501,2015-01-01,17,JO5Y,129.5
201502,2015-02-01,17,JO5Y,130.1
201503,2015-03-01,17,JO5Y,166.3
201504,2015-04-01,17,JO5Y,159.8
201505,2015-05-01,17,JO5Y,155.5
201506,2015-06-01,17,JO5Y,141.6
201507,2015-07-01,17,JO5Y,153.2
201508,2015-08-01,17,JO5Y,155.6
201509,2015-09-01,17,JO5Y,155.1
201510,2015-10-01,17,JO5Y,146.1
201511,2015-11-01,17,JO5Y,144.1
201512,2015-12-01,17,JO5Y,151.2
201601,2016-01-01,17,JO5Y,153.1
201602,2016-02-01,17,JO5Y,158.8
201603,2016-03-01,17,JO5Y,157.4
201604,2016-04-01,17,JO5Y,157.3
201605,2016-05-01,17,JO5Y,151.1
201606,2016-06-01,17,JO5Y,138.8
201607,2016-07-01,17,JO5Y,132.2
201608,2016-08-01,17,JO5Y,134.2
201609,2016-09-01,17,JO5Y,130.2
201610,2016-10-01,17,JO5Y,127.9
201611,2016-11-01,17,JO5Y,135.0
201612,2016-12-01,17,JO5Y,128.9
201701,2017-01-01,17,JO5Y,125.0
201702,2017-02-01,17,JO5Y,133.3
201703,2017-03-01,17,JO5Y,132.9
201704,2017-04-01,17,JO5Y,125.8
201705,2017-05-01,17,JO5Y,125.5
201706,2017-06-01,17,JO5Y,126.1
201707,2017-07-01,17,JO5Y,129.0
201708,2017-08-01,17,JO5Y,123.0
201709,2017-09-01,17,JO5Y,113.3
201710,2017-10-01,17,JO5Y,127.2
201711,2017-11-01,17,JO5Y,121.7
201712,2017-12-01,17,JO5Y,126.8
201801,2018-01-01,17,JO5Y,129.7
201802,2018-02-01,17,JO5Y,120.1
201803,2018-03-01,17,JO5Y,138.9
201804,2018-04-01,17,JO5Y,124.5
201805,2018-05-01,17,JO5Y,108.1
201806,2018-06-01,17,JO5Y,121.4
201807,2018-07-01,17,JO5Y,120.4
201808,2018-08-01,17,JO5Y,123.7
201809,2018-09-01,17,JO5Y,117.7
201810,2018-10-01,17,JO5Y,113.0
201811,2018-11-01,17,JO5Y,115.6
201812,2018-12-01,17,JO5Y,114.8
201901,2019-01-01,17,JO5Y,160.1
201902,2019-02-01,17,JO5Y,90.4
201903,2019-03-01,17,JO5Y,97.2
201904,2019-04-01,17,JO5Y,124.6
201905,2019-05-01,17,JO5Y,153.5
201906,2019-06-01,17,JO5Y,157.5
201907,2019-07-01,17,JO5Y,158.7
201908,2019-08-01,17,JO5Y,111.5
201909,2019-09-01,17,JO5Y,131.8
201910,2019-10-01,17,JO5Y,110.6
201911,2019-11-01,17,JO5Y,112.9
201912,2019-12-01,17,JO5Y,106.5
202001,2020-01-01,17,JO5Y,111.0
202002,2020-02-01,17,JO5Y,116.5
202003,2020-03-01,17,JO5Y,107.6
202004,2020-04-01,17,JO5Y,68.4
202005,2020-05-01,17,JO5Y,68.3
202006,2020-06-01,17,JO5Y,90.3
202007,2020-07-01,17,JO5Y,116.5
202008,2020-08-01,17,JO5Y,128.1
202009,2020-09-01,17,JO5Y,133.1
202010,2020-10-01,17,JO5Y,167.3
202011,2020-11-01,17,JO5Y,128.0
202012,2020-12-01,17,JO5Y,126.2
202101,2021-01-01,17,JO5Y,82.4
202102,2021-02-01,17,JO5Y,209.5
202103,2021-03-01,17,JO5Y,84.2
202104,2021-04-01,17,JO5Y,120.0
202105,2021-05-01,17,JO5Y,130.9
202106,2021-06-01,17,JO5Y,123.9
202107,2021-07-01,17,JO5Y,119.8
202108,2021-08-01,17,JO5Y,112.3
202109,2021-09-01,17,JO5Y,98.9
202110,2021-10-01,17,JO5Y,105.8
202111,2021-11-01,17,JO5Y,99.0
202112,2021-12-01,17,JO5Y,176.1
202201,2022-01-01,17,JO5Y,100.1
202202,2022-02-01,17,JO5Y,93.3
202203,2022-03-01,17,JO5Y,86.5
202204,2022-04-01,17,JO5Y,87.9
202205,2022-05-01,17,JO5Y,94.2
202206,2022-06-01,17,JO5Y,81.9
202207,2022-07-01,17,JO5Y,76.4
202208,2022-08-01,17,JO5Y,81.0
202209,2022-09-01,17,JO5Y,86.4
202210,2022-10-01,17,JO5Y,90.6
202211,2022-11-01,17,JO5Y,90.9
202212,2022-12-01,17,JO5Y,87.3
202301,2023-01-01,17,JO5Y,94.0
202302,2023-02-01,17,JO5Y,93.3
202303,2023-03-01,17,JO5Y,100.2
202304,2023-04-01,17,JO5Y,102.8
202305,2023-05-01,17,JO5Y,97.6
202306,2023-06-01,17,JO5Y,102.6
202307,2023-07-01,17,JO5Y,108.6
202308,2023-08-01,17,JO5Y,102.6
202309,2023-09-01,17,JO5Y,94.5
202310,2023-10-01,17,JO5Y,90.6
202311,2023-11-01,17,JO5Y,105.1
202312,2023-12-01,17,JO5Y,107.1
202401,2024-01-01,17,JO5Y,119.1
202402,2024-02-01,17,JO5Y,118.7
202403,2024-03-01,17,JO5Y,123.6
202404,2024-04-01,17,JO5Y,121.8
202405,2024-05-01,17,JO5Y,119.1
202406,2024-06-01,17,JO5Y,123.0
202407,2024-07-01,17,JO5Y,120.1
202408,2024-08-01,17,JO5Y,115.3
202409,2024-09-01,17,JO5Y,119.1
202410,2024-10-01,17,JO5Y,114.1
202411,2024-11-01,17,JO5Y,119.9
202412,2024-12-01,17,JO5Y,122.2
202501,2025-01-01,17,JO5Y,121.8
202502,2025-02-01,17,JO5Y,137.6
202503,2025-03-01,17,JO5Y,131.3
202504,2025-04-01,17,JO5Y,126.5
202505,2025-05-01,17,JO5Y,126.3
202506,2025-06-01,17,JO5Y,121.3
202507,2025-07-01,17,JO5Y,130.0
202508,2025-08-01,17,JO5Y,133.3
202509,2025-09-01,17,JO5Y,131.6
202510,2025-10-01,17,JO5Y,136.0
202511,2025-11-01,17,JO5Y,129.5
202512,2025-12-01,17,JO5Y,122.7
202601,2026-01-01,17,JO5Y,112.9
202602,2026-02-01,17,JO5Y,112.9
202603,2026-03-01,17,JO5Y,107.4
202604,2026-04-01,17,JO5Y,109.3
202605,2026-05-01,17,JO5Y,116.2
202606,2026-06-01,17,JO5Y,113.8
198801,1988-01-01,18,EAPW,49.5
198802,1988-02-01,18,EAPW,47.4
198803,1988-03-01,18,EAPW,47.8
198804,1988-04-01,18,EAPW,49.9
198805,1988-05-01,18,EAPW,49.4
198806,1988-06-01,18,EAPW,50.3
198807,1988-07-01,18,EAPW,51.5
198808,1988-08-01,18,EAPW,51.6
198809,1988-09-01,18,EAPW,50.9
198810,1988-10-01,18,EAPW,52.0
198811,1988-11-01,18,EAPW,53.0
198812,1988-12-01,18,EAPW,53.5
198901,1989-01-01,18,EAPW,54.1
198902,1989-02-01,18,EAPW,54.1
198903,1989-03-01,18,EAPW,53.6
198904,1989-04-01,18,EAPW,53.7
198905,1989-05-01,18,EAPW,54.3
198906,1989-06-01,18,EAPW,54.0
198907,1989-07-01,18,EAPW,53.8
198908,1989-08-01,18,EAPW,54.6
198909,1989-09-01,18,EAPW,55.4
198910,1989-10-01,18,EAPW,55.6
198911,1989-11-01,18,EAPW,55.2
198912,1989-12-01,18,EAPW,56.3
199001,1990-01-01,18,EAPW,57.4
199002,1990-02-01,18,EAPW,57.4
199003,1990-03-01,18,EAPW,57.6
199004,1990-04-01,18,EAPW,56.5
199005,1990-05-01,18,EAPW,56.8
199006,1990-06-01,18,EAPW,55.7
199007,1990-07-01,18,EAPW,57.3
199008,1990-08-01,18,EAPW,56.4
199009,1990-09-01,18,EAPW,56.3
199010,1990-10-01,18,EAPW,57.1
199011,1990-11-01,18,EAPW,56.0
199012,1990-12-01,18,EAPW,56.6
199101,1991-01-01,18,EAPW,54.4
199102,1991-02-01,18,EAPW,53.4
199103,1991-03-01,18,EAPW,58.4
199104,1991-04-01,18,EAPW,55.2
199105,1991-05-01,18,EAPW,54.6
199106,1991-06-01,18,EAPW,54.5
199107,1991-07-01,18,EAPW,55.1
199108,1991-08-01,18,EAPW,53.6
199109,1991-09-01,18,EAPW,53.7
199110,1991-10-01,18,EAPW,54.4
199111,1991-11-01,18,EAPW,55.0
199112,1991-12-01,18,EAPW,54.6
199201,1992-01-01,18,EAPW,54.9
199202,1992-02-01,18,EAPW,54.5
199203,1992-03-01,18,EAPW,54.6
199204,1992-04-01,18,EAPW,55.8
199205,1992-05-01,18,EAPW,57.0
199206,1992-06-01,18,EAPW,56.1
199207,1992-07-01,18,EAPW,54.0
199208,1992-08-01,18,EAPW,55.1
199209,1992-09-01,18,EAPW,53.2
199210,1992-10-01,18,EAPW,53.5
199211,1992-11-01,18,EAPW,54.2
199212,1992-12-01,18,EAPW,53.1
199301,1993-01-01,18,EAPW,53.0
199302,1993-02-01,18,EAPW,54.5
199303,1993-03-01,18,EAPW,54.6
199304,1993-04-01,18,EAPW,54.6
199305,1993-05-01,18,EAPW,54.1
199306,1993-06-01,18,EAPW,54.5
199307,1993-07-01,18,EAPW,54.3
199308,1993-08-01,18,EAPW,54.2
199309,1993-09-01,18,EAPW,54.6
199310,1993-10-01,18,EAPW,54.0
199311,1993-11-01,18,EAPW,55.0
199312,1993-12-01,18,EAPW,54.8
199401,1994-01-01,18,EAPW,55.2
199402,1994-02-01,18,EAPW,54.4
199403,1994-03-01,18,EAPW,55.4
199404,1994-04-01,18,EAPW,54.4
199405,1994-05-01,18,EAPW,56.3
199406,1994-06-01,18,EAPW,56.6
199407,1994-07-01,18,EAPW,55.9
199408,1994-08-01,18,EAPW,56.7
199409,1994-09-01,18,EAPW,57.1
199410,1994-10-01,18,EAPW,56.4
199411,1994-11-01,18,EAPW,56.9
199412,1994-12-01,18,EAPW,56.9
199501,1995-01-01,18,EAPW,55.2
199502,1995-02-01,18,EAPW,56.3
199503,1995-03-01,18,EAPW,56.1
199504,1995-04-01,18,EAPW,55.3
199505,1995-05-01,18,EAPW,54.5
199506,1995-06-01,18,EAPW,54.0
199507,1995-07-01,18,EAPW,55.7
199508,1995-08-01,18,EAPW,55.7
199509,1995-09-01,18,EAPW,55.4
199510,1995-10-01,18,EAPW,56.7
199511,1995-11-01,18,EAPW,56.0
199512,1995-12-01,18,EAPW,56.7
199601,1996-01-01,18,EAPW,55.5
199602,1996-02-01,18,EAPW,54.5
199603,1996-03-01,18,EAPW,56.2
199604,1996-04-01,18,EAPW,57.2
199605,1996-05-01,18,EAPW,57.3
199606,1996-06-01,18,EAPW,58.4
199607,1996-07-01,18,EAPW,56.4
199608,1996-08-01,18,EAPW,56.5
199609,1996-09-01,18,EAPW,58.1
199610,1996-10-01,18,EAPW,57.2
199611,1996-11-01,18,EAPW,56.6
199612,1996-12-01,18,EAPW,57.3
199701,1997-01-01,18,EAPW,56.6
199702,1997-02-01,18,EAPW,57.5
199703,1997-03-01,18,EAPW,58.2
199704,1997-04-01,18,EAPW,57.1
199705,1997-05-01,18,EAPW,56.1
199706,1997-06-01,18,EAPW,57.6
199707,1997-07-01,18,EAPW,57.8
199708,1997-08-01,18,EAPW,56.3
199709,1997-09-01,18,EAPW,56.6
199710,1997-10-01,18,EAPW,57.9
199711,1997-11-01,18,EAPW,58.0
199712,1997-12-01,18,EAPW,57.1
199801,1998-01-01,18,EAPW,58.3
199802,1998-02-01,18,EAPW,59.1
199803,1998-03-01,18,EAPW,58.6
199804,1998-04-01,18,EAPW,58.5
199805,1998-05-01,18,EAPW,60.3
199806,1998-06-01,18,EAPW,57.7
199807,1998-07-01,18,EAPW,58.4
199808,1998-08-01,18,EAPW,59.1
199809,1998-09-01,18,EAPW,58.1
199810,1998-10-01,18,EAPW,57.5
199811,1998-11-01,18,EAPW,57.8
199812,1998-12-01,18,EAPW,56.4
199901,1999-01-01,18,EAPW,58.8
199902,1999-02-01,18,EAPW,58.2
199903,1999-03-01,18,EAPW,58.0
199904,1999-04-01,18,EAPW,59.1
199905,1999-05-01,18,EAPW,60.1
199906,1999-06-01,18,EAPW,59.3
199907,1999-07-01,18,EAPW,58.8
199908,1999-08-01,18,EAPW,59.8
199909,1999-09-01,18,EAPW,59.5
199910,1999-10-01,18,EAPW,59.9
199911,1999-11-01,18,EAPW,59.7
199912,1999-12-01,18,EAPW,56.9
200001,2000-01-01,18,EAPW,60.3
200002,2000-02-01,18,EAPW,58.9
200003,2000-03-01,18,EAPW,59.0
200004,2000-04-01,18,EAPW,58.7
200005,2000-05-01,18,EAPW,58.8
200006,2000-06-01,18,EAPW,59.4
200007,2000-07-01,18,EAPW,60.6
200008,2000-08-01,18,EAPW,61.4
200009,2000-09-01,18,EAPW,60.4
200010,2000-10-01,18,EAPW,60.4
200011,2000-11-01,18,EAPW,59.7
200012,2000-12-01,18,EAPW,61.4
200101,2001-01-01,18,EAPW,61.4
200102,2001-02-01,18,EAPW,62.7
200103,2001-03-01,18,EAPW,61.2
200104,2001-04-01,18,EAPW,62.8
200105,2001-05-01,18,EAPW,64.1
200106,2001-06-01,18,EAPW,63.6
200107,2001-07-01,18,EAPW,65.5
200108,2001-08-01,18,EAPW,65.7
200109,2001-09-01,18,EAPW,65.4
200110,2001-10-01,18,EAPW,66.0
200111,2001-11-01,18,EAPW,66.9
200112,2001-12-01,18,EAPW,69.4
200201,2002-01-01,18,EAPW,70.1
200202,2002-02-01,18,EAPW,71.0
200203,2002-03-01,18,EAPW,72.1
200204,2002-04-01,18,EAPW,73.6
200205,2002-05-01,18,EAPW,72.3
200206,2002-06-01,18,EAPW,70.3
200207,2002-07-01,18,EAPW,71.0
200208,2002-08-01,18,EAPW,69.8
200209,2002-09-01,18,EAPW,71.1
200210,2002-10-01,18,EAPW,70.5
200211,2002-11-01,18,EAPW,72.4
200212,2002-12-01,18,EAPW,70.2
200301,2003-01-01,18,EAPW,71.1
200302,2003-02-01,18,EAPW,71.3
200303,2003-03-01,18,EAPW,71.5
200304,2003-04-01,18,EAPW,70.9
200305,2003-05-01,18,EAPW,71.1
200306,2003-06-01,18,EAPW,72.0
200307,2003-07-01,18,EAPW,71.8
200308,2003-08-01,18,EAPW,72.1
200309,2003-09-01,18,EAPW,73.5
200310,2003-10-01,18,EAPW,73.2
200311,2003-11-01,18,EAPW,75.7
200312,2003-12-01,18,EAPW,75.1
200401,2004-01-01,18,EAPW,78.6
200402,2004-02-01,18,EAPW,77.3
200403,2004-03-01,18,EAPW,77.5
200404,2004-04-01,18,EAPW,77.6
200405,2004-05-01,18,EAPW,77.7
200406,2004-06-01,18,EAPW,79.5
200407,2004-07-01,18,EAPW,79.5
200408,2004-08-01,18,EAPW,76.9
200409,2004-09-01,18,EAPW,78.6
200410,2004-10-01,18,EAPW,77.4
200411,2004-11-01,18,EAPW,77.0
200412,2004-12-01,18,EAPW,76.8
200501,2005-01-01,18,EAPW,76.8
200502,2005-02-01,18,EAPW,76.3
200503,2005-03-01,18,EAPW,77.7
200504,2005-04-01,18,EAPW,76.9
200505,2005-05-01,18,EAPW,77.5
200506,2005-06-01,18,EAPW,78.2
200507,2005-07-01,18,EAPW,79.9
200508,2005-08-01,18,EAPW,80.4
200509,2005-09-01,18,EAPW,79.9
200510,2005-10-01,18,EAPW,80.7
200511,2005-11-01,18,EAPW,79.8
200512,2005-12-01,18,EAPW,79.1
200601,2006-01-01,18,EAPW,79.2
200602,2006-02-01,18,EAPW,77.5
200603,2006-03-01,18,EAPW,75.8
200604,2006-04-01,18,EAPW,77.1
200605,2006-05-01,18,EAPW,76.9
200606,2006-06-01,18,EAPW,77.3
200607,2006-07-01,18,EAPW,76.6
200608,2006-08-01,18,EAPW,77.4
200609,2006-09-01,18,EAPW,77.5
200610,2006-10-01,18,EAPW,78.6
200611,2006-11-01,18,EAPW,78.5
200612,2006-12-01,18,EAPW,79.0
200701,2007-01-01,18,EAPW,77.2
200702,2007-02-01,18,EAPW,78.1
200703,2007-03-01,18,EAPW,79.8
200704,2007-04-01,18,EAPW,79.4
200705,2007-05-01,18,EAPW,80.2
200706,2007-06-01,18,EAPW,80.9
200707,2007-07-01,18,EAPW,79.7
200708,2007-08-01,18,EAPW,80.3
200709,2007-09-01,18,EAPW,81.2
200710,2007-10-01,18,EAPW,80.5
200711,2007-11-01,18,EAPW,81.6
200712,2007-12-01,18,EAPW,79.8
200801,2008-01-01,18,EAPW,82.1
200802,2008-02-01,18,EAPW,85.4
200803,2008-03-01,18,EAPW,83.4
200804,2008-04-01,18,EAPW,82.0
200805,2008-05-01,18,EAPW,84.4
200806,2008-06-01,18,EAPW,82.8
200807,2008-07-01,18,EAPW,83.3
200808,2008-08-01,18,EAPW,82.6
200809,2008-09-01,18,EAPW,82.9
200810,2008-10-01,18,EAPW,81.5
200811,2008-11-01,18,EAPW,81.0
200812,2008-12-01,18,EAPW,83.8
200901,2009-01-01,18,EAPW,82.7
200902,2009-02-01,18,EAPW,79.4
200903,2009-03-01,18,EAPW,79.7
200904,2009-04-01,18,EAPW,79.2
200905,2009-05-01,18,EAPW,79.4
200906,2009-06-01,18,EAPW,79.9
200907,2009-07-01,18,EAPW,81.7
200908,2009-08-01,18,EAPW,80.3
200909,2009-09-01,18,EAPW,79.1
200910,2009-10-01,18,EAPW,79.6
200911,2009-11-01,18,EAPW,80.3
200912,2009-12-01,18,EAPW,78.5
201001,2010-01-01,18,EAPW,73.5
201002,2010-02-01,18,EAPW,79.5
201003,2010-03-01,18,EAPW,78.1
201004,2010-04-01,18,EAPW,79.2
201005,2010-05-01,18,EAPW,79.5
201006,2010-06-01,18,EAPW,79.0
201007,2010-07-01,18,EAPW,81.8
201008,2010-08-01,18,EAPW,83.3
201009,2010-09-01,18,EAPW,80.2
201010,2010-10-01,18,EAPW,81.1
201011,2010-11-01,18,EAPW,82.2
201012,2010-12-01,18,EAPW,79.4
201101,2011-01-01,18,EAPW,80.5
201102,2011-02-01,18,EAPW,79.7
201103,2011-03-01,18,EAPW,78.6
201104,2011-04-01,18,EAPW,79.7
201105,2011-05-01,18,EAPW,79.3
201106,2011-06-01,18,EAPW,77.4
201107,2011-07-01,18,EAPW,77.0
201108,2011-08-01,18,EAPW,77.2
201109,2011-09-01,18,EAPW,77.3
201110,2011-10-01,18,EAPW,78.7
201111,2011-11-01,18,EAPW,77.6
201112,2011-12-01,18,EAPW,77.0
201201,2012-01-01,18,EAPW,79.0
201202,2012-02-01,18,EAPW,75.7
201203,2012-03-01,18,EAPW,79.6
201204,2012-04-01,18,EAPW,76.3
201205,2012-05-01,18,EAPW,76.4
201206,2012-06-01,18,EAPW,78.3
201207,2012-07-01,18,EAPW,77.6
201208,2012-08-01,18,EAPW,80.2
201209,2012-09-01,18,EAPW,78.7
201210,2012-10-01,18,EAPW,77.8
201211,2012-11-01,18,EAPW,79.1
201212,2012-12-01,18,EAPW,77.7
201301,2013-01-01,18,EAPW,74.9
201302,2013-02-01,18,EAPW,79.5
201303,2013-03-01,18,EAPW,78.2
201304,2013-04-01,18,EAPW,80.4
201305,2013-05-01,18,EAPW,79.2
201306,2013-06-01,18,EAPW,80.4
201307,2013-07-01,18,EAPW,79.4
201308,2013-08-01,18,EAPW,80.2
201309,2013-09-01,18,EAPW,84.9
201310,2013-10-01,18,EAPW,81.6
201311,2013-11-01,18,EAPW,83.0
201312,2013-12-01,18,EAPW,81.9
201401,2014-01-01,18,EAPW,83.8
201402,2014-02-01,18,EAPW,84.8
201403,2014-03-01,18,EAPW,86.3
201404,2014-04-01,18,EAPW,83.5
201405,2014-05-01,18,EAPW,85.8
201406,2014-06-01,18,EAPW,87.3
201407,2014-07-01,18,EAPW,87.6
201408,2014-08-01,18,EAPW,85.8
201409,2014-09-01,18,EAPW,87.1
201410,2014-10-01,18,EAPW,87.4
201411,2014-11-01,18,EAPW,88.9
201412,2014-12-01,18,EAPW,94.4
201501,2015-01-01,18,EAPW,87.2
201502,2015-02-01,18,EAPW,88.8
201503,2015-03-01,18,EAPW,87.5
201504,2015-04-01,18,EAPW,88.3
201505,2015-05-01,18,EAPW,88.9
201506,2015-06-01,18,EAPW,87.0
201507,2015-07-01,18,EAPW,86.9
201508,2015-08-01,18,EAPW,87.5
201509,2015-09-01,18,EAPW,88.3
201510,2015-10-01,18,EAPW,87.7
201511,2015-11-01,18,EAPW,86.6
201512,2015-12-01,18,EAPW,86.3
201601,2016-01-01,18,EAPW,91.1
201602,2016-02-01,18,EAPW,89.6
201603,2016-03-01,18,EAPW,91.9
201604,2016-04-01,18,EAPW,96.2
201605,2016-05-01,18,EAPW,92.9
201606,2016-06-01,18,EAPW,93.8
201607,2016-07-01,18,EAPW,95.6
201608,2016-08-01,18,EAPW,93.3
201609,2016-09-01,18,EAPW,94.7
201610,2016-10-01,18,EAPW,96.3
201611,2016-11-01,18,EAPW,94.1
201612,2016-12-01,18,EAPW,96.3
201701,2017-01-01,18,EAPW,92.6
201702,2017-02-01,18,EAPW,94.0
201703,2017-03-01,18,EAPW,90.0
201704,2017-04-01,18,EAPW,96.2
201705,2017-05-01,18,EAPW,92.7
201706,2017-06-01,18,EAPW,95.8
201707,2017-07-01,18,EAPW,94.0
201708,2017-08-01,18,EAPW,99.7
201709,2017-09-01,18,EAPW,92.8
201710,2017-10-01,18,EAPW,94.8
201711,2017-11-01,18,EAPW,96.7
201712,2017-12-01,18,EAPW,98.6
201801,2018-01-01,18,EAPW,96.7
201802,2018-02-01,18,EAPW,95.2
201803,2018-03-01,18,EAPW,92.7
201804,2018-04-01,18,EAPW,97.3
201805,2018-05-01,18,EAPW,96.1
201806,2018-06-01,18,EAPW,94.3
201807,2018-07-01,18,EAPW,95.9
201808,2018-08-01,18,EAPW,100.6
201809,2018-09-01,18,EAPW,99.4
201810,2018-10-01,18,EAPW,96.5
201811,2018-11-01,18,EAPW,100.8
201812,2018-12-01,18,EAPW,98.3
201901,2019-01-01,18,EAPW,98.4
201902,2019-02-01,18,EAPW,102.0
201903,2019-03-01,18,EAPW,103.3
201904,2019-04-01,18,EAPW,102.2
201905,2019-05-01,18,EAPW,101.4
201906,2019-06-01,18,EAPW,104.9
201907,2019-07-01,18,EAPW,102.8
201908,2019-08-01,18,EAPW,103.4
201909,2019-09-01,18,EAPW,102.1
201910,2019-10-01,18,EAPW,98.7
201911,2019-11-01,18,EAPW,99.9
201912,2019-12-01,18,EAPW,101.3
202001,2020-01-01,18,EAPW,102.5
202002,2020-02-01,18,EAPW,103.0
202003,2020-03-01,18,EAPW,76.9
202004,2020-04-01,18,EAPW,42.2
202005,2020-05-01,18,EAPW,53.7
202006,2020-06-01,18,EAPW,86.2
202007,2020-07-01,18,EAPW,105.5
202008,2020-08-01,18,EAPW,103.8
202009,2020-09-01,18,EAPW,109.8
202010,2020-10-01,18,EAPW,109.3
202011,2020-11-01,18,EAPW,96.6
202012,2020-12-01,18,EAPW,106.0
202101,2021-01-01,18,EAPW,79.6
202102,2021-02-01,18,EAPW,76.3
202103,2021-03-01,18,EAPW,85.4
202104,2021-04-01,18,EAPW,107.2
202105,2021-05-01,18,EAPW,114.4
202106,2021-06-01,18,EAPW,116.9
202107,2021-07-01,18,EAPW,109.5
202108,2021-08-01,18,EAPW,112.6
202109,2021-09-01,18,EAPW,111.4
202110,2021-10-01,18,EAPW,113.1
202111,2021-11-01,18,EAPW,113.8
202112,2021-12-01,18,EAPW,109.1
202201,2022-01-01,18,EAPW,114.5
202202,2022-02-01,18,EAPW,108.3
202203,2022-03-01,18,EAPW,111.8
202204,2022-04-01,18,EAPW,107.0
202205,2022-05-01,18,EAPW,106.1
202206,2022-06-01,18,EAPW,108.2
202207,2022-07-01,18,EAPW,106.5
202208,2022-08-01,18,EAPW,103.9
202209,2022-09-01,18,EAPW,102.6
202210,2022-10-01,18,EAPW,105.9
202211,2022-11-01,18,EAPW,101.5
202212,2022-12-01,18,EAPW,99.5
202301,2023-01-01,18,EAPW,98.3
202302,2023-02-01,18,EAPW,103.2
202303,2023-03-01,18,EAPW,98.5
202304,2023-04-01,18,EAPW,102.7
202305,2023-05-01,18,EAPW,100.3
202306,2023-06-01,18,EAPW,101.1
202307,2023-07-01,18,EAPW,100.7
202308,2023-08-01,18,EAPW,100.2
202309,2023-09-01,18,EAPW,97.6
202310,2023-10-01,18,EAPW,97.2
202311,2023-11-01,18,EAPW,102.5
202312,2023-12-01,18,EAPW,98.7
202401,2024-01-01,18,EAPW,104.2
202402,2024-02-01,18,EAPW,105.7
202403,2024-03-01,18,EAPW,107.4
202404,2024-04-01,18,EAPW,106.1
202405,2024-05-01,18,EAPW,107.9
202406,2024-06-01,18,EAPW,107.0
202407,2024-07-01,18,EAPW,107.8
202408,2024-08-01,18,EAPW,107.3
202409,2024-09-01,18,EAPW,111.3
202410,2024-10-01,18,EAPW,108.8
202411,2024-11-01,18,EAPW,111.9
202412,2024-12-01,18,EAPW,111.4
202501,2025-01-01,18,EAPW,104.8
202502,2025-02-01,18,EAPW,109.3
202503,2025-03-01,18,EAPW,112.5
202504,2025-04-01,18,EAPW,109.4
202505,2025-05-01,18,EAPW,108.7
202506,2025-06-01,18,EAPW,106.4
202507,2025-07-01,18,EAPW,106.5
202508,2025-08-01,18,EAPW,108.2
202509,2025-09-01,18,EAPW,109.4
202510,2025-10-01,18,EAPW,110.4
202511,2025-11-01,18,EAPW,107.8
202512,2025-12-01,18,EAPW,108.5
202601,2026-01-01,18,EAPW,114.4
202602,2026-02-01,18,EAPW,114.0
202603,2026-03-01,18,EAPW,113.2
202604,2026-04-01,18,EAPW,115.0
202605,2026-05-01,18,EAPW,114.0
202606,2026-06-01,18,EAPW,116.1
198801,1988-01-01,19,JO5K,154.1
198802,1988-02-01,19,JO5K,143.9
198803,1988-03-01,19,JO5K,155.1
198804,1988-04-01,19,JO5K,154.4
198805,1988-05-01,19,JO5K,158.6
198806,1988-06-01,19,JO5K,161.2
198807,1988-07-01,19,JO5K,157.9
198808,1988-08-01,19,JO5K,163.4
198809,1988-09-01,19,JO5K,161.4
198810,1988-10-01,19,JO5K,164.5
198811,1988-11-01,19,JO5K,164.1
198812,1988-12-01,19,JO5K,165.7
198901,1989-01-01,19,JO5K,159.2
198902,1989-02-01,19,JO5K,158.5
198903,1989-03-01,19,JO5K,160.8
198904,1989-04-01,19,JO5K,164.9
198905,1989-05-01,19,JO5K,160.5
198906,1989-06-01,19,JO5K,171.4
198907,1989-07-01,19,JO5K,168.2
198908,1989-08-01,19,JO5K,165.6
198909,1989-09-01,19,JO5K,168.6
198910,1989-10-01,19,JO5K,171.4
198911,1989-11-01,19,JO5K,167.5
198912,1989-12-01,19,JO5K,178.2
199001,1990-01-01,19,JO5K,155.3
199002,1990-02-01,19,JO5K,162.2
199003,1990-03-01,19,JO5K,166.0
199004,1990-04-01,19,JO5K,166.1
199005,1990-05-01,19,JO5K,167.4
199006,1990-06-01,19,JO5K,159.9
199007,1990-07-01,19,JO5K,174.5
199008,1990-08-01,19,JO5K,167.9
199009,1990-09-01,19,JO5K,164.2
199010,1990-10-01,19,JO5K,163.7
199011,1990-11-01,19,JO5K,166.6
199012,1990-12-01,19,JO5K,170.4
199101,1991-01-01,19,JO5K,160.3
199102,1991-02-01,19,JO5K,164.1
199103,1991-03-01,19,JO5K,158.8
199104,1991-04-01,19,JO5K,162.5
199105,1991-05-01,19,JO5K,163.8
199106,1991-06-01,19,JO5K,155.7
199107,1991-07-01,19,JO5K,165.9
199108,1991-08-01,19,JO5K,157.8
199109,1991-09-01,19,JO5K,162.2
199110,1991-10-01,19,JO5K,159.6
199111,1991-11-01,19,JO5K,154.6
199112,1991-12-01,19,JO5K,164.9
199201,1992-01-01,19,JO5K,171.7
199202,1992-02-01,19,JO5K,167.6
199203,1992-03-01,19,JO5K,164.8
199204,1992-04-01,19,JO5K,167.4
199205,1992-05-01,19,JO5K,178.2
199206,1992-06-01,19,JO5K,166.3
199207,1992-07-01,19,JO5K,160.3
199208,1992-08-01,19,JO5K,165.1
199209,1992-09-01,19,JO5K,164.7
199210,1992-10-01,19,JO5K,163.2
199211,1992-11-01,19,JO5K,166.5
199212,1992-12-01,19,JO5K,160.2
199301,1993-01-01,19,JO5K,174.5
199302,1993-02-01,19,JO5K,178.3
199303,1993-03-01,19,JO5K,180.8
199304,1993-04-01,19,JO5K,173.5
199305,1993-05-01,19,JO5K,173.2
199306,1993-06-01,19,JO5K,178.2
199307,1993-07-01,19,JO5K,166.0
199308,1993-08-01,19,JO5K,176.3
199309,1993-09-01,19,JO5K,177.7
199310,1993-10-01,19,JO5K,179.3
199311,1993-11-01,19,JO5K,181.4
199312,1993-12-01,19,JO5K,162.3
199401,1994-01-01,19,JO5K,174.4
199402,1994-02-01,19,JO5K,173.1
199403,1994-03-01,19,JO5K,170.5
199404,1994-04-01,19,JO5K,169.9
199405,1994-05-01,19,JO5K,172.1
199406,1994-06-01,19,JO5K,179.5
199407,1994-07-01,19,JO5K,173.8
199408,1994-08-01,19,JO5K,172.4
199409,1994-09-01,19,JO5K,170.5
199410,1994-10-01,19,JO5K,172.5
199411,1994-11-01,19,JO5K,167.2
199412,1994-12-01,19,JO5K,164.3
199501,1995-01-01,19,JO5K,177.5
199502,1995-02-01,19,JO5K,185.4
199503,1995-03-01,19,JO5K,177.4
199504,1995-04-01,19,JO5K,173.4
199505,1995-05-01,19,JO5K,169.1
199506,1995-06-01,19,JO5K,167.1
199507,1995-07-01,19,JO5K,170.6
199508,1995-08-01,19,JO5K,174.8
199509,1995-09-01,19,JO5K,164.3
199510,1995-10-01,19,JO5K,174.7
199511,1995-11-01,19,JO5K,170.9
199512,1995-12-01,19,JO5K,168.6
199601,1996-01-01,19,JO5K,158.3
199602,1996-02-01,19,JO5K,160.9
199603,1996-03-01,19,JO5K,163.8
199604,1996-04-01,19,JO5K,166.0
199605,1996-05-01,19,JO5K,164.5
199606,1996-06-01,19,JO5K,163.3
199607,1996-07-01,19,JO5K,162.8
199608,1996-08-01,19,JO5K,160.1
199609,1996-09-01,19,JO5K,170.6
199610,1996-10-01,19,JO5K,162.3
199611,1996-11-01,19,JO5K,160.4
199612,1996-12-01,19,JO5K,170.1
199701,1997-01-01,19,JO5K,162.6
199702,1997-02-01,19,JO5K,166.5
199703,1997-03-01,19,JO5K,167.7
199704,1997-04-01,19,JO5K,167.6
199705,1997-05-01,19,JO5K,168.3
199706,1997-06-01,19,JO5K,164.3
199707,1997-07-01,19,JO5K,169.4
199708,1997-08-01,19,JO5K,156.6
199709,1997-09-01,19,JO5K,164.2
199710,1997-10-01,19,JO5K,164.0
199711,1997-11-01,19,JO5K,165.8
199712,1997-12-01,19,JO5K,154.9
199801,1998-01-01,19,JO5K,159.7
199802,1998-02-01,19,JO5K,164.4
199803,1998-03-01,19,JO5K,165.2
199804,1998-04-01,19,JO5K,163.4
199805,1998-05-01,19,JO5K,172.6
199806,1998-06-01,19,JO5K,156.8
199807,1998-07-01,19,JO5K,164.9
199808,1998-08-01,19,JO5K,176.0
199809,1998-09-01,19,JO5K,172.7
199810,1998-10-01,19,JO5K,166.7
199811,1998-11-01,19,JO5K,168.5
199812,1998-12-01,19,JO5K,165.7
199901,1999-01-01,19,JO5K,172.4
199902,1999-02-01,19,JO5K,171.7
199903,1999-03-01,19,JO5K,171.3
199904,1999-04-01,19,JO5K,173.4
199905,1999-05-01,19,JO5K,172.9
199906,1999-06-01,19,JO5K,174.8
199907,1999-07-01,19,JO5K,172.3
199908,1999-08-01,19,JO5K,174.9
199909,1999-09-01,19,JO5K,169.7
199910,1999-10-01,19,JO5K,174.2
199911,1999-11-01,19,JO5K,166.2
199912,1999-12-01,19,JO5K,156.0
200001,2000-01-01,19,JO5K,186.8
200002,2000-02-01,19,JO5K,162.0
200003,2000-03-01,19,JO5K,155.4
200004,2000-04-01,19,JO5K,153.5
200005,2000-05-01,19,JO5K,147.2
200006,2000-06-01,19,JO5K,148.0
200007,2000-07-01,19,JO5K,144.7
200008,2000-08-01,19,JO5K,141.5
200009,2000-09-01,19,JO5K,139.1
200010,2000-10-01,19,JO5K,139.0
200011,2000-11-01,19,JO5K,150.7
200012,2000-12-01,19,JO5K,145.0
200101,2001-01-01,19,JO5K,148.3
200102,2001-02-01,19,JO5K,140.8
200103,2001-03-01,19,JO5K,136.1
200104,2001-04-01,19,JO5K,133.9
200105,2001-05-01,19,JO5K,131.5
200106,2001-06-01,19,JO5K,128.9
200107,2001-07-01,19,JO5K,135.3
200108,2001-08-01,19,JO5K,134.0
200109,2001-09-01,19,JO5K,131.9
200110,2001-10-01,19,JO5K,130.9
200111,2001-11-01,19,JO5K,130.1
200112,2001-12-01,19,JO5K,132.7
200201,2002-01-01,19,JO5K,130.5
200202,2002-02-01,19,JO5K,120.8
200203,2002-03-01,19,JO5K,120.0
200204,2002-04-01,19,JO5K,123.1
200205,2002-05-01,19,JO5K,117.7
200206,2002-06-01,19,JO5K,121.4
200207,2002-07-01,19,JO5K,115.3
200208,2002-08-01,19,JO5K,110.5
200209,2002-09-01,19,JO5K,121.8
200210,2002-10-01,19,JO5K,112.3
200211,2002-11-01,19,JO5K,107.9
200212,2002-12-01,19,JO5K,109.0
200301,2003-01-01,19,JO5K,113.6
200302,2003-02-01,19,JO5K,124.4
200303,2003-03-01,19,JO5K,131.5
200304,2003-04-01,19,JO5K,122.7
200305,2003-05-01,19,JO5K,122.0
200306,2003-06-01,19,JO5K,124.0
200307,2003-07-01,19,JO5K,114.7
200308,2003-08-01,19,JO5K,125.5
200309,2003-09-01,19,JO5K,133.3
200310,2003-10-01,19,JO5K,121.6
200311,2003-11-01,19,JO5K,128.2
200312,2003-12-01,19,JO5K,122.7
200401,2004-01-01,19,JO5K,120.9
200402,2004-02-01,19,JO5K,116.9
200403,2004-03-01,19,JO5K,126.1
200404,2004-04-01,19,JO5K,123.6
200405,2004-05-01,19,JO5K,126.4
200406,2004-06-01,19,JO5K,119.2
200407,2004-07-01,19,JO5K,121.1
200408,2004-08-01,19,JO5K,120.4
200409,2004-09-01,19,JO5K,122.1
200410,2004-10-01,19,JO5K,121.4
200411,2004-11-01,19,JO5K,118.3
200412,2004-12-01,19,JO5K,121.6
200501,2005-01-01,19,JO5K,117.8
200502,2005-02-01,19,JO5K,120.8
200503,2005-03-01,19,JO5K,114.1
200504,2005-04-01,19,JO5K,108.9
200505,2005-05-01,19,JO5K,113.2
200506,2005-06-01,19,JO5K,118.9
200507,2005-07-01,19,JO5K,122.1
200508,2005-08-01,19,JO5K,115.9
200509,2005-09-01,19,JO5K,112.8
200510,2005-10-01,19,JO5K,111.0
200511,2005-11-01,19,JO5K,113.9
200512,2005-12-01,19,JO5K,111.5
200601,2006-01-01,19,JO5K,96.9
200602,2006-02-01,19,JO5K,98.7
200603,2006-03-01,19,JO5K,101.4
200604,2006-04-01,19,JO5K,99.6
200605,2006-05-01,19,JO5K,104.0
200606,2006-06-01,19,JO5K,109.4
200607,2006-07-01,19,JO5K,104.5
200608,2006-08-01,19,JO5K,96.6
200609,2006-09-01,19,JO5K,102.2
200610,2006-10-01,19,JO5K,103.9
200611,2006-11-01,19,JO5K,101.0
200612,2006-12-01,19,JO5K,101.4
200701,2007-01-01,19,JO5K,95.3
200702,2007-02-01,19,JO5K,101.5
200703,2007-03-01,19,JO5K,100.4
200704,2007-04-01,19,JO5K,99.2
200705,2007-05-01,19,JO5K,97.0
200706,2007-06-01,19,JO5K,97.8
200707,2007-07-01,19,JO5K,94.1
200708,2007-08-01,19,JO5K,97.3
200709,2007-09-01,19,JO5K,129.9
200710,2007-10-01,19,JO5K,101.5
200711,2007-11-01,19,JO5K,102.3
200712,2007-12-01,19,JO5K,104.1
200801,2008-01-01,19,JO5K,132.0
200802,2008-02-01,19,JO5K,128.8
200803,2008-03-01,19,JO5K,128.1
200804,2008-04-01,19,JO5K,128.8
200805,2008-05-01,19,JO5K,124.5
200806,2008-06-01,19,JO5K,117.7
200807,2008-07-01,19,JO5K,112.7
200808,2008-08-01,19,JO5K,113.8
200809,2008-09-01,19,JO5K,110.0
200810,2008-10-01,19,JO5K,107.2
200811,2008-11-01,19,JO5K,100.1
200812,2008-12-01,19,JO5K,101.7
200901,2009-01-01,19,JO5K,99.5
200902,2009-02-01,19,JO5K,96.6
200903,2009-03-01,19,JO5K,96.6
200904,2009-04-01,19,JO5K,98.2
200905,2009-05-01,19,JO5K,95.5
200906,2009-06-01,19,JO5K,96.4
200907,2009-07-01,19,JO5K,104.9
200908,2009-08-01,19,JO5K,99.9
200909,2009-09-01,19,JO5K,98.4
200910,2009-10-01,19,JO5K,97.9
200911,2009-11-01,19,JO5K,101.6
200912,2009-12-01,19,JO5K,93.1
201001,2010-01-01,19,JO5K,92.0
201002,2010-02-01,19,JO5K,92.5
201003,2010-03-01,19,JO5K,87.6
201004,2010-04-01,19,JO5K,91.0
201005,2010-05-01,19,JO5K,90.5
201006,2010-06-01,19,JO5K,86.7
201007,2010-07-01,19,JO5K,92.8
201008,2010-08-01,19,JO5K,91.0
201009,2010-09-01,19,JO5K,86.2
201010,2010-10-01,19,JO5K,93.2
201011,2010-11-01,19,JO5K,93.8
201012,2010-12-01,19,JO5K,97.0
201101,2011-01-01,19,JO5K,100.6
201102,2011-02-01,19,JO5K,98.7
201103,2011-03-01,19,JO5K,98.3
201104,2011-04-01,19,JO5K,96.7
201105,2011-05-01,19,JO5K,95.5
201106,2011-06-01,19,JO5K,93.7
201107,2011-07-01,19,JO5K,87.6
201108,2011-08-01,19,JO5K,82.1
201109,2011-09-01,19,JO5K,85.3
201110,2011-10-01,19,JO5K,94.1
201111,2011-11-01,19,JO5K,88.3
201112,2011-12-01,19,JO5K,85.3
201201,2012-01-01,19,JO5K,90.2
201202,2012-02-01,19,JO5K,89.7
201203,2012-03-01,19,JO5K,93.2
201204,2012-04-01,19,JO5K,85.1
201205,2012-05-01,19,JO5K,95.1
201206,2012-06-01,19,JO5K,89.0
201207,2012-07-01,19,JO5K,84.2
201208,2012-08-01,19,JO5K,87.5
201209,2012-09-01,19,JO5K,73.4
201210,2012-10-01,19,JO5K,85.5
201211,2012-11-01,19,JO5K,83.6
201212,2012-12-01,19,JO5K,84.9
201301,2013-01-01,19,JO5K,86.4
201302,2013-02-01,19,JO5K,89.0
201303,2013-03-01,19,JO5K,88.1
201304,2013-04-01,19,JO5K,88.7
201305,2013-05-01,19,JO5K,85.8
201306,2013-06-01,19,JO5K,93.0
201307,2013-07-01,19,JO5K,94.7
201308,2013-08-01,19,JO5K,91.6
201309,2013-09-01,19,JO5K,92.9
201310,2013-10-01,19,JO5K,91.6
201311,2013-11-01,19,JO5K,94.0
201312,2013-12-01,19,JO5K,95.1
201401,2014-01-01,19,JO5K,89.5
201402,2014-02-01,19,JO5K,91.0
201403,2014-03-01,19,JO5K,94.2
201404,2014-04-01,19,JO5K,96.6
201405,2014-05-01,19,JO5K,100.0
201406,2014-06-01,19,JO5K,100.9
201407,2014-07-01,19,JO5K,97.5
201408,2014-08-01,19,JO5K,89.5
201409,2014-09-01,19,JO5K,93.8
201410,2014-10-01,19,JO5K,86.9
201411,2014-11-01,19,JO5K,93.3
201412,2014-12-01,19,JO5K,96.4
201501,2015-01-01,19,JO5K,89.1
201502,2015-02-01,19,JO5K,90.2
201503,2015-03-01,19,JO5K,88.5
201504,2015-04-01,19,JO5K,87.1
201505,2015-05-01,19,JO5K,84.6
201506,2015-06-01,19,JO5K,82.5
201507,2015-07-01,19,JO5K,83.6
201508,2015-08-01,19,JO5K,83.7
201509,2015-09-01,19,JO5K,84.8
201510,2015-10-01,19,JO5K,86.9
201511,2015-11-01,19,JO5K,86.1
201512,2015-12-01,19,JO5K,86.2
201601,2016-01-01,19,JO5K,91.1
201602,2016-02-01,19,JO5K,88.4
201603,2016-03-01,19,JO5K,90.5
201604,2016-04-01,19,JO5K,91.1
201605,2016-05-01,19,JO5K,91.7
201606,2016-06-01,19,JO5K,86.2
201607,2016-07-01,19,JO5K,90.4
201608,2016-08-01,19,JO5K,93.0
201609,2016-09-01,19,JO5K,99.2
201610,2016-10-01,19,JO5K,95.4
201611,2016-11-01,19,JO5K,95.4
201612,2016-12-01,19,JO5K,95.4
201701,2017-01-01,19,JO5K,95.9
201702,2017-02-01,19,JO5K,94.0
201703,2017-03-01,19,JO5K,92.1
201704,2017-04-01,19,JO5K,121.5
201705,2017-05-01,19,JO5K,90.3
201706,2017-06-01,19,JO5K,107.5
201707,2017-07-01,19,JO5K,100.5
201708,2017-08-01,19,JO5K,108.5
201709,2017-09-01,19,JO5K,109.0
201710,2017-10-01,19,JO5K,107.3
201711,2017-11-01,19,JO5K,113.6
201712,2017-12-01,19,JO5K,108.2
201801,2018-01-01,19,JO5K,105.1
201802,2018-02-01,19,JO5K,105.6
201803,2018-03-01,19,JO5K,104.2
201804,2018-04-01,19,JO5K,109.2
201805,2018-05-01,19,JO5K,106.6
201806,2018-06-01,19,JO5K,99.4
201807,2018-07-01,19,JO5K,110.6
201808,2018-08-01,19,JO5K,108.6
201809,2018-09-01,19,JO5K,106.4
201810,2018-10-01,19,JO5K,90.7
201811,2018-11-01,19,JO5K,106.4
201812,2018-12-01,19,JO5K,104.2
201901,2019-01-01,19,JO5K,110.8
201902,2019-02-01,19,JO5K,114.0
201903,2019-03-01,19,JO5K,113.2
201904,2019-04-01,19,JO5K,116.4
201905,2019-05-01,19,JO5K,115.2
201906,2019-06-01,19,JO5K,101.9
201907,2019-07-01,19,JO5K,107.9
201908,2019-08-01,19,JO5K,107.6
201909,2019-09-01,19,JO5K,102.1
201910,2019-10-01,19,JO5K,104.0
201911,2019-11-01,19,JO5K,100.7
201912,2019-12-01,19,JO5K,108.4
202001,2020-01-01,19,JO5K,104.9
202002,2020-02-01,19,JO5K,109.3
202003,2020-03-01,19,JO5K,155.9
202004,2020-04-01,19,JO5K,131.8
202005,2020-05-01,19,JO5K,148.3
202006,2020-06-01,19,JO5K,200.7
202007,2020-07-01,19,JO5K,160.9
202008,2020-08-01,19,JO5K,163.2
202009,2020-09-01,19,JO5K,165.2
202010,2020-10-01,19,JO5K,179.6
202011,2020-11-01,19,JO5K,157.1
202012,2020-12-01,19,JO5K,149.5
202101,2021-01-01,19,JO5K,149.2
202102,2021-02-01,19,JO5K,145.8
202103,2021-03-01,19,JO5K,149.6
202104,2021-04-01,19,JO5K,143.5
202105,2021-05-01,19,JO5K,154.5
202106,2021-06-01,19,JO5K,163.2
202107,2021-07-01,19,JO5K,157.6
202108,2021-08-01,19,JO5K,157.3
202109,2021-09-01,19,JO5K,167.3
202110,2021-10-01,19,JO5K,158.9
202111,2021-11-01,19,JO5K,128.3
202112,2021-12-01,19,JO5K,126.7
202201,2022-01-01,19,JO5K,130.3
202202,2022-02-01,19,JO5K,125.2
202203,2022-03-01,19,JO5K,118.1
202204,2022-04-01,19,JO5K,122.8
202205,2022-05-01,19,JO5K,117.0
202206,2022-06-01,19,JO5K,118.3
202207,2022-07-01,19,JO5K,120.2
202208,2022-08-01,19,JO5K,114.0
202209,2022-09-01,19,JO5K,115.2
202210,2022-10-01,19,JO5K,110.3
202211,2022-11-01,19,JO5K,121.3
202212,2022-12-01,19,JO5K,125.4
202301,2023-01-01,19,JO5K,114.4
202302,2023-02-01,19,JO5K,111.3
202303,2023-03-01,19,JO5K,113.4
202304,2023-04-01,19,JO5K,104.6
202305,2023-05-01,19,JO5K,97.2
202306,2023-06-01,19,JO5K,94.7
202307,2023-07-01,19,JO5K,91.8
202308,2023-08-01,19,JO5K,95.6
202309,2023-09-01,19,JO5K,88.0
202310,2023-10-01,19,JO5K,97.2
202311,2023-11-01,19,JO5K,106.0
202312,2023-12-01,19,JO5K,89.4
202401,2024-01-01,19,JO5K,95.3
202402,2024-02-01,19,JO5K,92.8
202403,2024-03-01,19,JO5K,89.7
202404,2024-04-01,19,JO5K,97.0
202405,2024-05-01,19,JO5K,102.5
202406,2024-06-01,19,JO5K,100.4
202407,2024-07-01,19,JO5K,97.4
202408,2024-08-01,19,JO5K,79.2
202409,2024-09-01,19,JO5K,86.0
202410,2024-10-01,19,JO5K,89.7
202411,2024-11-01,19,JO5K,87.3
202412,2024-12-01,19,JO5K,86.7
202501,2025-01-01,19,JO5K,82.9
202502,2025-02-01,19,JO5K,88.7
202503,2025-03-01,19,JO5K,87.7
202504,2025-04-01,19,JO5K,82.2
202505,2025-05-01,19,JO5K,83.3
202506,2025-06-01,19,JO5K,77.1
202507,2025-07-01,19,JO5K,77.9
202508,2025-08-01,19,JO5K,82.1
202509,2025-09-01,19,JO5K,79.5
202510,2025-10-01,19,JO5K,75.4
202511,2025-11-01,19,JO5K,75.2
202512,2025-12-01,19,JO5K,76.6
202601,2026-01-01,19,JO5K,74.8
202602,2026-02-01,19,JO5K,72.1
202603,2026-03-01,19,JO5K,71.1
202604,2026-04-01,19,JO5K,76.2
202605,2026-05-01,19,JO5K,74.7
202606,2026-06-01,19,JO5K,74.3
198801,1988-01-01,20,JO5L,57.3
198802,1988-02-01,20,JO5L,52.5
198803,1988-03-01,20,JO5L,54.9
198804,1988-04-01,20,JO5L,55.5
198805,1988-05-01,20,JO5L,56.8
198806,1988-06-01,20,JO5L,57.1
198807,1988-07-01,20,JO5L,57.1
198808,1988-08-01,20,JO5L,56.1
198809,1988-09-01,20,JO5L,55.2
198810,1988-10-01,20,JO5L,58.6
198811,1988-11-01,20,JO5L,61.0
198812,1988-12-01,20,JO5L,76.4
198901,1989-01-01,20,JO5L,55.7
198902,1989-02-01,20,JO5L,55.7
198903,1989-03-01,20,JO5L,54.6
198904,1989-04-01,20,JO5L,58.7
198905,1989-05-01,20,JO5L,55.2
198906,1989-06-01,20,JO5L,58.2
198907,1989-07-01,20,JO5L,58.4
198908,1989-08-01,20,JO5L,58.1
198909,1989-09-01,20,JO5L,58.9
198910,1989-10-01,20,JO5L,59.7
198911,1989-11-01,20,JO5L,58.3
198912,1989-12-01,20,JO5L,80.0
199001,1990-01-01,20,JO5L,52.4
199002,1990-02-01,20,JO5L,54.0
199003,1990-03-01,20,JO5L,55.0
199004,1990-04-01,20,JO5L,53.4
199005,1990-05-01,20,JO5L,57.7
199006,1990-06-01,20,JO5L,55.5
199007,1990-07-01,20,JO5L,59.3
199008,1990-08-01,20,JO5L,56.4
199009,1990-09-01,20,JO5L,60.3
199010,1990-10-01,20,JO5L,55.3
199011,1990-11-01,20,JO5L,56.7
199012,1990-12-01,20,JO5L,73.0
199101,1991-01-01,20,JO5L,58.3
199102,1991-02-01,20,JO5L,58.7
199103,1991-03-01,20,JO5L,59.4
199104,1991-04-01,20,JO5L,57.0
199105,1991-05-01,20,JO5L,54.1
199106,1991-06-01,20,JO5L,58.2
199107,1991-07-01,20,JO5L,56.9
199108,1991-08-01,20,JO5L,56.1
199109,1991-09-01,20,JO5L,56.8
199110,1991-10-01,20,JO5L,55.9
199111,1991-11-01,20,JO5L,55.8
199112,1991-12-01,20,JO5L,58.6
199201,1992-01-01,20,JO5L,59.3
199202,1992-02-01,20,JO5L,63.2
199203,1992-03-01,20,JO5L,60.7
199204,1992-04-01,20,JO5L,59.0
199205,1992-05-01,20,JO5L,60.1
199206,1992-06-01,20,JO5L,54.3
199207,1992-07-01,20,JO5L,53.4
199208,1992-08-01,20,JO5L,57.1
199209,1992-09-01,20,JO5L,54.7
199210,1992-10-01,20,JO5L,53.5
199211,1992-11-01,20,JO5L,55.5
199212,1992-12-01,20,JO5L,45.3
199301,1993-01-01,20,JO5L,59.7
199302,1993-02-01,20,JO5L,57.6
199303,1993-03-01,20,JO5L,48.2
199304,1993-04-01,20,JO5L,56.1
199305,1993-05-01,20,JO5L,54.1
199306,1993-06-01,20,JO5L,51.8
199307,1993-07-01,20,JO5L,51.2
199308,1993-08-01,20,JO5L,39.2
199309,1993-09-01,20,JO5L,43.9
199310,1993-10-01,20,JO5L,45.9
199311,1993-11-01,20,JO5L,43.6
199312,1993-12-01,20,JO5L,41.7
199401,1994-01-01,20,JO5L,45.8
199402,1994-02-01,20,JO5L,37.8
199403,1994-03-01,20,JO5L,36.7
199404,1994-04-01,20,JO5L,38.5
199405,1994-05-01,20,JO5L,37.8
199406,1994-06-01,20,JO5L,40.1
199407,1994-07-01,20,JO5L,33.3
199408,1994-08-01,20,JO5L,39.2
199409,1994-09-01,20,JO5L,37.5
199410,1994-10-01,20,JO5L,39.1
199411,1994-11-01,20,JO5L,37.8
199412,1994-12-01,20,JO5L,33.9
199501,1995-01-01,20,JO5L,38.3
199502,1995-02-01,20,JO5L,38.0
199503,1995-03-01,20,JO5L,48.1
199504,1995-04-01,20,JO5L,44.3
199505,1995-05-01,20,JO5L,44.9
199506,1995-06-01,20,JO5L,41.2
199507,1995-07-01,20,JO5L,46.8
199508,1995-08-01,20,JO5L,45.0
199509,1995-09-01,20,JO5L,43.3
199510,1995-10-01,20,JO5L,44.6
199511,1995-11-01,20,JO5L,47.8
199512,1995-12-01,20,JO5L,54.4
199601,1996-01-01,20,JO5L,49.3
199602,1996-02-01,20,JO5L,49.9
199603,1996-03-01,20,JO5L,57.0
199604,1996-04-01,20,JO5L,50.9
199605,1996-05-01,20,JO5L,51.1
199606,1996-06-01,20,JO5L,60.2
199607,1996-07-01,20,JO5L,53.1
199608,1996-08-01,20,JO5L,51.6
199609,1996-09-01,20,JO5L,56.7
199610,1996-10-01,20,JO5L,57.2
199611,1996-11-01,20,JO5L,55.7
199612,1996-12-01,20,JO5L,57.1
199701,1997-01-01,20,JO5L,57.9
199702,1997-02-01,20,JO5L,60.3
199703,1997-03-01,20,JO5L,55.4
199704,1997-04-01,20,JO5L,54.8
199705,1997-05-01,20,JO5L,53.2
199706,1997-06-01,20,JO5L,60.3
199707,1997-07-01,20,JO5L,66.3
199708,1997-08-01,20,JO5L,60.2
199709,1997-09-01,20,JO5L,61.9
199710,1997-10-01,20,JO5L,65.2
199711,1997-11-01,20,JO5L,65.2
199712,1997-12-01,20,JO5L,61.1
199801,1998-01-01,20,JO5L,60.2
199802,1998-02-01,20,JO5L,65.1
199803,1998-03-01,20,JO5L,60.2
199804,1998-04-01,20,JO5L,58.6
199805,1998-05-01,20,JO5L,63.6
199806,1998-06-01,20,JO5L,58.8
199807,1998-07-01,20,JO5L,56.4
199808,1998-08-01,20,JO5L,59.0
199809,1998-09-01,20,JO5L,62.4
199810,1998-10-01,20,JO5L,59.7
199811,1998-11-01,20,JO5L,59.2
199812,1998-12-01,20,JO5L,59.5
199901,1999-01-01,20,JO5L,57.7
199902,1999-02-01,20,JO5L,49.2
199903,1999-03-01,20,JO5L,42.4
199904,1999-04-01,20,JO5L,48.5
199905,1999-05-01,20,JO5L,51.1
199906,1999-06-01,20,JO5L,50.9
199907,1999-07-01,20,JO5L,55.3
199908,1999-08-01,20,JO5L,49.9
199909,1999-09-01,20,JO5L,52.7
199910,1999-10-01,20,JO5L,55.2
199911,1999-11-01,20,JO5L,58.2
199912,1999-12-01,20,JO5L,52.7
200001,2000-01-01,20,JO5L,52.0
200002,2000-02-01,20,JO5L,56.8
200003,2000-03-01,20,JO5L,56.8
200004,2000-04-01,20,JO5L,56.4
200005,2000-05-01,20,JO5L,48.9
200006,2000-06-01,20,JO5L,61.5
200007,2000-07-01,20,JO5L,48.5
200008,2000-08-01,20,JO5L,51.7
200009,2000-09-01,20,JO5L,48.1
200010,2000-10-01,20,JO5L,42.2
200011,2000-11-01,20,JO5L,36.1
200012,2000-12-01,20,JO5L,28.4
200101,2001-01-01,20,JO5L,36.3
200102,2001-02-01,20,JO5L,36.4
200103,2001-03-01,20,JO5L,42.5
200104,2001-04-01,20,JO5L,41.4
200105,2001-05-01,20,JO5L,43.2
200106,2001-06-01,20,JO5L,25.7
200107,2001-07-01,20,JO5L,22.5
200108,2001-08-01,20,JO5L,29.1
200109,2001-09-01,20,JO5L,24.6
200110,2001-10-01,20,JO5L,20.6
200111,2001-11-01,20,JO5L,29.3
200112,2001-12-01,20,JO5L,35.6
200201,2002-01-01,20,JO5L,30.5
200202,2002-02-01,20,JO5L,28.7
200203,2002-03-01,20,JO5L,35.7
200204,2002-04-01,20,JO5L,61.8
200205,2002-05-01,20,JO5L,37.4
200206,2002-06-01,20,JO5L,33.2
200207,2002-07-01,20,JO5L,48.6
200208,2002-08-01,20,JO5L,34.0
200209,2002-09-01,20,JO5L,23.9
200210,2002-10-01,20,JO5L,26.1
200211,2002-11-01,20,JO5L,22.2
200212,2002-12-01,20,JO5L,25.6
200301,2003-01-01,20,JO5L,27.1
200302,2003-02-01,20,JO5L,28.8
200303,2003-03-01,20,JO5L,31.0
200304,2003-04-01,20,JO5L,32.2
200305,2003-05-01,20,JO5L,38.6
200306,2003-06-01,20,JO5L,38.5
200307,2003-07-01,20,JO5L,38.1
200308,2003-08-01,20,JO5L,34.7
200309,2003-09-01,20,JO5L,40.2
200310,2003-10-01,20,JO5L,38.5
200311,2003-11-01,20,JO5L,39.5
200312,2003-12-01,20,JO5L,35.7
200401,2004-01-01,20,JO5L,39.2
200402,2004-02-01,20,JO5L,33.3
200403,2004-03-01,20,JO5L,31.7
200404,2004-04-01,20,JO5L,32.3
200405,2004-05-01,20,JO5L,33.1
200406,2004-06-01,20,JO5L,37.9
200407,2004-07-01,20,JO5L,41.6
200408,2004-08-01,20,JO5L,39.4
200409,2004-09-01,20,JO5L,41.1
200410,2004-10-01,20,JO5L,40.5
200411,2004-11-01,20,JO5L,40.4
200412,2004-12-01,20,JO5L,41.4
200501,2005-01-01,20,JO5L,44.6
200502,2005-02-01,20,JO5L,48.7
200503,2005-03-01,20,JO5L,40.4
200504,2005-04-01,20,JO5L,41.3
200505,2005-05-01,20,JO5L,43.3
200506,2005-06-01,20,JO5L,48.1
200507,2005-07-01,20,JO5L,48.2
200508,2005-08-01,20,JO5L,49.2
200509,2005-09-01,20,JO5L,56.8
200510,2005-10-01,20,JO5L,56.9
200511,2005-11-01,20,JO5L,58.2
200512,2005-12-01,20,JO5L,55.5
200601,2006-01-01,20,JO5L,41.8
200602,2006-02-01,20,JO5L,52.5
200603,2006-03-01,20,JO5L,53.2
200604,2006-04-01,20,JO5L,56.0
200605,2006-05-01,20,JO5L,54.4
200606,2006-06-01,20,JO5L,47.3
200607,2006-07-01,20,JO5L,42.3
200608,2006-08-01,20,JO5L,48.8
200609,2006-09-01,20,JO5L,45.9
200610,2006-10-01,20,JO5L,50.2
200611,2006-11-01,20,JO5L,46.7
200612,2006-12-01,20,JO5L,49.4
200701,2007-01-01,20,JO5L,46.3
200702,2007-02-01,20,JO5L,52.0
200703,2007-03-01,20,JO5L,53.3
200704,2007-04-01,20,JO5L,39.1
200705,2007-05-01,20,JO5L,39.4
200706,2007-06-01,20,JO5L,50.0
200707,2007-07-01,20,JO5L,48.7
200708,2007-08-01,20,JO5L,48.9
200709,2007-09-01,20,JO5L,50.1
200710,2007-10-01,20,JO5L,33.9
200711,2007-11-01,20,JO5L,45.0
200712,2007-12-01,20,JO5L,42.4
200801,2008-01-01,20,JO5L,45.7
200802,2008-02-01,20,JO5L,45.4
200803,2008-03-01,20,JO5L,46.2
200804,2008-04-01,20,JO5L,41.7
200805,2008-05-01,20,JO5L,42.2
200806,2008-06-01,20,JO5L,42.3
200807,2008-07-01,20,JO5L,41.3
200808,2008-08-01,20,JO5L,44.5
200809,2008-09-01,20,JO5L,38.5
200810,2008-10-01,20,JO5L,43.9
200811,2008-11-01,20,JO5L,42.4
200812,2008-12-01,20,JO5L,43.9
200901,2009-01-01,20,JO5L,39.8
200902,2009-02-01,20,JO5L,38.4
200903,2009-03-01,20,JO5L,40.1
200904,2009-04-01,20,JO5L,41.9
200905,2009-05-01,20,JO5L,40.4
200906,2009-06-01,20,JO5L,44.0
200907,2009-07-01,20,JO5L,41.3
200908,2009-08-01,20,JO5L,44.2
200909,2009-09-01,20,JO5L,46.7
200910,2009-10-01,20,JO5L,45.6
200911,2009-11-01,20,JO5L,45.8
200912,2009-12-01,20,JO5L,42.2
201001,2010-01-01,20,JO5L,33.8
201002,2010-02-01,20,JO5L,37.0
201003,2010-03-01,20,JO5L,31.6
201004,2010-04-01,20,JO5L,39.9
201005,2010-05-01,20,JO5L,41.9
201006,2010-06-01,20,JO5L,40.8
201007,2010-07-01,20,JO5L,40.9
201008,2010-08-01,20,JO5L,37.1
201009,2010-09-01,20,JO5L,35.2
201010,2010-10-01,20,JO5L,36.6
201011,2010-11-01,20,JO5L,37.2
201012,2010-12-01,20,JO5L,33.9
201101,2011-01-01,20,JO5L,39.4
201102,2011-02-01,20,JO5L,42.1
201103,2011-03-01,20,JO5L,43.2
201104,2011-04-01,20,JO5L,35.5
201105,2011-05-01,20,JO5L,42.4
201106,2011-06-01,20,JO5L,40.3
201107,2011-07-01,20,JO5L,42.5
201108,2011-08-01,20,JO5L,40.3
201109,2011-09-01,20,JO5L,41.2
201110,2011-10-01,20,JO5L,41.9
201111,2011-11-01,20,JO5L,42.2
201112,2011-12-01,20,JO5L,46.3
201201,2012-01-01,20,JO5L,47.5
201202,2012-02-01,20,JO5L,44.4
201203,2012-03-01,20,JO5L,45.7
201204,2012-04-01,20,JO5L,45.3
201205,2012-05-01,20,JO5L,43.9
201206,2012-06-01,20,JO5L,43.1
201207,2012-07-01,20,JO5L,45.1
201208,2012-08-01,20,JO5L,44.4
201209,2012-09-01,20,JO5L,47.1
201210,2012-10-01,20,JO5L,44.2
201211,2012-11-01,20,JO5L,45.8
201212,2012-12-01,20,JO5L,46.4
201301,2013-01-01,20,JO5L,47.7
201302,2013-02-01,20,JO5L,47.4
201303,2013-03-01,20,JO5L,45.6
201304,2013-04-01,20,JO5L,38.2
201305,2013-05-01,20,JO5L,43.1
201306,2013-06-01,20,JO5L,44.9
201307,2013-07-01,20,JO5L,44.6
201308,2013-08-01,20,JO5L,47.7
201309,2013-09-01,20,JO5L,49.4
201310,2013-10-01,20,JO5L,49.6
201311,2013-11-01,20,JO5L,47.1
201312,2013-12-01,20,JO5L,48.3
201401,2014-01-01,20,JO5L,46.9
201402,2014-02-01,20,JO5L,52.0
201403,2014-03-01,20,JO5L,52.3
201404,2014-04-01,20,JO5L,52.1
201405,2014-05-01,20,JO5L,49.7
201406,2014-06-01,20,JO5L,53.8
201407,2014-07-01,20,JO5L,54.9
201408,2014-08-01,20,JO5L,52.2
201409,2014-09-01,20,JO5L,50.2
201410,2014-10-01,20,JO5L,51.8
201411,2014-11-01,20,JO5L,55.1
201412,2014-12-01,20,JO5L,50.7
201501,2015-01-01,20,JO5L,51.3
201502,2015-02-01,20,JO5L,53.0
201503,2015-03-01,20,JO5L,53.0
201504,2015-04-01,20,JO5L,53.6
201505,2015-05-01,20,JO5L,55.7
201506,2015-06-01,20,JO5L,56.2
201507,2015-07-01,20,JO5L,54.4
201508,2015-08-01,20,JO5L,53.2
201509,2015-09-01,20,JO5L,65.4
201510,2015-10-01,20,JO5L,58.2
201511,2015-11-01,20,JO5L,70.0
201512,2015-12-01,20,JO5L,59.6
201601,2016-01-01,20,JO5L,57.8
201602,2016-02-01,20,JO5L,53.8
201603,2016-03-01,20,JO5L,55.5
201604,2016-04-01,20,JO5L,58.3
201605,2016-05-01,20,JO5L,56.5
201606,2016-06-01,20,JO5L,55.0
201607,2016-07-01,20,JO5L,59.2
201608,2016-08-01,20,JO5L,56.9
201609,2016-09-01,20,JO5L,56.3
201610,2016-10-01,20,JO5L,55.8
201611,2016-11-01,20,JO5L,56.6
201612,2016-12-01,20,JO5L,59.7
201701,2017-01-01,20,JO5L,64.5
201702,2017-02-01,20,JO5L,62.3
201703,2017-03-01,20,JO5L,69.6
201704,2017-04-01,20,JO5L,50.5
201705,2017-05-01,20,JO5L,62.3
201706,2017-06-01,20,JO5L,47.7
201707,2017-07-01,20,JO5L,57.9
201708,2017-08-01,20,JO5L,60.4
201709,2017-09-01,20,JO5L,61.8
201710,2017-10-01,20,JO5L,61.8
201711,2017-11-01,20,JO5L,63.1
201712,2017-12-01,20,JO5L,63.0
201801,2018-01-01,20,JO5L,64.2
201802,2018-02-01,20,JO5L,68.3
201803,2018-03-01,20,JO5L,66.6
201804,2018-04-01,20,JO5L,69.8
201805,2018-05-01,20,JO5L,65.7
201806,2018-06-01,20,JO5L,75.6
201807,2018-07-01,20,JO5L,71.0
201808,2018-08-01,20,JO5L,70.9
201809,2018-09-01,20,JO5L,73.5
201810,2018-10-01,20,JO5L,81.7
201811,2018-11-01,20,JO5L,89.9
201812,2018-12-01,20,JO5L,85.8
201901,2019-01-01,20,JO5L,85.5
201902,2019-02-01,20,JO5L,82.1
201903,2019-03-01,20,JO5L,85.8
201904,2019-04-01,20,JO5L,85.8
201905,2019-05-01,20,JO5L,88.2
201906,2019-06-01,20,JO5L,87.0
201907,2019-07-01,20,JO5L,89.2
201908,2019-08-01,20,JO5L,88.9
201909,2019-09-01,20,JO5L,82.5
201910,2019-10-01,20,JO5L,79.6
201911,2019-11-01,20,JO5L,78.2
201912,2019-12-01,20,JO5L,85.0
202001,2020-01-01,20,JO5L,94.3
202002,2020-02-01,20,JO5L,102.9
202003,2020-03-01,20,JO5L,76.6
202004,2020-04-01,20,JO5L,18.7
202005,2020-05-01,20,JO5L,30.1
202006,2020-06-01,20,JO5L,49.3
202007,2020-07-01,20,JO5L,78.5
202008,2020-08-01,20,JO5L,97.4
202009,2020-09-01,20,JO5L,111.1
202010,2020-10-01,20,JO5L,110.4
202011,2020-11-01,20,JO5L,108.6
202012,2020-12-01,20,JO5L,100.6
202101,2021-01-01,20,JO5L,101.2
202102,2021-02-01,20,JO5L,96.9
202103,2021-03-01,20,JO5L,113.7
202104,2021-04-01,20,JO5L,114.9
202105,2021-05-01,20,JO5L,123.5
202106,2021-06-01,20,JO5L,124.5
202107,2021-07-01,20,JO5L,122.9
202108,2021-08-01,20,JO5L,121.4
202109,2021-09-01,20,JO5L,119.7
202110,2021-10-01,20,JO5L,115.2
202111,2021-11-01,20,JO5L,110.6
202112,2021-12-01,20,JO5L,105.2
202201,2022-01-01,20,JO5L,112.2
202202,2022-02-01,20,JO5L,119.5
202203,2022-03-01,20,JO5L,116.5
202204,2022-04-01,20,JO5L,118.6
202205,2022-05-01,20,JO5L,116.8
202206,2022-06-01,20,JO5L,115.0
202207,2022-07-01,20,JO5L,124.9
202208,2022-08-01,20,JO5L,118.7
202209,2022-09-01,20,JO5L,110.0
202210,2022-10-01,20,JO5L,112.9
202211,2022-11-01,20,JO5L,115.8
202212,2022-12-01,20,JO5L,93.2
202301,2023-01-01,20,JO5L,120.7
202302,2023-02-01,20,JO5L,108.3
202303,2023-03-01,20,JO5L,104.4
202304,2023-04-01,20,JO5L,104.2
202305,2023-05-01,20,JO5L,103.4
202306,2023-06-01,20,JO5L,97.0
202307,2023-07-01,20,JO5L,91.5
202308,2023-08-01,20,JO5L,94.6
202309,2023-09-01,20,JO5L,93.5
202310,2023-10-01,20,JO5L,91.9
202311,2023-11-01,20,JO5L,95.5
202312,2023-12-01,20,JO5L,97.1
202401,2024-01-01,20,JO5L,97.3
202402,2024-02-01,20,JO5L,101.2
202403,2024-03-01,20,JO5L,100.3
202404,2024-04-01,20,JO5L,97.1
202405,2024-05-01,20,JO5L,94.3
202406,2024-06-01,20,JO5L,94.3
202407,2024-07-01,20,JO5L,95.0
202408,2024-08-01,20,JO5L,95.3
202409,2024-09-01,20,JO5L,95.9
202410,2024-10-01,20,JO5L,102.4
202411,2024-11-01,20,JO5L,101.1
202412,2024-12-01,20,JO5L,98.9
202501,2025-01-01,20,JO5L,92.5
202502,2025-02-01,20,JO5L,97.8
202503,2025-03-01,20,JO5L,104.2
202504,2025-04-01,20,JO5L,99.3
202505,2025-05-01,20,JO5L,97.9
202506,2025-06-01,20,JO5L,116.2
202507,2025-07-01,20,JO5L,115.5
202508,2025-08-01,20,JO5L,112.2
202509,2025-09-01,20,JO5L,117.1
202510,2025-10-01,20,JO5L,115.8
202511,2025-11-01,20,JO5L,114.7
202512,2025-12-01,20,JO5L,110.9
202601,2026-01-01,20,JO5L,116.9
202602,2026-02-01,20,JO5L,115.8
202603,2026-03-01,20,JO5L,114.7
202604,2026-04-01,20,JO5L,122.5
202605,2026-05-01,20,JO5L,113.1
202606,2026-06-01,20,JO5L,114.4
198801,1988-01-01,21,JO5M,24.2
198802,1988-02-01,21,JO5M,23.6
198803,1988-03-01,21,JO5M,23.9
198804,1988-04-01,21,JO5M,24.3
198805,1988-05-01,21,JO5M,24.7
198806,1988-06-01,21,JO5M,24.3
198807,1988-07-01,21,JO5M,24.6
198808,1988-08-01,21,JO5M,25.6
198809,1988-09-01,21,JO5M,25.3
198810,1988-10-01,21,JO5M,25.1
198811,1988-11-01,21,JO5M,25.4
198812,1988-12-01,21,JO5M,24.6
198901,1989-01-01,21,JO5M,25.4
198902,1989-02-01,21,JO5M,25.1
198903,1989-03-01,21,JO5M,25.1
198904,1989-04-01,21,JO5M,25.2
198905,1989-05-01,21,JO5M,25.9
198906,1989-06-01,21,JO5M,26.1
198907,1989-07-01,21,JO5M,26.4
198908,1989-08-01,21,JO5M,25.7
198909,1989-09-01,21,JO5M,26.9
198910,1989-10-01,21,JO5M,26.4
198911,1989-11-01,21,JO5M,25.9
198912,1989-12-01,21,JO5M,25.6
199001,1990-01-01,21,JO5M,26.2
199002,1990-02-01,21,JO5M,26.4
199003,1990-03-01,21,JO5M,25.8
199004,1990-04-01,21,JO5M,26.0
199005,1990-05-01,21,JO5M,26.9
199006,1990-06-01,21,JO5M,24.4
199007,1990-07-01,21,JO5M,27.5
199008,1990-08-01,21,JO5M,26.3
199009,1990-09-01,21,JO5M,25.2
199010,1990-10-01,21,JO5M,25.5
199011,1990-11-01,21,JO5M,25.2
199012,1990-12-01,21,JO5M,22.7
199101,1991-01-01,21,JO5M,24.0
199102,1991-02-01,21,JO5M,24.7
199103,1991-03-01,21,JO5M,25.3
199104,1991-04-01,21,JO5M,25.0
199105,1991-05-01,21,JO5M,23.6
199106,1991-06-01,21,JO5M,22.3
199107,1991-07-01,21,JO5M,25.8
199108,1991-08-01,21,JO5M,23.8
199109,1991-09-01,21,JO5M,22.5
199110,1991-10-01,21,JO5M,24.4
199111,1991-11-01,21,JO5M,23.9
199112,1991-12-01,21,JO5M,25.3
199201,1992-01-01,21,JO5M,26.5
199202,1992-02-01,21,JO5M,25.7
199203,1992-03-01,21,JO5M,26.4
199204,1992-04-01,21,JO5M,25.6
199205,1992-05-01,21,JO5M,25.2
199206,1992-06-01,21,JO5M,25.8
199207,1992-07-01,21,JO5M,26.0
199208,1992-08-01,21,JO5M,25.6
199209,1992-09-01,21,JO5M,26.2
199210,1992-10-01,21,JO5M,27.7
199211,1992-11-01,21,JO5M,27.5
199212,1992-12-01,21,JO5M,27.5
199301,1993-01-01,21,JO5M,26.7
199302,1993-02-01,21,JO5M,26.7
199303,1993-03-01,21,JO5M,26.4
199304,1993-04-01,21,JO5M,26.6
199305,1993-05-01,21,JO5M,27.1
199306,1993-06-01,21,JO5M,27.3
199307,1993-07-01,21,JO5M,27.1
199308,1993-08-01,21,JO5M,27.5
199309,1993-09-01,21,JO5M,27.3
199310,1993-10-01,21,JO5M,27.1
199311,1993-11-01,21,JO5M,28.1
199312,1993-12-01,21,JO5M,29.7
199401,1994-01-01,21,JO5M,27.0
199402,1994-02-01,21,JO5M,26.4
199403,1994-03-01,21,JO5M,27.3
199404,1994-04-01,21,JO5M,26.9
199405,1994-05-01,21,JO5M,26.9
199406,1994-06-01,21,JO5M,27.2
199407,1994-07-01,21,JO5M,27.5
199408,1994-08-01,21,JO5M,27.6
199409,1994-09-01,21,JO5M,27.6
199410,1994-10-01,21,JO5M,27.1
199411,1994-11-01,21,JO5M,27.2
199412,1994-12-01,21,JO5M,29.6
199501,1995-01-01,21,JO5M,25.5
199502,1995-02-01,21,JO5M,26.8
199503,1995-03-01,21,JO5M,26.1
199504,1995-04-01,21,JO5M,26.8
199505,1995-05-01,21,JO5M,26.9
199506,1995-06-01,21,JO5M,25.8
199507,1995-07-01,21,JO5M,25.6
199508,1995-08-01,21,JO5M,26.5
199509,1995-09-01,21,JO5M,26.3
199510,1995-10-01,21,JO5M,25.8
199511,1995-11-01,21,JO5M,25.5
199512,1995-12-01,21,JO5M,27.9
199601,1996-01-01,21,JO5M,26.4
199602,1996-02-01,21,JO5M,26.9
199603,1996-03-01,21,JO5M,27.5
199604,1996-04-01,21,JO5M,26.5
199605,1996-05-01,21,JO5M,26.5
199606,1996-06-01,21,JO5M,28.2
199607,1996-07-01,21,JO5M,26.8
199608,1996-08-01,21,JO5M,26.2
199609,1996-09-01,21,JO5M,26.8
199610,1996-10-01,21,JO5M,26.7
199611,1996-11-01,21,JO5M,27.2
199612,1996-12-01,21,JO5M,26.7
199701,1997-01-01,21,JO5M,28.0
199702,1997-02-01,21,JO5M,28.5
199703,1997-03-01,21,JO5M,27.9
199704,1997-04-01,21,JO5M,28.4
199705,1997-05-01,21,JO5M,28.0
199706,1997-06-01,21,JO5M,28.5
199707,1997-07-01,21,JO5M,29.4
199708,1997-08-01,21,JO5M,28.7
199709,1997-09-01,21,JO5M,28.4
199710,1997-10-01,21,JO5M,28.7
199711,1997-11-01,21,JO5M,28.7
199712,1997-12-01,21,JO5M,28.3
199801,1998-01-01,21,JO5M,28.0
199802,1998-02-01,21,JO5M,27.2
199803,1998-03-01,21,JO5M,26.7
199804,1998-04-01,21,JO5M,27.7
199805,1998-05-01,21,JO5M,27.4
199806,1998-06-01,21,JO5M,27.4
199807,1998-07-01,21,JO5M,27.1
199808,1998-08-01,21,JO5M,28.8
199809,1998-09-01,21,JO5M,27.8
199810,1998-10-01,21,JO5M,27.5
199811,1998-11-01,21,JO5M,27.0
199812,1998-12-01,21,JO5M,26.9
199901,1999-01-01,21,JO5M,25.9
199902,1999-02-01,21,JO5M,26.6
199903,1999-03-01,21,JO5M,27.7
199904,1999-04-01,21,JO5M,26.0
199905,1999-05-01,21,JO5M,26.4
199906,1999-06-01,21,JO5M,27.2
199907,1999-07-01,21,JO5M,27.1
199908,1999-08-01,21,JO5M,26.8
199909,1999-09-01,21,JO5M,27.1
199910,1999-10-01,21,JO5M,29.1
199911,1999-11-01,21,JO5M,28.2
199912,1999-12-01,21,JO5M,28.3
200001,2000-01-01,21,JO5M,28.6
200002,2000-02-01,21,JO5M,28.3
200003,2000-03-01,21,JO5M,30.1
200004,2000-04-01,21,JO5M,30.3
200005,2000-05-01,21,JO5M,31.5
200006,2000-06-01,21,JO5M,31.3
200007,2000-07-01,21,JO5M,31.6
200008,2000-08-01,21,JO5M,31.9
200009,2000-09-01,21,JO5M,31.7
200010,2000-10-01,21,JO5M,30.9
200011,2000-11-01,21,JO5M,29.8
200012,2000-12-01,21,JO5M,31.4
200101,2001-01-01,21,JO5M,32.6
200102,2001-02-01,21,JO5M,32.1
200103,2001-03-01,21,JO5M,32.2
200104,2001-04-01,21,JO5M,32.5
200105,2001-05-01,21,JO5M,32.9
200106,2001-06-01,21,JO5M,31.7
200107,2001-07-01,21,JO5M,33.5
200108,2001-08-01,21,JO5M,35.1
200109,2001-09-01,21,JO5M,33.6
200110,2001-10-01,21,JO5M,32.7
200111,2001-11-01,21,JO5M,34.0
200112,2001-12-01,21,JO5M,35.3
200201,2002-01-01,21,JO5M,35.6
200202,2002-02-01,21,JO5M,37.0
200203,2002-03-01,21,JO5M,36.1
200204,2002-04-01,21,JO5M,36.1
200205,2002-05-01,21,JO5M,35.5
200206,2002-06-01,21,JO5M,35.7
200207,2002-07-01,21,JO5M,35.3
200208,2002-08-01,21,JO5M,34.1
200209,2002-09-01,21,JO5M,35.9
200210,2002-10-01,21,JO5M,37.3
200211,2002-11-01,21,JO5M,38.6
200212,2002-12-01,21,JO5M,36.9
200301,2003-01-01,21,JO5M,37.1
200302,2003-02-01,21,JO5M,37.3
200303,2003-03-01,21,JO5M,37.6
200304,2003-04-01,21,JO5M,39.8
200305,2003-05-01,21,JO5M,38.4
200306,2003-06-01,21,JO5M,40.7
200307,2003-07-01,21,JO5M,39.8
200308,2003-08-01,21,JO5M,40.2
200309,2003-09-01,21,JO5M,40.4
200310,2003-10-01,21,JO5M,39.8
200311,2003-11-01,21,JO5M,42.4
200312,2003-12-01,21,JO5M,40.6
200401,2004-01-01,21,JO5M,40.6
200402,2004-02-01,21,JO5M,41.5
200403,2004-03-01,21,JO5M,41.5
200404,2004-04-01,21,JO5M,41.0
200405,2004-05-01,21,JO5M,42.7
200406,2004-06-01,21,JO5M,42.4
200407,2004-07-01,21,JO5M,40.2
200408,2004-08-01,21,JO5M,43.3
200409,2004-09-01,21,JO5M,44.2
200410,2004-10-01,21,JO5M,44.2
200411,2004-11-01,21,JO5M,43.9
200412,2004-12-01,21,JO5M,43.2
200501,2005-01-01,21,JO5M,43.3
200502,2005-02-01,21,JO5M,42.7
200503,2005-03-01,21,JO5M,42.0
200504,2005-04-01,21,JO5M,42.6
200505,2005-05-01,21,JO5M,42.7
200506,2005-06-01,21,JO5M,43.3
200507,2005-07-01,21,JO5M,44.3
200508,2005-08-01,21,JO5M,44.0
200509,2005-09-01,21,JO5M,44.4
200510,2005-10-01,21,JO5M,43.7
200511,2005-11-01,21,JO5M,42.0
200512,2005-12-01,21,JO5M,46.9
200601,2006-01-01,21,JO5M,39.7
200602,2006-02-01,21,JO5M,41.9
200603,2006-03-01,21,JO5M,43.0
200604,2006-04-01,21,JO5M,42.4
200605,2006-05-01,21,JO5M,40.8
200606,2006-06-01,21,JO5M,43.4
200607,2006-07-01,21,JO5M,44.7
200608,2006-08-01,21,JO5M,43.1
200609,2006-09-01,21,JO5M,43.1
200610,2006-10-01,21,JO5M,44.0
200611,2006-11-01,21,JO5M,44.5
200612,2006-12-01,21,JO5M,46.8
200701,2007-01-01,21,JO5M,47.5
200702,2007-02-01,21,JO5M,46.3
200703,2007-03-01,21,JO5M,47.0
200704,2007-04-01,21,JO5M,46.9
200705,2007-05-01,21,JO5M,47.1
200706,2007-06-01,21,JO5M,44.8
200707,2007-07-01,21,JO5M,45.6
200708,2007-08-01,21,JO5M,47.4
200709,2007-09-01,21,JO5M,47.8
200710,2007-10-01,21,JO5M,46.4
200711,2007-11-01,21,JO5M,47.3
200712,2007-12-01,21,JO5M,48.3
200801,2008-01-01,21,JO5M,46.8
200802,2008-02-01,21,JO5M,47.1
200803,2008-03-01,21,JO5M,46.9
200804,2008-04-01,21,JO5M,46.9
200805,2008-05-01,21,JO5M,49.2
200806,2008-06-01,21,JO5M,47.7
200807,2008-07-01,21,JO5M,47.2
200808,2008-08-01,21,JO5M,45.9
200809,2008-09-01,21,JO5M,44.6
200810,2008-10-01,21,JO5M,45.9
200811,2008-11-01,21,JO5M,47.0
200812,2008-12-01,21,JO5M,47.8
200901,2009-01-01,21,JO5M,43.8
200902,2009-02-01,21,JO5M,45.4
200903,2009-03-01,21,JO5M,43.1
200904,2009-04-01,21,JO5M,42.7
200905,2009-05-01,21,JO5M,42.3
200906,2009-06-01,21,JO5M,44.4
200907,2009-07-01,21,JO5M,43.2
200908,2009-08-01,21,JO5M,43.8
200909,2009-09-01,21,JO5M,43.7
200910,2009-10-01,21,JO5M,44.3
200911,2009-11-01,21,JO5M,41.4
200912,2009-12-01,21,JO5M,42.9
201001,2010-01-01,21,JO5M,45.3
201002,2010-02-01,21,JO5M,49.6
201003,2010-03-01,21,JO5M,47.3
201004,2010-04-01,21,JO5M,47.3
201005,2010-05-01,21,JO5M,46.7
201006,2010-06-01,21,JO5M,47.0
201007,2010-07-01,21,JO5M,48.1
201008,2010-08-01,21,JO5M,49.4
201009,2010-09-01,21,JO5M,48.1
201010,2010-10-01,21,JO5M,49.7
201011,2010-11-01,21,JO5M,49.9
201012,2010-12-01,21,JO5M,49.7
201101,2011-01-01,21,JO5M,51.2
201102,2011-02-01,21,JO5M,48.3
201103,2011-03-01,21,JO5M,48.9
201104,2011-04-01,21,JO5M,50.5
201105,2011-05-01,21,JO5M,47.8
201106,2011-06-01,21,JO5M,47.2
201107,2011-07-01,21,JO5M,48.8
201108,2011-08-01,21,JO5M,47.6
201109,2011-09-01,21,JO5M,49.2
201110,2011-10-01,21,JO5M,46.2
201111,2011-11-01,21,JO5M,49.9
201112,2011-12-01,21,JO5M,48.1
201201,2012-01-01,21,JO5M,47.3
201202,2012-02-01,21,JO5M,47.9
201203,2012-03-01,21,JO5M,48.5
201204,2012-04-01,21,JO5M,47.8
201205,2012-05-01,21,JO5M,49.8
201206,2012-06-01,21,JO5M,50.7
201207,2012-07-01,21,JO5M,50.3
201208,2012-08-01,21,JO5M,51.0
201209,2012-09-01,21,JO5M,51.2
201210,2012-10-01,21,JO5M,51.4
201211,2012-11-01,21,JO5M,50.6
201212,2012-12-01,21,JO5M,52.7
201301,2013-01-01,21,JO5M,52.8
201302,2013-02-01,21,JO5M,54.8
201303,2013-03-01,21,JO5M,55.6
201304,2013-04-01,21,JO5M,58.0
201305,2013-05-01,21,JO5M,58.9
201306,2013-06-01,21,JO5M,59.2
201307,2013-07-01,21,JO5M,55.0
201308,2013-08-01,21,JO5M,56.2
201309,2013-09-01,21,JO5M,57.7
201310,2013-10-01,21,JO5M,58.1
201311,2013-11-01,21,JO5M,57.3
201312,2013-12-01,21,JO5M,53.7
201401,2014-01-01,21,JO5M,57.3
201402,2014-02-01,21,JO5M,57.9
201403,2014-03-01,21,JO5M,57.6
201404,2014-04-01,21,JO5M,56.9
201405,2014-05-01,21,JO5M,56.2
201406,2014-06-01,21,JO5M,57.8
201407,2014-07-01,21,JO5M,56.8
201408,2014-08-01,21,JO5M,58.9
201409,2014-09-01,21,JO5M,60.1
201410,2014-10-01,21,JO5M,60.5
201411,2014-11-01,21,JO5M,62.1
201412,2014-12-01,21,JO5M,61.4
201501,2015-01-01,21,JO5M,60.0
201502,2015-02-01,21,JO5M,57.5
201503,2015-03-01,21,JO5M,58.6
201504,2015-04-01,21,JO5M,58.8
201505,2015-05-01,21,JO5M,61.6
201506,2015-06-01,21,JO5M,59.3
201507,2015-07-01,21,JO5M,59.9
201508,2015-08-01,21,JO5M,60.6
201509,2015-09-01,21,JO5M,60.1
201510,2015-10-01,21,JO5M,60.1
201511,2015-11-01,21,JO5M,61.1
201512,2015-12-01,21,JO5M,62.9
201601,2016-01-01,21,JO5M,65.5
201602,2016-02-01,21,JO5M,64.4
201603,2016-03-01,21,JO5M,63.5
201604,2016-04-01,21,JO5M,66.3
201605,2016-05-01,21,JO5M,66.3
201606,2016-06-01,21,JO5M,65.7
201607,2016-07-01,21,JO5M,70.0
201608,2016-08-01,21,JO5M,71.5
201609,2016-09-01,21,JO5M,67.4
201610,2016-10-01,21,JO5M,69.3
201611,2016-11-01,21,JO5M,68.5
201612,2016-12-01,21,JO5M,69.8
201701,2017-01-01,21,JO5M,70.1
201702,2017-02-01,21,JO5M,71.3
201703,2017-03-01,21,JO5M,73.9
201704,2017-04-01,21,JO5M,74.3
201705,2017-05-01,21,JO5M,70.2
201706,2017-06-01,21,JO5M,70.4
201707,2017-07-01,21,JO5M,70.1
201708,2017-08-01,21,JO5M,70.2
201709,2017-09-01,21,JO5M,74.0
201710,2017-10-01,21,JO5M,73.5
201711,2017-11-01,21,JO5M,76.2
201712,2017-12-01,21,JO5M,77.0
201801,2018-01-01,21,JO5M,76.3
201802,2018-02-01,21,JO5M,78.1
201803,2018-03-01,21,JO5M,80.1
201804,2018-04-01,21,JO5M,80.5
201805,2018-05-01,21,JO5M,84.0
201806,2018-06-01,21,JO5M,83.4
201807,2018-07-01,21,JO5M,84.6
201808,2018-08-01,21,JO5M,87.1
201809,2018-09-01,21,JO5M,86.7
201810,2018-10-01,21,JO5M,91.5
201811,2018-11-01,21,JO5M,91.0
201812,2018-12-01,21,JO5M,86.1
201901,2019-01-01,21,JO5M,93.6
201902,2019-02-01,21,JO5M,96.6
201903,2019-03-01,21,JO5M,91.2
201904,2019-04-01,21,JO5M,92.3
201905,2019-05-01,21,JO5M,95.5
201906,2019-06-01,21,JO5M,95.4
201907,2019-07-01,21,JO5M,92.3
201908,2019-08-01,21,JO5M,93.3
201909,2019-09-01,21,JO5M,89.6
201910,2019-10-01,21,JO5M,85.4
201911,2019-11-01,21,JO5M,90.4
201912,2019-12-01,21,JO5M,83.2
202001,2020-01-01,21,JO5M,74.6
202002,2020-02-01,21,JO5M,82.1
202003,2020-03-01,21,JO5M,84.7
202004,2020-04-01,21,JO5M,50.4
202005,2020-05-01,21,JO5M,58.1
202006,2020-06-01,21,JO5M,74.9
202007,2020-07-01,21,JO5M,85.0
202008,2020-08-01,21,JO5M,83.6
202009,2020-09-01,21,JO5M,86.7
202010,2020-10-01,21,JO5M,84.5
202011,2020-11-01,21,JO5M,80.5
202012,2020-12-01,21,JO5M,79.3
202101,2021-01-01,21,JO5M,54.5
202102,2021-02-01,21,JO5M,66.3
202103,2021-03-01,21,JO5M,67.1
202104,2021-04-01,21,JO5M,85.9
202105,2021-05-01,21,JO5M,90.6
202106,2021-06-01,21,JO5M,92.2
202107,2021-07-01,21,JO5M,82.1
202108,2021-08-01,21,JO5M,87.7
202109,2021-09-01,21,JO5M,90.6
202110,2021-10-01,21,JO5M,89.3
202111,2021-11-01,21,JO5M,91.6
202112,2021-12-01,21,JO5M,93.2
202201,2022-01-01,21,JO5M,91.7
202202,2022-02-01,21,JO5M,84.8
202203,2022-03-01,21,JO5M,89.9
202204,2022-04-01,21,JO5M,87.9
202205,2022-05-01,21,JO5M,86.7
202206,2022-06-01,21,JO5M,87.1
202207,2022-07-01,21,JO5M,96.0
202208,2022-08-01,21,JO5M,95.2
202209,2022-09-01,21,JO5M,91.1
202210,2022-10-01,21,JO5M,97.4
202211,2022-11-01,21,JO5M,94.8
202212,2022-12-01,21,JO5M,96.1
202301,2023-01-01,21,JO5M,96.0
202302,2023-02-01,21,JO5M,97.1
202303,2023-03-01,21,JO5M,96.7
202304,2023-04-01,21,JO5M,99.5
202305,2023-05-01,21,JO5M,97.2
202306,2023-06-01,21,JO5M,100.7
202307,2023-07-01,21,JO5M,97.0
202308,2023-08-01,21,JO5M,99.4
202309,2023-09-01,21,JO5M,101.7
202310,2023-10-01,21,JO5M,100.7
202311,2023-11-01,21,JO5M,109.9
202312,2023-12-01,21,JO5M,103.6
202401,2024-01-01,21,JO5M,109.2
202402,2024-02-01,21,JO5M,106.8
202403,2024-03-01,21,JO5M,105.4
202404,2024-04-01,21,JO5M,105.5
202405,2024-05-01,21,JO5M,106.6
202406,2024-06-01,21,JO5M,105.2
202407,2024-07-01,21,JO5M,108.8
202408,2024-08-01,21,JO5M,105.0
202409,2024-09-01,21,JO5M,106.2
202410,2024-10-01,21,JO5M,108.9
202411,2024-11-01,21,JO5M,108.5
202412,2024-12-01,21,JO5M,111.0
202501,2025-01-01,21,JO5M,94.9
202502,2025-02-01,21,JO5M,98.8
202503,2025-03-01,21,JO5M,99.9
202504,2025-04-01,21,JO5M,98.2
202505,2025-05-01,21,JO5M,99.3
202506,2025-06-01,21,JO5M,96.6
202507,2025-07-01,21,JO5M,93.9
202508,2025-08-01,21,JO5M,95.7
202509,2025-09-01,21,JO5M,95.7
202510,2025-10-01,21,JO5M,92.5
202511,2025-11-01,21,JO5M,95.1
202512,2025-12-01,21,JO5M,91.6
202601,2026-01-01,21,JO5M,106.7
202602,2026-02-01,21,JO5M,107.5
202603,2026-03-01,21,JO5M,109.4
202604,2026-04-01,21,JO5M,111.8
202605,2026-05-01,21,JO5M,113.3
202606,2026-06-01,21,JO5M,116.4
198801,1988-01-01,22,JO5Z,28.1
198802,1988-02-01,22,JO5Z,25.2
198803,1988-03-01,22,JO5Z,25.1
198804,1988-04-01,22,JO5Z,28.9
198805,1988-05-01,22,JO5Z,27.5
198806,1988-06-01,22,JO5Z,27.7
198807,1988-07-01,22,JO5Z,30.1
198808,1988-08-01,22,JO5Z,29.6
198809,1988-09-01,22,JO5Z,28.9
198810,1988-10-01,22,JO5Z,29.1
198811,1988-11-01,22,JO5Z,31.3
198812,1988-12-01,22,JO5Z,31.5
198901,1989-01-01,22,JO5Z,32.6
198902,1989-02-01,22,JO5Z,33.5
198903,1989-03-01,22,JO5Z,33.5
198904,1989-04-01,22,JO5Z,34.6
198905,1989-05-01,22,JO5Z,33.7
198906,1989-06-01,22,JO5Z,34.0
198907,1989-07-01,22,JO5Z,33.5
198908,1989-08-01,22,JO5Z,33.8
198909,1989-09-01,22,JO5Z,34.2
198910,1989-10-01,22,JO5Z,34.4
198911,1989-11-01,22,JO5Z,34.2
198912,1989-12-01,22,JO5Z,34.9
199001,1990-01-01,22,JO5Z,35.4
199002,1990-02-01,22,JO5Z,36.6
199003,1990-03-01,22,JO5Z,37.6
199004,1990-04-01,22,JO5Z,36.4
199005,1990-05-01,22,JO5Z,36.3
199006,1990-06-01,22,JO5Z,36.2
199007,1990-07-01,22,JO5Z,36.4
199008,1990-08-01,22,JO5Z,35.8
199009,1990-09-01,22,JO5Z,36.4
199010,1990-10-01,22,JO5Z,37.6
199011,1990-11-01,22,JO5Z,36.8
199012,1990-12-01,22,JO5Z,36.9
199101,1991-01-01,22,JO5Z,35.3
199102,1991-02-01,22,JO5Z,34.8
199103,1991-03-01,22,JO5Z,39.2
199104,1991-04-01,22,JO5Z,35.7
199105,1991-05-01,22,JO5Z,35.9
199106,1991-06-01,22,JO5Z,35.4
199107,1991-07-01,22,JO5Z,35.3
199108,1991-08-01,22,JO5Z,35.2
199109,1991-09-01,22,JO5Z,33.9
199110,1991-10-01,22,JO5Z,34.9
199111,1991-11-01,22,JO5Z,34.9
199112,1991-12-01,22,JO5Z,32.3
199201,1992-01-01,22,JO5Z,39.1
199202,1992-02-01,22,JO5Z,35.6
199203,1992-03-01,22,JO5Z,35.7
199204,1992-04-01,22,JO5Z,35.0
199205,1992-05-01,22,JO5Z,37.4
199206,1992-06-01,22,JO5Z,36.3
199207,1992-07-01,22,JO5Z,35.1
199208,1992-08-01,22,JO5Z,39.4
199209,1992-09-01,22,JO5Z,33.5
199210,1992-10-01,22,JO5Z,34.7
199211,1992-11-01,22,JO5Z,34.1
199212,1992-12-01,22,JO5Z,33.7
199301,1993-01-01,22,JO5Z,31.7
199302,1993-02-01,22,JO5Z,31.1
199303,1993-03-01,22,JO5Z,30.4
199304,1993-04-01,22,JO5Z,30.5
199305,1993-05-01,22,JO5Z,29.6
199306,1993-06-01,22,JO5Z,29.6
199307,1993-07-01,22,JO5Z,29.8
199308,1993-08-01,22,JO5Z,29.4
199309,1993-09-01,22,JO5Z,29.4
199310,1993-10-01,22,JO5Z,29.1
199311,1993-11-01,22,JO5Z,28.9
199312,1993-12-01,22,JO5Z,31.3
199401,1994-01-01,22,JO5Z,31.2
199402,1994-02-01,22,JO5Z,28.8
199403,1994-03-01,22,JO5Z,28.9
199404,1994-04-01,22,JO5Z,28.6
199405,1994-05-01,22,JO5Z,29.8
199406,1994-06-01,22,JO5Z,30.0
199407,1994-07-01,22,JO5Z,30.1
199408,1994-08-01,22,JO5Z,30.2
199409,1994-09-01,22,JO5Z,30.5
199410,1994-10-01,22,JO5Z,28.0
199411,1994-11-01,22,JO5Z,31.2
199412,1994-12-01,22,JO5Z,30.8
199501,1995-01-01,22,JO5Z,28.7
199502,1995-02-01,22,JO5Z,30.5
199503,1995-03-01,22,JO5Z,30.4
199504,1995-04-01,22,JO5Z,30.3
199505,1995-05-01,22,JO5Z,29.9
199506,1995-06-01,22,JO5Z,30.0
199507,1995-07-01,22,JO5Z,31.2
199508,1995-08-01,22,JO5Z,31.2
199509,1995-09-01,22,JO5Z,31.0
199510,1995-10-01,22,JO5Z,29.6
199511,1995-11-01,22,JO5Z,29.0
199512,1995-12-01,22,JO5Z,29.1
199601,1996-01-01,22,JO5Z,28.9
199602,1996-02-01,22,JO5Z,28.2
199603,1996-03-01,22,JO5Z,30.2
199604,1996-04-01,22,JO5Z,31.8
199605,1996-05-01,22,JO5Z,31.6
199606,1996-06-01,22,JO5Z,32.0
199607,1996-07-01,22,JO5Z,30.6
199608,1996-08-01,22,JO5Z,30.9
199609,1996-09-01,22,JO5Z,31.2
199610,1996-10-01,22,JO5Z,31.4
199611,1996-11-01,22,JO5Z,31.0
199612,1996-12-01,22,JO5Z,30.8
199701,1997-01-01,22,JO5Z,29.7
199702,1997-02-01,22,JO5Z,30.8
199703,1997-03-01,22,JO5Z,30.2
199704,1997-04-01,22,JO5Z,30.0
199705,1997-05-01,22,JO5Z,29.4
199706,1997-06-01,22,JO5Z,30.4
199707,1997-07-01,22,JO5Z,30.4
199708,1997-08-01,22,JO5Z,28.9
199709,1997-09-01,22,JO5Z,29.6
199710,1997-10-01,22,JO5Z,31.0
199711,1997-11-01,22,JO5Z,32.3
199712,1997-12-01,22,JO5Z,29.5
199801,1998-01-01,22,JO5Z,30.8
199802,1998-02-01,22,JO5Z,30.5
199803,1998-03-01,22,JO5Z,30.3
199804,1998-04-01,22,JO5Z,30.5
199805,1998-05-01,22,JO5Z,30.6
199806,1998-06-01,22,JO5Z,29.4
199807,1998-07-01,22,JO5Z,30.8
199808,1998-08-01,22,JO5Z,30.6
199809,1998-09-01,22,JO5Z,31.0
199810,1998-10-01,22,JO5Z,30.3
199811,1998-11-01,22,JO5Z,31.6
199812,1998-12-01,22,JO5Z,30.3
199901,1999-01-01,22,JO5Z,33.2
199902,1999-02-01,22,JO5Z,33.4
199903,1999-03-01,22,JO5Z,31.3
199904,1999-04-01,22,JO5Z,34.6
199905,1999-05-01,22,JO5Z,34.3
199906,1999-06-01,22,JO5Z,34.2
199907,1999-07-01,22,JO5Z,34.4
199908,1999-08-01,22,JO5Z,35.6
199909,1999-09-01,22,JO5Z,35.0
199910,1999-10-01,22,JO5Z,36.0
199911,1999-11-01,22,JO5Z,35.3
199912,1999-12-01,22,JO5Z,31.1
200001,2000-01-01,22,JO5Z,37.3
200002,2000-02-01,22,JO5Z,35.2
200003,2000-03-01,22,JO5Z,34.5
200004,2000-04-01,22,JO5Z,32.2
200005,2000-05-01,22,JO5Z,32.3
200006,2000-06-01,22,JO5Z,34.4
200007,2000-07-01,22,JO5Z,34.3
200008,2000-08-01,22,JO5Z,37.0
200009,2000-09-01,22,JO5Z,36.6
200010,2000-10-01,22,JO5Z,35.8
200011,2000-11-01,22,JO5Z,36.1
200012,2000-12-01,22,JO5Z,36.9
200101,2001-01-01,22,JO5Z,36.6
200102,2001-02-01,22,JO5Z,34.7
200103,2001-03-01,22,JO5Z,36.0
200104,2001-04-01,22,JO5Z,36.1
200105,2001-05-01,22,JO5Z,36.0
200106,2001-06-01,22,JO5Z,35.8
200107,2001-07-01,22,JO5Z,33.6
200108,2001-08-01,22,JO5Z,33.1
200109,2001-09-01,22,JO5Z,34.4
200110,2001-10-01,22,JO5Z,36.8
200111,2001-11-01,22,JO5Z,38.2
200112,2001-12-01,22,JO5Z,40.8
200201,2002-01-01,22,JO5Z,43.3
200202,2002-02-01,22,JO5Z,44.6
200203,2002-03-01,22,JO5Z,46.1
200204,2002-04-01,22,JO5Z,45.5
200205,2002-05-01,22,JO5Z,46.1
200206,2002-06-01,22,JO5Z,43.9
200207,2002-07-01,22,JO5Z,46.0
200208,2002-08-01,22,JO5Z,43.7
200209,2002-09-01,22,JO5Z,42.9
200210,2002-10-01,22,JO5Z,41.0
200211,2002-11-01,22,JO5Z,40.0
200212,2002-12-01,22,JO5Z,39.1
200301,2003-01-01,22,JO5Z,35.7
200302,2003-02-01,22,JO5Z,37.9
200303,2003-03-01,22,JO5Z,37.7
200304,2003-04-01,22,JO5Z,37.8
200305,2003-05-01,22,JO5Z,39.7
200306,2003-06-01,22,JO5Z,41.3
200307,2003-07-01,22,JO5Z,42.0
200308,2003-08-01,22,JO5Z,44.0
200309,2003-09-01,22,JO5Z,45.1
200310,2003-10-01,22,JO5Z,44.1
200311,2003-11-01,22,JO5Z,46.2
200312,2003-12-01,22,JO5Z,50.9
200401,2004-01-01,22,JO5Z,58.9
200402,2004-02-01,22,JO5Z,54.0
200403,2004-03-01,22,JO5Z,53.4
200404,2004-04-01,22,JO5Z,54.0
200405,2004-05-01,22,JO5Z,53.7
200406,2004-06-01,22,JO5Z,57.5
200407,2004-07-01,22,JO5Z,61.0
200408,2004-08-01,22,JO5Z,54.1
200409,2004-09-01,22,JO5Z,57.3
200410,2004-10-01,22,JO5Z,57.9
200411,2004-11-01,22,JO5Z,56.7
200412,2004-12-01,22,JO5Z,56.1
200501,2005-01-01,22,JO5Z,58.4
200502,2005-02-01,22,JO5Z,58.6
200503,2005-03-01,22,JO5Z,61.0
200504,2005-04-01,22,JO5Z,61.9
200505,2005-05-01,22,JO5Z,60.7
200506,2005-06-01,22,JO5Z,61.2
200507,2005-07-01,22,JO5Z,63.0
200508,2005-08-01,22,JO5Z,61.9
200509,2005-09-01,22,JO5Z,64.6
200510,2005-10-01,22,JO5Z,64.1
200511,2005-11-01,22,JO5Z,64.8
200512,2005-12-01,22,JO5Z,60.9
200601,2006-01-01,22,JO5Z,59.9
200602,2006-02-01,22,JO5Z,58.1
200603,2006-03-01,22,JO5Z,56.7
200604,2006-04-01,22,JO5Z,57.5
200605,2006-05-01,22,JO5Z,58.5
200606,2006-06-01,22,JO5Z,58.3
200607,2006-07-01,22,JO5Z,58.9
200608,2006-08-01,22,JO5Z,59.1
200609,2006-09-01,22,JO5Z,57.0
200610,2006-10-01,22,JO5Z,58.6
200611,2006-11-01,22,JO5Z,58.2
200612,2006-12-01,22,JO5Z,57.9
200701,2007-01-01,22,JO5Z,55.8
200702,2007-02-01,22,JO5Z,56.1
200703,2007-03-01,22,JO5Z,57.4
200704,2007-04-01,22,JO5Z,51.9
200705,2007-05-01,22,JO5Z,61.4
200706,2007-06-01,22,JO5Z,60.9
200707,2007-07-01,22,JO5Z,58.8
200708,2007-08-01,22,JO5Z,59.6
200709,2007-09-01,22,JO5Z,60.5
200710,2007-10-01,22,JO5Z,57.4
200711,2007-11-01,22,JO5Z,59.8
200712,2007-12-01,22,JO5Z,59.0
200801,2008-01-01,22,JO5Z,58.7
200802,2008-02-01,22,JO5Z,61.1
200803,2008-03-01,22,JO5Z,59.8
200804,2008-04-01,22,JO5Z,61.7
200805,2008-05-01,22,JO5Z,60.7
200806,2008-06-01,22,JO5Z,58.5
200807,2008-07-01,22,JO5Z,61.6
200808,2008-08-01,22,JO5Z,60.9
200809,2008-09-01,22,JO5Z,60.6
200810,2008-10-01,22,JO5Z,61.7
200811,2008-11-01,22,JO5Z,60.0
200812,2008-12-01,22,JO5Z,63.9
200901,2009-01-01,22,JO5Z,62.1
200902,2009-02-01,22,JO5Z,59.9
200903,2009-03-01,22,JO5Z,64.1
200904,2009-04-01,22,JO5Z,61.6
200905,2009-05-01,22,JO5Z,61.7
200906,2009-06-01,22,JO5Z,59.9
200907,2009-07-01,22,JO5Z,66.4
200908,2009-08-01,22,JO5Z,58.5
200909,2009-09-01,22,JO5Z,54.9
200910,2009-10-01,22,JO5Z,54.8
200911,2009-11-01,22,JO5Z,52.6
200912,2009-12-01,22,JO5Z,49.1
201001,2010-01-01,22,JO5Z,46.1
201002,2010-02-01,22,JO5Z,51.9
201003,2010-03-01,22,JO5Z,52.6
201004,2010-04-01,22,JO5Z,51.5
201005,2010-05-01,22,JO5Z,55.5
201006,2010-06-01,22,JO5Z,58.6
201007,2010-07-01,22,JO5Z,57.0
201008,2010-08-01,22,JO5Z,65.6
201009,2010-09-01,22,JO5Z,58.1
201010,2010-10-01,22,JO5Z,57.6
201011,2010-11-01,22,JO5Z,57.1
201012,2010-12-01,22,JO5Z,63.9
201101,2011-01-01,22,JO5Z,63.3
201102,2011-02-01,22,JO5Z,65.5
201103,2011-03-01,22,JO5Z,62.1
201104,2011-04-01,22,JO5Z,53.8
201105,2011-05-01,22,JO5Z,61.1
201106,2011-06-01,22,JO5Z,61.8
201107,2011-07-01,22,JO5Z,56.1
201108,2011-08-01,22,JO5Z,58.0
201109,2011-09-01,22,JO5Z,56.6
201110,2011-10-01,22,JO5Z,59.7
201111,2011-11-01,22,JO5Z,63.0
201112,2011-12-01,22,JO5Z,61.2
201201,2012-01-01,22,JO5Z,61.0
201202,2012-02-01,22,JO5Z,53.1
201203,2012-03-01,22,JO5Z,55.4
201204,2012-04-01,22,JO5Z,60.2
201205,2012-05-01,22,JO5Z,56.1
201206,2012-06-01,22,JO5Z,58.6
201207,2012-07-01,22,JO5Z,62.4
201208,2012-08-01,22,JO5Z,59.7
201209,2012-09-01,22,JO5Z,64.0
201210,2012-10-01,22,JO5Z,59.0
201211,2012-11-01,22,JO5Z,60.2
201212,2012-12-01,22,JO5Z,60.7
201301,2013-01-01,22,JO5Z,63.0
201302,2013-02-01,22,JO5Z,63.7
201303,2013-03-01,22,JO5Z,66.6
201304,2013-04-01,22,JO5Z,66.0
201305,2013-05-01,22,JO5Z,67.2
201306,2013-06-01,22,JO5Z,65.6
201307,2013-07-01,22,JO5Z,65.7
201308,2013-08-01,22,JO5Z,66.5
201309,2013-09-01,22,JO5Z,68.2
201310,2013-10-01,22,JO5Z,67.1
201311,2013-11-01,22,JO5Z,71.0
201312,2013-12-01,22,JO5Z,73.7
201401,2014-01-01,22,JO5Z,71.2
201402,2014-02-01,22,JO5Z,74.5
201403,2014-03-01,22,JO5Z,72.9
201404,2014-04-01,22,JO5Z,72.5
201405,2014-05-01,22,JO5Z,74.9
201406,2014-06-01,22,JO5Z,74.5
201407,2014-07-01,22,JO5Z,73.5
201408,2014-08-01,22,JO5Z,76.0
201409,2014-09-01,22,JO5Z,87.2
201410,2014-10-01,22,JO5Z,85.8
201411,2014-11-01,22,JO5Z,82.2
201412,2014-12-01,22,JO5Z,83.8
201501,2015-01-01,22,JO5Z,87.5
201502,2015-02-01,22,JO5Z,87.4
201503,2015-03-01,22,JO5Z,80.5
201504,2015-04-01,22,JO5Z,85.6
201505,2015-05-01,22,JO5Z,93.4
201506,2015-06-01,22,JO5Z,89.2
201507,2015-07-01,22,JO5Z,100.3
201508,2015-08-01,22,JO5Z,102.8
201509,2015-09-01,22,JO5Z,113.3
201510,2015-10-01,22,JO5Z,104.4
201511,2015-11-01,22,JO5Z,103.9
201512,2015-12-01,22,JO5Z,102.6
201601,2016-01-01,22,JO5Z,106.8
201602,2016-02-01,22,JO5Z,105.7
201603,2016-03-01,22,JO5Z,114.1
201604,2016-04-01,22,JO5Z,118.9
201605,2016-05-01,22,JO5Z,116.0
201606,2016-06-01,22,JO5Z,116.9
201607,2016-07-01,22,JO5Z,113.2
201608,2016-08-01,22,JO5Z,109.8
201609,2016-09-01,22,JO5Z,117.2
201610,2016-10-01,22,JO5Z,126.4
201611,2016-11-01,22,JO5Z,110.1
201612,2016-12-01,22,JO5Z,107.1
201701,2017-01-01,22,JO5Z,94.9
201702,2017-02-01,22,JO5Z,97.0
201703,2017-03-01,22,JO5Z,101.9
201704,2017-04-01,22,JO5Z,105.6
201705,2017-05-01,22,JO5Z,97.2
201706,2017-06-01,22,JO5Z,104.0
201707,2017-07-01,22,JO5Z,109.5
201708,2017-08-01,22,JO5Z,106.7
201709,2017-09-01,22,JO5Z,98.5
201710,2017-10-01,22,JO5Z,99.7
201711,2017-11-01,22,JO5Z,113.1
201712,2017-12-01,22,JO5Z,104.2
201801,2018-01-01,22,JO5Z,105.8
201802,2018-02-01,22,JO5Z,102.7
201803,2018-03-01,22,JO5Z,101.6
201804,2018-04-01,22,JO5Z,91.5
201805,2018-05-01,22,JO5Z,95.6
201806,2018-06-01,22,JO5Z,99.7
201807,2018-07-01,22,JO5Z,91.0
201808,2018-08-01,22,JO5Z,105.9
201809,2018-09-01,22,JO5Z,94.9
201810,2018-10-01,22,JO5Z,103.1
201811,2018-11-01,22,JO5Z,101.6
201812,2018-12-01,22,JO5Z,98.7
201901,2019-01-01,22,JO5Z,100.1
201902,2019-02-01,22,JO5Z,101.0
201903,2019-03-01,22,JO5Z,93.8
201904,2019-04-01,22,JO5Z,116.0
201905,2019-05-01,22,JO5Z,107.7
201906,2019-06-01,22,JO5Z,102.1
201907,2019-07-01,22,JO5Z,110.3
201908,2019-08-01,22,JO5Z,105.4
201909,2019-09-01,22,JO5Z,108.3
201910,2019-10-01,22,JO5Z,104.7
201911,2019-11-01,22,JO5Z,94.4
201912,2019-12-01,22,JO5Z,105.8
202001,2020-01-01,22,JO5Z,96.6
202002,2020-02-01,22,JO5Z,101.6
202003,2020-03-01,22,JO5Z,76.8
202004,2020-04-01,22,JO5Z,38.3
202005,2020-05-01,22,JO5Z,40.0
202006,2020-06-01,22,JO5Z,50.9
202007,2020-07-01,22,JO5Z,72.8
202008,2020-08-01,22,JO5Z,78.2
202009,2020-09-01,22,JO5Z,66.2
202010,2020-10-01,22,JO5Z,66.0
202011,2020-11-01,22,JO5Z,82.2
202012,2020-12-01,22,JO5Z,87.1
202101,2021-01-01,22,JO5Z,58.8
202102,2021-02-01,22,JO5Z,50.9
202103,2021-03-01,22,JO5Z,43.4
202104,2021-04-01,22,JO5Z,44.6
202105,2021-05-01,22,JO5Z,91.8
202106,2021-06-01,22,JO5Z,104.3
202107,2021-07-01,22,JO5Z,91.1
202108,2021-08-01,22,JO5Z,95.7
202109,2021-09-01,22,JO5Z,95.4
202110,2021-10-01,22,JO5Z,86.0
202111,2021-11-01,22,JO5Z,99.0
202112,2021-12-01,22,JO5Z,101.6
202201,2022-01-01,22,JO5Z,103.5
202202,2022-02-01,22,JO5Z,101.0
202203,2022-03-01,22,JO5Z,96.1
202204,2022-04-01,22,JO5Z,103.0
202205,2022-05-01,22,JO5Z,100.2
202206,2022-06-01,22,JO5Z,90.6
202207,2022-07-01,22,JO5Z,102.4
202208,2022-08-01,22,JO5Z,100.1
202209,2022-09-01,22,JO5Z,97.5
202210,2022-10-01,22,JO5Z,97.8
202211,2022-11-01,22,JO5Z,87.4
202212,2022-12-01,22,JO5Z,92.3
202301,2023-01-01,22,JO5Z,104.4
202302,2023-02-01,22,JO5Z,96.4
202303,2023-03-01,22,JO5Z,90.6
202304,2023-04-01,22,JO5Z,89.9
202305,2023-05-01,22,JO5Z,93.6
202306,2023-06-01,22,JO5Z,96.4
202307,2023-07-01,22,JO5Z,91.2
202308,2023-08-01,22,JO5Z,92.2
202309,2023-09-01,22,JO5Z,90.8
202310,2023-10-01,22,JO5Z,86.2
202311,2023-11-01,22,JO5Z,136.5
202312,2023-12-01,22,JO5Z,129.7
202401,2024-01-01,22,JO5Z,134.3
202402,2024-02-01,22,JO5Z,128.2
202403,2024-03-01,22,JO5Z,128.0
202404,2024-04-01,22,JO5Z,127.6
202405,2024-05-01,22,JO5Z,151.0
202406,2024-06-01,22,JO5Z,135.4
202407,2024-07-01,22,JO5Z,140.0
202408,2024-08-01,22,JO5Z,135.3
202409,2024-09-01,22,JO5Z,159.5
202410,2024-10-01,22,JO5Z,147.6
202411,2024-11-01,22,JO5Z,143.6
202412,2024-12-01,22,JO5Z,136.8
202501,2025-01-01,22,JO5Z,138.9
202502,2025-02-01,22,JO5Z,140.8
202503,2025-03-01,22,JO5Z,143.2
202504,2025-04-01,22,JO5Z,136.9
202505,2025-05-01,22,JO5Z,133.4
202506,2025-06-01,22,JO5Z,132.1
202507,2025-07-01,22,JO5Z,130.1
202508,2025-08-01,22,JO5Z,134.8
202509,2025-09-01,22,JO5Z,164.4
202510,2025-10-01,22,JO5Z,160.9
202511,2025-11-01,22,JO5Z,158.0
202512,2025-12-01,22,JO5Z,163.3
202601,2026-01-01,22,JO5Z,162.7
202602,2026-02-01,22,JO5Z,159.4
202603,2026-03-01,22,JO5Z,189.9
202604,2026-04-01,22,JO5Z,189.4
202605,2026-05-01,22,JO5Z,195.5
202606,2026-06-01,22,JO5Z,198.3
198801,1988-01-01,23,JO5E,199.4
198802,1988-02-01,23,JO5E,196.9
198803,1988-03-01,23,JO5E,194.8
198804,1988-04-01,23,JO5E,205.2
198805,1988-05-01,23,JO5E,207.2
198806,1988-06-01,23,JO5E,210.5
198807,1988-07-01,23,JO5E,220.5
198808,1988-08-01,23,JO5E,210.2
198809,1988-09-01,23,JO5E,208.1
198810,1988-10-01,23,JO5E,211.2
198811,1988-11-01,23,JO5E,216.6
198812,1988-12-01,23,JO5E,236.6
198901,1989-01-01,23,JO5E,219.4
198902,1989-02-01,23,JO5E,209.9
198903,1989-03-01,23,JO5E,208.3
198904,1989-04-01,23,JO5E,213.0
198905,1989-05-01,23,JO5E,207.9
198906,1989-06-01,23,JO5E,194.9
198907,1989-07-01,23,JO5E,199.9
198908,1989-08-01,23,JO5E,199.1
198909,1989-09-01,23,JO5E,204.5
198910,1989-10-01,23,JO5E,205.6
198911,1989-11-01,23,JO5E,206.7
198912,1989-12-01,23,JO5E,210.2
199001,1990-01-01,23,JO5E,226.1
199002,1990-02-01,23,JO5E,207.4
199003,1990-03-01,23,JO5E,200.6
199004,1990-04-01,23,JO5E,199.4
199005,1990-05-01,23,JO5E,196.5
199006,1990-06-01,23,JO5E,198.9
199007,1990-07-01,23,JO5E,199.0
199008,1990-08-01,23,JO5E,191.7
199009,1990-09-01,23,JO5E,192.2
199010,1990-10-01,23,JO5E,194.3
199011,1990-11-01,23,JO5E,183.5
199012,1990-12-01,23,JO5E,180.4
199101,1991-01-01,23,JO5E,189.4
199102,1991-02-01,23,JO5E,182.9
199103,1991-03-01,23,JO5E,207.7
199104,1991-04-01,23,JO5E,180.0
199105,1991-05-01,23,JO5E,182.6
199106,1991-06-01,23,JO5E,187.1
199107,1991-07-01,23,JO5E,179.9
199108,1991-08-01,23,JO5E,183.1
199109,1991-09-01,23,JO5E,175.1
199110,1991-10-01,23,JO5E,172.3
199111,1991-11-01,23,JO5E,168.6
199112,1991-12-01,23,JO5E,181.2
199201,1992-01-01,23,JO5E,177.8
199202,1992-02-01,23,JO5E,184.3
199203,1992-03-01,23,JO5E,182.1
199204,1992-04-01,23,JO5E,196.9
199205,1992-05-01,23,JO5E,175.3
199206,1992-06-01,23,JO5E,179.6
199207,1992-07-01,23,JO5E,177.9
199208,1992-08-01,23,JO5E,182.3
199209,1992-09-01,23,JO5E,180.3
199210,1992-10-01,23,JO5E,183.9
199211,1992-11-01,23,JO5E,191.9
199212,1992-12-01,23,JO5E,180.6
199301,1993-01-01,23,JO5E,172.5
199302,1993-02-01,23,JO5E,182.6
199303,1993-03-01,23,JO5E,194.3
199304,1993-04-01,23,JO5E,206.3
199305,1993-05-01,23,JO5E,188.3
199306,1993-06-01,23,JO5E,181.6
199307,1993-07-01,23,JO5E,189.0
199308,1993-08-01,23,JO5E,191.9
199309,1993-09-01,23,JO5E,197.2
199310,1993-10-01,23,JO5E,188.8
199311,1993-11-01,23,JO5E,190.0
199312,1993-12-01,23,JO5E,187.2
199401,1994-01-01,23,JO5E,182.2
199402,1994-02-01,23,JO5E,189.6
199403,1994-03-01,23,JO5E,188.8
199404,1994-04-01,23,JO5E,192.6
199405,1994-05-01,23,JO5E,194.5
199406,1994-06-01,23,JO5E,190.3
199407,1994-07-01,23,JO5E,186.8
199408,1994-08-01,23,JO5E,188.6
199409,1994-09-01,23,JO5E,188.2
199410,1994-10-01,23,JO5E,183.0
199411,1994-11-01,23,JO5E,185.2
199412,1994-12-01,23,JO5E,189.6
199501,1995-01-01,23,JO5E,180.4
199502,1995-02-01,23,JO5E,188.3
199503,1995-03-01,23,JO5E,183.3
199504,1995-04-01,23,JO5E,176.8
199505,1995-05-01,23,JO5E,179.6
199506,1995-06-01,23,JO5E,173.5
199507,1995-07-01,23,JO5E,174.5
199508,1995-08-01,23,JO5E,167.0
199509,1995-09-01,23,JO5E,165.7
199510,1995-10-01,23,JO5E,184.8
199511,1995-11-01,23,JO5E,177.7
199512,1995-12-01,23,JO5E,172.5
199601,1996-01-01,23,JO5E,170.1
199602,1996-02-01,23,JO5E,163.4
199603,1996-03-01,23,JO5E,170.7
199604,1996-04-01,23,JO5E,168.0
199605,1996-05-01,23,JO5E,182.2
199606,1996-06-01,23,JO5E,163.0
199607,1996-07-01,23,JO5E,165.2
199608,1996-08-01,23,JO5E,167.8
199609,1996-09-01,23,JO5E,170.5
199610,1996-10-01,23,JO5E,173.3
199611,1996-11-01,23,JO5E,172.4
199612,1996-12-01,23,JO5E,176.3
199701,1997-01-01,23,JO5E,190.1
199702,1997-02-01,23,JO5E,179.6
199703,1997-03-01,23,JO5E,174.9
199704,1997-04-01,23,JO5E,178.2
199705,1997-05-01,23,JO5E,175.0
199706,1997-06-01,23,JO5E,184.5
199707,1997-07-01,23,JO5E,182.0
199708,1997-08-01,23,JO5E,175.7
199709,1997-09-01,23,JO5E,159.5
199710,1997-10-01,23,JO5E,168.7
199711,1997-11-01,23,JO5E,163.2
199712,1997-12-01,23,JO5E,174.8
199801,1998-01-01,23,JO5E,147.8
199802,1998-02-01,23,JO5E,145.4
199803,1998-03-01,23,JO5E,139.9
199804,1998-04-01,23,JO5E,142.6
199805,1998-05-01,23,JO5E,139.7
199806,1998-06-01,23,JO5E,141.9
199807,1998-07-01,23,JO5E,138.1
199808,1998-08-01,23,JO5E,140.3
199809,1998-09-01,23,JO5E,128.1
199810,1998-10-01,23,JO5E,130.3
199811,1998-11-01,23,JO5E,115.1
199812,1998-12-01,23,JO5E,119.8
199901,1999-01-01,23,JO5E,145.2
199902,1999-02-01,23,JO5E,123.4
199903,1999-03-01,23,JO5E,124.0
199904,1999-04-01,23,JO5E,119.5
199905,1999-05-01,23,JO5E,118.0
199906,1999-06-01,23,JO5E,121.3
199907,1999-07-01,23,JO5E,110.2
199908,1999-08-01,23,JO5E,114.9
199909,1999-09-01,23,JO5E,120.3
199910,1999-10-01,23,JO5E,111.2
199911,1999-11-01,23,JO5E,119.6
199912,1999-12-01,23,JO5E,122.0
200001,2000-01-01,23,JO5E,120.6
200002,2000-02-01,23,JO5E,120.5
200003,2000-03-01,23,JO5E,121.3
200004,2000-04-01,23,JO5E,120.9
200005,2000-05-01,23,JO5E,130.5
200006,2000-06-01,23,JO5E,117.7
200007,2000-07-01,23,JO5E,119.9
200008,2000-08-01,23,JO5E,118.7
200009,2000-09-01,23,JO5E,117.1
200010,2000-10-01,23,JO5E,112.0
200011,2000-11-01,23,JO5E,105.6
200012,2000-12-01,23,JO5E,114.3
200101,2001-01-01,23,JO5E,121.2
200102,2001-02-01,23,JO5E,109.8
200103,2001-03-01,23,JO5E,127.4
200104,2001-04-01,23,JO5E,124.6
200105,2001-05-01,23,JO5E,115.3
200106,2001-06-01,23,JO5E,103.9
200107,2001-07-01,23,JO5E,124.6
200108,2001-08-01,23,JO5E,129.9
200109,2001-09-01,23,JO5E,127.7
200110,2001-10-01,23,JO5E,136.2
200111,2001-11-01,23,JO5E,131.9
200112,2001-12-01,23,JO5E,121.3
200201,2002-01-01,23,JO5E,130.5
200202,2002-02-01,23,JO5E,143.8
200203,2002-03-01,23,JO5E,144.2
200204,2002-04-01,23,JO5E,140.5
200205,2002-05-01,23,JO5E,147.2
200206,2002-06-01,23,JO5E,142.1
200207,2002-07-01,23,JO5E,146.8
200208,2002-08-01,23,JO5E,141.5
200209,2002-09-01,23,JO5E,149.6
200210,2002-10-01,23,JO5E,151.0
200211,2002-11-01,23,JO5E,153.2
200212,2002-12-01,23,JO5E,129.4
200301,2003-01-01,23,JO5E,148.6
200302,2003-02-01,23,JO5E,150.0
200303,2003-03-01,23,JO5E,133.7
200304,2003-04-01,23,JO5E,136.6
200305,2003-05-01,23,JO5E,131.8
200306,2003-06-01,23,JO5E,144.8
200307,2003-07-01,23,JO5E,131.3
200308,2003-08-01,23,JO5E,120.9
200309,2003-09-01,23,JO5E,122.9
200310,2003-10-01,23,JO5E,122.3
200311,2003-11-01,23,JO5E,120.7
200312,2003-12-01,23,JO5E,125.6
200401,2004-01-01,23,JO5E,138.2
200402,2004-02-01,23,JO5E,115.1
200403,2004-03-01,23,JO5E,124.7
200404,2004-04-01,23,JO5E,130.6
200405,2004-05-01,23,JO5E,137.7
200406,2004-06-01,23,JO5E,140.5
200407,2004-07-01,23,JO5E,143.5
200408,2004-08-01,23,JO5E,138.6
200409,2004-09-01,23,JO5E,143.1
200410,2004-10-01,23,JO5E,139.0
200411,2004-11-01,23,JO5E,143.8
200412,2004-12-01,23,JO5E,139.5
200501,2005-01-01,23,JO5E,133.2
200502,2005-02-01,23,JO5E,128.6
200503,2005-03-01,23,JO5E,127.9
200504,2005-04-01,23,JO5E,132.3
200505,2005-05-01,23,JO5E,131.5
200506,2005-06-01,23,JO5E,131.5
200507,2005-07-01,23,JO5E,129.0
200508,2005-08-01,23,JO5E,152.9
200509,2005-09-01,23,JO5E,129.5
200510,2005-10-01,23,JO5E,137.8
200511,2005-11-01,23,JO5E,137.5
200512,2005-12-01,23,JO5E,138.0
200601,2006-01-01,23,JO5E,140.8
200602,2006-02-01,23,JO5E,146.8
200603,2006-03-01,23,JO5E,147.6
200604,2006-04-01,23,JO5E,143.4
200605,2006-05-01,23,JO5E,145.6
200606,2006-06-01,23,JO5E,143.6
200607,2006-07-01,23,JO5E,139.9
200608,2006-08-01,23,JO5E,152.3
200609,2006-09-01,23,JO5E,149.1
200610,2006-10-01,23,JO5E,151.7
200611,2006-11-01,23,JO5E,147.0
200612,2006-12-01,23,JO5E,151.2
200701,2007-01-01,23,JO5E,162.1
200702,2007-02-01,23,JO5E,160.3
200703,2007-03-01,23,JO5E,166.5
200704,2007-04-01,23,JO5E,151.5
200705,2007-05-01,23,JO5E,155.5
200706,2007-06-01,23,JO5E,168.1
200707,2007-07-01,23,JO5E,165.0
200708,2007-08-01,23,JO5E,156.2
200709,2007-09-01,23,JO5E,166.6
200710,2007-10-01,23,JO5E,156.9
200711,2007-11-01,23,JO5E,172.9
200712,2007-12-01,23,JO5E,163.4
200801,2008-01-01,23,JO5E,155.6
200802,2008-02-01,23,JO5E,157.7
200803,2008-03-01,23,JO5E,175.7
200804,2008-04-01,23,JO5E,165.3
200805,2008-05-01,23,JO5E,139.4
200806,2008-06-01,23,JO5E,139.7
200807,2008-07-01,23,JO5E,137.3
200808,2008-08-01,23,JO5E,144.9
200809,2008-09-01,23,JO5E,125.6
200810,2008-10-01,23,JO5E,119.2
200811,2008-11-01,23,JO5E,123.2
200812,2008-12-01,23,JO5E,110.9
200901,2009-01-01,23,JO5E,115.0
200902,2009-02-01,23,JO5E,113.7
200903,2009-03-01,23,JO5E,142.7
200904,2009-04-01,23,JO5E,142.1
200905,2009-05-01,23,JO5E,148.8
200906,2009-06-01,23,JO5E,141.5
200907,2009-07-01,23,JO5E,154.6
200908,2009-08-01,23,JO5E,156.0
200909,2009-09-01,23,JO5E,146.8
200910,2009-10-01,23,JO5E,155.7
200911,2009-11-01,23,JO5E,134.4
200912,2009-12-01,23,JO5E,141.8
201001,2010-01-01,23,JO5E,119.6
201002,2010-02-01,23,JO5E,122.9
201003,2010-03-01,23,JO5E,119.5
201004,2010-04-01,23,JO5E,117.9
201005,2010-05-01,23,JO5E,119.1
201006,2010-06-01,23,JO5E,116.8
201007,2010-07-01,23,JO5E,108.6
201008,2010-08-01,23,JO5E,111.1
201009,2010-09-01,23,JO5E,106.2
201010,2010-10-01,23,JO5E,102.2
201011,2010-11-01,23,JO5E,110.3
201012,2010-12-01,23,JO5E,99.4
201101,2011-01-01,23,JO5E,102.5
201102,2011-02-01,23,JO5E,84.7
201103,2011-03-01,23,JO5E,84.1
201104,2011-04-01,23,JO5E,81.7
201105,2011-05-01,23,JO5E,77.7
201106,2011-06-01,23,JO5E,83.5
201107,2011-07-01,23,JO5E,81.9
201108,2011-08-01,23,JO5E,77.4
201109,2011-09-01,23,JO5E,84.4
201110,2011-10-01,23,JO5E,82.9
201111,2011-11-01,23,JO5E,74.6
201112,2011-12-01,23,JO5E,88.7
201201,2012-01-01,23,JO5E,106.1
201202,2012-02-01,23,JO5E,100.5
201203,2012-03-01,23,JO5E,105.0
201204,2012-04-01,23,JO5E,104.9
201205,2012-05-01,23,JO5E,106.4
201206,2012-06-01,23,JO5E,99.0
201207,2012-07-01,23,JO5E,98.6
201208,2012-08-01,23,JO5E,98.7
201209,2012-09-01,23,JO5E,102.8
201210,2012-10-01,23,JO5E,103.0
201211,2012-11-01,23,JO5E,101.9
201212,2012-12-01,23,JO5E,106.4
201301,2013-01-01,23,JO5E,110.3
201302,2013-02-01,23,JO5E,120.9
201303,2013-03-01,23,JO5E,119.6
201304,2013-04-01,23,JO5E,124.9
201305,2013-05-01,23,JO5E,113.6
201306,2013-06-01,23,JO5E,118.0
201307,2013-07-01,23,JO5E,116.8
201308,2013-08-01,23,JO5E,112.6
201309,2013-09-01,23,JO5E,111.4
201310,2013-10-01,23,JO5E,118.0
201311,2013-11-01,23,JO5E,114.5
201312,2013-12-01,23,JO5E,114.4
201401,2014-01-01,23,JO5E,108.0
201402,2014-02-01,23,JO5E,112.2
201403,2014-03-01,23,JO5E,108.8
201404,2014-04-01,23,JO5E,103.9
201405,2014-05-01,23,JO5E,106.3
201406,2014-06-01,23,JO5E,117.6
201407,2014-07-01,23,JO5E,108.0
201408,2014-08-01,23,JO5E,109.3
201409,2014-09-01,23,JO5E,112.1
201410,2014-10-01,23,JO5E,107.8
201411,2014-11-01,23,JO5E,112.8
201412,2014-12-01,23,JO5E,110.2
201501,2015-01-01,23,JO5E,83.1
201502,2015-02-01,23,JO5E,73.5
201503,2015-03-01,23,JO5E,78.6
201504,2015-04-01,23,JO5E,81.8
201505,2015-05-01,23,JO5E,86.3
201506,2015-06-01,23,JO5E,88.0
201507,2015-07-01,23,JO5E,79.2
201508,2015-08-01,23,JO5E,84.6
201509,2015-09-01,23,JO5E,81.1
201510,2015-10-01,23,JO5E,78.5
201511,2015-11-01,23,JO5E,75.8
201512,2015-12-01,23,JO5E,80.1
201601,2016-01-01,23,JO5E,76.1
201602,2016-02-01,23,JO5E,77.2
201603,2016-03-01,23,JO5E,69.7
201604,2016-04-01,23,JO5E,82.5
201605,2016-05-01,23,JO5E,68.3
201606,2016-06-01,23,JO5E,65.9
201607,2016-07-01,23,JO5E,75.4
201608,2016-08-01,23,JO5E,72.4
201609,2016-09-01,23,JO5E,72.9
201610,2016-10-01,23,JO5E,73.4
201611,2016-11-01,23,JO5E,78.3
201612,2016-12-01,23,JO5E,74.4
201701,2017-01-01,23,JO5E,74.5
201702,2017-02-01,23,JO5E,84.5
201703,2017-03-01,23,JO5E,87.1
201704,2017-04-01,23,JO5E,78.2
201705,2017-05-01,23,JO5E,87.2
201706,2017-06-01,23,JO5E,82.3
201707,2017-07-01,23,JO5E,87.6
201708,2017-08-01,23,JO5E,91.0
201709,2017-09-01,23,JO5E,76.7
201710,2017-10-01,23,JO5E,94.0
201711,2017-11-01,23,JO5E,82.5
201712,2017-12-01,23,JO5E,85.3
201801,2018-01-01,23,JO5E,88.3
201802,2018-02-01,23,JO5E,83.3
201803,2018-03-01,23,JO5E,84.6
201804,2018-04-01,23,JO5E,85.9
201805,2018-05-01,23,JO5E,88.3
201806,2018-06-01,23,JO5E,94.5
201807,2018-07-01,23,JO5E,86.2
201808,2018-08-01,23,JO5E,89.1
201809,2018-09-01,23,JO5E,92.7
201810,2018-10-01,23,JO5E,72.7
201811,2018-11-01,23,JO5E,75.1
201812,2018-12-01,23,JO5E,72.6
201901,2019-01-01,23,JO5E,73.9
201902,2019-02-01,23,JO5E,67.3
201903,2019-03-01,23,JO5E,71.4
201904,2019-04-01,23,JO5E,75.7
201905,2019-05-01,23,JO5E,67.8
201906,2019-06-01,23,JO5E,72.3
201907,2019-07-01,23,JO5E,69.9
201908,2019-08-01,23,JO5E,62.5
201909,2019-09-01,23,JO5E,66.5
201910,2019-10-01,23,JO5E,70.9
201911,2019-11-01,23,JO5E,69.6
201912,2019-12-01,23,JO5E,75.1
202001,2020-01-01,23,JO5E,60.0
202002,2020-02-01,23,JO5E,67.4
202003,2020-03-01,23,JO5E,54.3
202004,2020-04-01,23,JO5E,16.1
202005,2020-05-01,23,JO5E,20.2
202006,2020-06-01,23,JO5E,60.0
202007,2020-07-01,23,JO5E,109.0
202008,2020-08-01,23,JO5E,71.0
202009,2020-09-01,23,JO5E,93.4
202010,2020-10-01,23,JO5E,89.5
202011,2020-11-01,23,JO5E,22.4
202012,2020-12-01,23,JO5E,53.3
202101,2021-01-01,23,JO5E,22.3
202102,2021-02-01,23,JO5E,22.8
202103,2021-03-01,23,JO5E,50.0
202104,2021-04-01,23,JO5E,96.7
202105,2021-05-01,23,JO5E,109.2
202106,2021-06-01,23,JO5E,102.2
202107,2021-07-01,23,JO5E,92.9
202108,2021-08-01,23,JO5E,99.6
202109,2021-09-01,23,JO5E,96.0
202110,2021-10-01,23,JO5E,101.2
202111,2021-11-01,23,JO5E,105.0
202112,2021-12-01,23,JO5E,104.5
202201,2022-01-01,23,JO5E,125.1
202202,2022-02-01,23,JO5E,111.2
202203,2022-03-01,23,JO5E,114.2
202204,2022-04-01,23,JO5E,112.4
202205,2022-05-01,23,JO5E,107.2
202206,2022-06-01,23,JO5E,106.2
202207,2022-07-01,23,JO5E,103.5
202208,2022-08-01,23,JO5E,106.8
202209,2022-09-01,23,JO5E,102.4
202210,2022-10-01,23,JO5E,101.2
202211,2022-11-01,23,JO5E,103.8
202212,2022-12-01,23,JO5E,100.5
202301,2023-01-01,23,JO5E,100.2
202302,2023-02-01,23,JO5E,96.8
202303,2023-03-01,23,JO5E,97.8
202304,2023-04-01,23,JO5E,101.0
202305,2023-05-01,23,JO5E,99.7
202306,2023-06-01,23,JO5E,98.5
202307,2023-07-01,23,JO5E,105.1
202308,2023-08-01,23,JO5E,103.2
202309,2023-09-01,23,JO5E,102.6
202310,2023-10-01,23,JO5E,96.6
202311,2023-11-01,23,JO5E,102.5
202312,2023-12-01,23,JO5E,96.9
202401,2024-01-01,23,JO5E,102.7
202402,2024-02-01,23,JO5E,95.9
202403,2024-03-01,23,JO5E,100.0
202404,2024-04-01,23,JO5E,100.2
202405,2024-05-01,23,JO5E,98.8
202406,2024-06-01,23,JO5E,102.3
202407,2024-07-01,23,JO5E,106.2
202408,2024-08-01,23,JO5E,104.9
202409,2024-09-01,23,JO5E,109.0
202410,2024-10-01,23,JO5E,112.0
202411,2024-11-01,23,JO5E,108.6
202412,2024-12-01,23,JO5E,108.2
202501,2025-01-01,23,JO5E,108.8
202502,2025-02-01,23,JO5E,112.0
202503,2025-03-01,23,JO5E,111.4
202504,2025-04-01,23,JO5E,105.4
202505,2025-05-01,23,JO5E,107.0
202506,2025-06-01,23,JO5E,102.9
202507,2025-07-01,23,JO5E,96.2
202508,2025-08-01,23,JO5E,94.9
202509,2025-09-01,23,JO5E,87.0
202510,2025-10-01,23,JO5E,93.3
202511,2025-11-01,23,JO5E,91.3
202512,2025-12-01,23,JO5E,94.7
202601,2026-01-01,23,JO5E,96.0
202602,2026-02-01,23,JO5E,100.5
202603,2026-03-01,23,JO5E,98.7
202604,2026-04-01,23,JO5E,102.1
202605,2026-05-01,23,JO5E,99.8
202606,2026-06-01,23,JO5E,103.2
198801,1988-01-01,24,JO64,284.5
198802,1988-02-01,24,JO64,280.9
198803,1988-03-01,24,JO64,286.0
198804,1988-04-01,24,JO64,288.8
198805,1988-05-01,24,JO64,286.4
198806,1988-06-01,24,JO64,296.0
198807,1988-07-01,24,JO64,291.0
198808,1988-08-01,24,JO64,293.7
198809,1988-09-01,24,JO64,292.9
198810,1988-10-01,24,JO64,289.9
198811,1988-11-01,24,JO64,297.9
198812,1988-12-01,24,JO64,270.3
198901,1989-01-01,24,JO64,301.2
198902,1989-02-01,24,JO64,305.1
198903,1989-03-01,24,JO64,299.3
198904,1989-04-01,24,JO64,300.1
198905,1989-05-01,24,JO64,306.0
198906,1989-06-01,24,JO64,306.7
198907,1989-07-01,24,JO64,303.2
198908,1989-08-01,24,JO64,308.7
198909,1989-09-01,24,JO64,304.8
198910,1989-10-01,24,JO64,306.1
198911,1989-11-01,24,JO64,295.6
198912,1989-12-01,24,JO64,265.6
199001,1990-01-01,24,JO64,308.8
199002,1990-02-01,24,JO64,318.6
199003,1990-03-01,24,JO64,309.7
199004,1990-04-01,24,JO64,317.2
199005,1990-05-01,24,JO64,330.5
199006,1990-06-01,24,JO64,313.8
199007,1990-07-01,24,JO64,321.2
199008,1990-08-01,24,JO64,319.7
199009,1990-09-01,24,JO64,315.4
199010,1990-10-01,24,JO64,322.8
199011,1990-11-01,24,JO64,300.0
199012,1990-12-01,24,JO64,255.6
199101,1991-01-01,24,JO64,301.0
199102,1991-02-01,24,JO64,287.9
199103,1991-03-01,24,JO64,315.2
199104,1991-04-01,24,JO64,296.4
199105,1991-05-01,24,JO64,294.4
199106,1991-06-01,24,JO64,290.9
199107,1991-07-01,24,JO64,302.9
199108,1991-08-01,24,JO64,281.7
199109,1991-09-01,24,JO64,295.9
199110,1991-10-01,24,JO64,308.0
199111,1991-11-01,24,JO64,299.7
199112,1991-12-01,24,JO64,301.6
199201,1992-01-01,24,JO64,294.8
199202,1992-02-01,24,JO64,291.5
199203,1992-03-01,24,JO64,295.7
199204,1992-04-01,24,JO64,289.6
199205,1992-05-01,24,JO64,291.1
199206,1992-06-01,24,JO64,289.1
199207,1992-07-01,24,JO64,289.9
199208,1992-08-01,24,JO64,286.0
199209,1992-09-01,24,JO64,288.9
199210,1992-10-01,24,JO64,290.8
199211,1992-11-01,24,JO64,299.0
199212,1992-12-01,24,JO64,318.9
199301,1993-01-01,24,JO64,293.4
199302,1993-02-01,24,JO64,301.3
199303,1993-03-01,24,JO64,295.9
199304,1993-04-01,24,JO64,299.0
199305,1993-05-01,24,JO64,287.1
199306,1993-06-01,24,JO64,303.6
199307,1993-07-01,24,JO64,300.9
199308,1993-08-01,24,JO64,297.4
199309,1993-09-01,24,JO64,296.4
199310,1993-10-01,24,JO64,291.6
199311,1993-11-01,24,JO64,297.1
199312,1993-12-01,24,JO64,305.8
199401,1994-01-01,24,JO64,298.3
199402,1994-02-01,24,JO64,295.1
199403,1994-03-01,24,JO64,300.4
199404,1994-04-01,24,JO64,289.8
199405,1994-05-01,24,JO64,296.6
199406,1994-06-01,24,JO64,299.4
199407,1994-07-01,24,JO64,293.5
199408,1994-08-01,24,JO64,301.3
199409,1994-09-01,24,JO64,298.4
199410,1994-10-01,24,JO64,293.7
199411,1994-11-01,24,JO64,293.0
199412,1994-12-01,24,JO64,288.9
199501,1995-01-01,24,JO64,289.1
199502,1995-02-01,24,JO64,294.7
199503,1995-03-01,24,JO64,281.3
199504,1995-04-01,24,JO64,285.7
199505,1995-05-01,24,JO64,288.3
199506,1995-06-01,24,JO64,281.6
199507,1995-07-01,24,JO64,282.1
199508,1995-08-01,24,JO64,288.1
199509,1995-09-01,24,JO64,287.7
199510,1995-10-01,24,JO64,294.6
199511,1995-11-01,24,JO64,281.7
199512,1995-12-01,24,JO64,277.8
199601,1996-01-01,24,JO64,279.5
199602,1996-02-01,24,JO64,272.8
199603,1996-03-01,24,JO64,287.3
199604,1996-04-01,24,JO64,280.1
199605,1996-05-01,24,JO64,278.8
199606,1996-06-01,24,JO64,281.0
199607,1996-07-01,24,JO64,279.6
199608,1996-08-01,24,JO64,282.2
199609,1996-09-01,24,JO64,291.3
199610,1996-10-01,24,JO64,295.6
199611,1996-11-01,24,JO64,296.2
199612,1996-12-01,24,JO64,293.6
199701,1997-01-01,24,JO64,284.3
199702,1997-02-01,24,JO64,287.6
199703,1997-03-01,24,JO64,290.1
199704,1997-04-01,24,JO64,283.2
199705,1997-05-01,24,JO64,285.0
199706,1997-06-01,24,JO64,291.0
199707,1997-07-01,24,JO64,289.6
199708,1997-08-01,24,JO64,283.0
199709,1997-09-01,24,JO64,288.5
199710,1997-10-01,24,JO64,293.5
199711,1997-11-01,24,JO64,293.0
199712,1997-12-01,24,JO64,292.6
199801,1998-01-01,24,JO64,296.3
199802,1998-02-01,24,JO64,300.7
199803,1998-03-01,24,JO64,305.8
199804,1998-04-01,24,JO64,306.7
199805,1998-05-01,24,JO64,303.0
199806,1998-06-01,24,JO64,300.1
199807,1998-07-01,24,JO64,303.5
199808,1998-08-01,24,JO64,299.0
199809,1998-09-01,24,JO64,296.2
199810,1998-10-01,24,JO64,296.2
199811,1998-11-01,24,JO64,297.9
199812,1998-12-01,24,JO64,297.7
199901,1999-01-01,24,JO64,291.8
199902,1999-02-01,24,JO64,294.7
199903,1999-03-01,24,JO64,292.8
199904,1999-04-01,24,JO64,292.5
199905,1999-05-01,24,JO64,292.7
199906,1999-06-01,24,JO64,302.4
199907,1999-07-01,24,JO64,293.6
199908,1999-08-01,24,JO64,302.8
199909,1999-09-01,24,JO64,298.3
199910,1999-10-01,24,JO64,295.7
199911,1999-11-01,24,JO64,292.1
199912,1999-12-01,24,JO64,275.0
200001,2000-01-01,24,JO64,294.8
200002,2000-02-01,24,JO64,292.8
200003,2000-03-01,24,JO64,286.9
200004,2000-04-01,24,JO64,292.5
200005,2000-05-01,24,JO64,297.9
200006,2000-06-01,24,JO64,286.7
200007,2000-07-01,24,JO64,294.5
200008,2000-08-01,24,JO64,294.2
200009,2000-09-01,24,JO64,280.4
200010,2000-10-01,24,JO64,279.2
200011,2000-11-01,24,JO64,274.2
200012,2000-12-01,24,JO64,270.5
200101,2001-01-01,24,JO64,284.5
200102,2001-02-01,24,JO64,294.3
200103,2001-03-01,24,JO64,271.0
200104,2001-04-01,24,JO64,278.9
200105,2001-05-01,24,JO64,277.3
200106,2001-06-01,24,JO64,266.9
200107,2001-07-01,24,JO64,287.9
200108,2001-08-01,24,JO64,288.2
200109,2001-09-01,24,JO64,290.5
200110,2001-10-01,24,JO64,285.0
200111,2001-11-01,24,JO64,284.3
200112,2001-12-01,24,JO64,274.3
200201,2002-01-01,24,JO64,297.3
200202,2002-02-01,24,JO64,299.4
200203,2002-03-01,24,JO64,306.0
200204,2002-04-01,24,JO64,304.0
200205,2002-05-01,24,JO64,301.1
200206,2002-06-01,24,JO64,296.3
200207,2002-07-01,24,JO64,290.2
200208,2002-08-01,24,JO64,292.4
200209,2002-09-01,24,JO64,300.8
200210,2002-10-01,24,JO64,308.4
200211,2002-11-01,24,JO64,319.2
200212,2002-12-01,24,JO64,317.7
200301,2003-01-01,24,JO64,287.3
200302,2003-02-01,24,JO64,289.5
200303,2003-03-01,24,JO64,286.6
200304,2003-04-01,24,JO64,281.2
200305,2003-05-01,24,JO64,274.1
200306,2003-06-01,24,JO64,281.6
200307,2003-07-01,24,JO64,287.4
200308,2003-08-01,24,JO64,277.4
200309,2003-09-01,24,JO64,275.7
200310,2003-10-01,24,JO64,271.8
200311,2003-11-01,24,JO64,283.4
200312,2003-12-01,24,JO64,292.2
200401,2004-01-01,24,JO64,287.7
200402,2004-02-01,24,JO64,288.1
200403,2004-03-01,24,JO64,297.0
200404,2004-04-01,24,JO64,290.0
200405,2004-05-01,24,JO64,289.9
200406,2004-06-01,24,JO64,294.8
200407,2004-07-01,24,JO64,277.0
200408,2004-08-01,24,JO64,276.4
200409,2004-09-01,24,JO64,278.2
200410,2004-10-01,24,JO64,277.0
200411,2004-11-01,24,JO64,279.1
200412,2004-12-01,24,JO64,280.4
200501,2005-01-01,24,JO64,274.0
200502,2005-02-01,24,JO64,275.7
200503,2005-03-01,24,JO64,282.1
200504,2005-04-01,24,JO64,282.6
200505,2005-05-01,24,JO64,283.9
200506,2005-06-01,24,JO64,284.1
200507,2005-07-01,24,JO64,294.3
200508,2005-08-01,24,JO64,284.6
200509,2005-09-01,24,JO64,281.0
200510,2005-10-01,24,JO64,283.7
200511,2005-11-01,24,JO64,275.6
200512,2005-12-01,24,JO64,264.8
200601,2006-01-01,24,JO64,267.7
200602,2006-02-01,24,JO64,262.3
200603,2006-03-01,24,JO64,250.1
200604,2006-04-01,24,JO64,251.9
200605,2006-05-01,24,JO64,250.3
200606,2006-06-01,24,JO64,238.1
200607,2006-07-01,24,JO64,235.1
200608,2006-08-01,24,JO64,246.0
200609,2006-09-01,24,JO64,244.2
200610,2006-10-01,24,JO64,244.6
200611,2006-11-01,24,JO64,237.0
200612,2006-12-01,24,JO64,237.0
200701,2007-01-01,24,JO64,232.8
200702,2007-02-01,24,JO64,235.0
200703,2007-03-01,24,JO64,226.3
200704,2007-04-01,24,JO64,221.0
200705,2007-05-01,24,JO64,233.3
200706,2007-06-01,24,JO64,232.1
200707,2007-07-01,24,JO64,235.7
200708,2007-08-01,24,JO64,229.0
200709,2007-09-01,24,JO64,232.3
200710,2007-10-01,24,JO64,224.9
200711,2007-11-01,24,JO64,218.4
200712,2007-12-01,24,JO64,211.8
200801,2008-01-01,24,JO64,202.8
200802,2008-02-01,24,JO64,207.6
200803,2008-03-01,24,JO64,205.2
200804,2008-04-01,24,JO64,202.6
200805,2008-05-01,24,JO64,195.3
200806,2008-06-01,24,JO64,207.0
200807,2008-07-01,24,JO64,203.3
200808,2008-08-01,24,JO64,206.5
200809,2008-09-01,24,JO64,209.7
200810,2008-10-01,24,JO64,206.9
200811,2008-11-01,24,JO64,208.8
200812,2008-12-01,24,JO64,216.8
200901,2009-01-01,24,JO64,224.1
200902,2009-02-01,24,JO64,220.5
200903,2009-03-01,24,JO64,225.6
200904,2009-04-01,24,JO64,229.7
200905,2009-05-01,24,JO64,220.8
200906,2009-06-01,24,JO64,211.6
200907,2009-07-01,24,JO64,208.8
200908,2009-08-01,24,JO64,206.3
200909,2009-09-01,24,JO64,202.4
200910,2009-10-01,24,JO64,211.2
200911,2009-11-01,24,JO64,213.8
200912,2009-12-01,24,JO64,213.0
201001,2010-01-01,24,JO64,189.4
201002,2010-02-01,24,JO64,200.2
201003,2010-03-01,24,JO64,198.3
201004,2010-04-01,24,JO64,187.3
201005,2010-05-01,24,JO64,183.2
201006,2010-06-01,24,JO64,184.9
201007,2010-07-01,24,JO64,184.5
201008,2010-08-01,24,JO64,188.3
201009,2010-09-01,24,JO64,183.4
201010,2010-10-01,24,JO64,181.6
201011,2010-11-01,24,JO64,185.9
201012,2010-12-01,24,JO64,185.5
201101,2011-01-01,24,JO64,192.4
201102,2011-02-01,24,JO64,194.5
201103,2011-03-01,24,JO64,191.1
201104,2011-04-01,24,JO64,177.6
201105,2011-05-01,24,JO64,183.9
201106,2011-06-01,24,JO64,189.2
201107,2011-07-01,24,JO64,186.5
201108,2011-08-01,24,JO64,178.4
201109,2011-09-01,24,JO64,178.4
201110,2011-10-01,24,JO64,170.9
201111,2011-11-01,24,JO64,180.5
201112,2011-12-01,24,JO64,185.6
201201,2012-01-01,24,JO64,181.9
201202,2012-02-01,24,JO64,177.9
201203,2012-03-01,24,JO64,179.8
201204,2012-04-01,24,JO64,188.8
201205,2012-05-01,24,JO64,189.5
201206,2012-06-01,24,JO64,186.0
201207,2012-07-01,24,JO64,187.7
201208,2012-08-01,24,JO64,167.8
201209,2012-09-01,24,JO64,173.4
201210,2012-10-01,24,JO64,174.2
201211,2012-11-01,24,JO64,164.3
201212,2012-12-01,24,JO64,161.8
201301,2013-01-01,24,JO64,167.3
201302,2013-02-01,24,JO64,174.0
201303,2013-03-01,24,JO64,160.4
201304,2013-04-01,24,JO64,158.6
201305,2013-05-01,24,JO64,165.4
201306,2013-06-01,24,JO64,164.5
201307,2013-07-01,24,JO64,152.5
201308,2013-08-01,24,JO64,168.3
201309,2013-09-01,24,JO64,166.0
201310,2013-10-01,24,JO64,160.0
201311,2013-11-01,24,JO64,151.9
201312,2013-12-01,24,JO64,145.9
201401,2014-01-01,24,JO64,142.0
201402,2014-02-01,24,JO64,140.2
201403,2014-03-01,24,JO64,149.1
201404,2014-04-01,24,JO64,145.9
201405,2014-05-01,24,JO64,145.8
201406,2014-06-01,24,JO64,145.6
201407,2014-07-01,24,JO64,141.9
201408,2014-08-01,24,JO64,146.5
201409,2014-09-01,24,JO64,149.7
201410,2014-10-01,24,JO64,142.7
201411,2014-11-01,24,JO64,154.7
201412,2014-12-01,24,JO64,157.5
201501,2015-01-01,24,JO64,155.4
201502,2015-02-01,24,JO64,158.5
201503,2015-03-01,24,JO64,163.4
201504,2015-04-01,24,JO64,145.2
201505,2015-05-01,24,JO64,155.1
201506,2015-06-01,24,JO64,154.9
201507,2015-07-01,24,JO64,156.5
201508,2015-08-01,24,JO64,155.6
201509,2015-09-01,24,JO64,153.4
201510,2015-10-01,24,JO64,150.0
201511,2015-11-01,24,JO64,149.7
201512,2015-12-01,24,JO64,144.7
201601,2016-01-01,24,JO64,148.6
201602,2016-02-01,24,JO64,151.9
201603,2016-03-01,24,JO64,144.5
201604,2016-04-01,24,JO64,149.9
201605,2016-05-01,24,JO64,149.6
201606,2016-06-01,24,JO64,142.1
201607,2016-07-01,24,JO64,141.5
201608,2016-08-01,24,JO64,135.5
201609,2016-09-01,24,JO64,140.2
201610,2016-10-01,24,JO64,140.2
201611,2016-11-01,24,JO64,138.4
201612,2016-12-01,24,JO64,139.3
201701,2017-01-01,24,JO64,137.2
201702,2017-02-01,24,JO64,132.8
201703,2017-03-01,24,JO64,119.9
201704,2017-04-01,24,JO64,133.9
201705,2017-05-01,24,JO64,131.8
201706,2017-06-01,24,JO64,143.2
201707,2017-07-01,24,JO64,140.0
201708,2017-08-01,24,JO64,138.3
201709,2017-09-01,24,JO64,132.9
201710,2017-10-01,24,JO64,144.7
201711,2017-11-01,24,JO64,132.0
201712,2017-12-01,24,JO64,131.2
201801,2018-01-01,24,JO64,131.9
201802,2018-02-01,24,JO64,129.5
201803,2018-03-01,24,JO64,134.5
201804,2018-04-01,24,JO64,145.5
201805,2018-05-01,24,JO64,141.3
201806,2018-06-01,24,JO64,131.6
201807,2018-07-01,24,JO64,134.8
201808,2018-08-01,24,JO64,135.4
201809,2018-09-01,24,JO64,134.4
201810,2018-10-01,24,JO64,131.7
201811,2018-11-01,24,JO64,126.6
201812,2018-12-01,24,JO64,131.2
201901,2019-01-01,24,JO64,125.3
201902,2019-02-01,24,JO64,110.1
201903,2019-03-01,24,JO64,136.2
201904,2019-04-01,24,JO64,122.9
201905,2019-05-01,24,JO64,120.8
201906,2019-06-01,24,JO64,120.8
201907,2019-07-01,24,JO64,117.3
201908,2019-08-01,24,JO64,118.7
201909,2019-09-01,24,JO64,119.9
201910,2019-10-01,24,JO64,128.1
201911,2019-11-01,24,JO64,140.8
201912,2019-12-01,24,JO64,149.3
202001,2020-01-01,24,JO64,177.8
202002,2020-02-01,24,JO64,139.6
202003,2020-03-01,24,JO64,91.4
202004,2020-04-01,24,JO64,57.3
202005,2020-05-01,24,JO64,58.2
202006,2020-06-01,24,JO64,85.9
202007,2020-07-01,24,JO64,115.6
202008,2020-08-01,24,JO64,116.4
202009,2020-09-01,24,JO64,126.8
202010,2020-10-01,24,JO64,121.3
202011,2020-11-01,24,JO64,85.1
202012,2020-12-01,24,JO64,109.3
202101,2021-01-01,24,JO64,73.7
202102,2021-02-01,24,JO64,57.2
202103,2021-03-01,24,JO64,54.8
202104,2021-04-01,24,JO64,107.2
202105,2021-05-01,24,JO64,114.4
202106,2021-06-01,24,JO64,109.7
202107,2021-07-01,24,JO64,107.2
202108,2021-08-01,24,JO64,107.7
202109,2021-09-01,24,JO64,105.4
202110,2021-10-01,24,JO64,98.5
202111,2021-11-01,24,JO64,103.5
202112,2021-12-01,24,JO64,108.9
202201,2022-01-01,24,JO64,108.0
202202,2022-02-01,24,JO64,103.0
202203,2022-03-01,24,JO64,109.6
202204,2022-04-01,24,JO64,106.2
202205,2022-05-01,24,JO64,102.9
202206,2022-06-01,24,JO64,99.5
202207,2022-07-01,24,JO64,98.2
202208,2022-08-01,24,JO64,103.8
202209,2022-09-01,24,JO64,104.7
202210,2022-10-01,24,JO64,107.2
202211,2022-11-01,24,JO64,100.9
202212,2022-12-01,24,JO64,102.5
202301,2023-01-01,24,JO64,101.2
202302,2023-02-01,24,JO64,106.7
202303,2023-03-01,24,JO64,105.1
202304,2023-04-01,24,JO64,103.0
202305,2023-05-01,24,JO64,99.7
202306,2023-06-01,24,JO64,101.1
202307,2023-07-01,24,JO64,103.4
202308,2023-08-01,24,JO64,98.0
202309,2023-09-01,24,JO64,95.4
202310,2023-10-01,24,JO64,94.0
202311,2023-11-01,24,JO64,96.2
202312,2023-12-01,24,JO64,96.7
202401,2024-01-01,24,JO64,95.0
202402,2024-02-01,24,JO64,97.3
202403,2024-03-01,24,JO64,92.6
202404,2024-04-01,24,JO64,93.2
202405,2024-05-01,24,JO64,94.1
202406,2024-06-01,24,JO64,98.6
202407,2024-07-01,24,JO64,102.9
202408,2024-08-01,24,JO64,97.7
202409,2024-09-01,24,JO64,96.7
202410,2024-10-01,24,JO64,92.5
202411,2024-11-01,24,JO64,106.4
202412,2024-12-01,24,JO64,104.3
202501,2025-01-01,24,JO64,110.7
202502,2025-02-01,24,JO64,109.6
202503,2025-03-01,24,JO64,116.2
202504,2025-04-01,24,JO64,122.7
202505,2025-05-01,24,JO64,124.4
202506,2025-06-01,24,JO64,121.7
202507,2025-07-01,24,JO64,125.9
202508,2025-08-01,24,JO64,123.7
202509,2025-09-01,24,JO64,117.6
202510,2025-10-01,24,JO64,123.4
202511,2025-11-01,24,JO64,114.9
202512,2025-12-01,24,JO64,114.1
202601,2026-01-01,24,JO64,108.7
202602,2026-02-01,24,JO64,114.8
202603,2026-03-01,24,JO64,118.5
202604,2026-04-01,24,JO64,117.8
202605,2026-05-01,24,JO64,124.4
202606,2026-06-01,24,JO64,121.2
198801,1988-01-01,25,JO62,14.3
198802,1988-02-01,25,JO62,13.8
198803,1988-03-01,25,JO62,13.8
198804,1988-04-01,25,JO62,14.4
198805,1988-05-01,25,JO62,14.2
198806,1988-06-01,25,JO62,14.6
198807,1988-07-01,25,JO62,14.9
198808,1988-08-01,25,JO62,15.1
198809,1988-09-01,25,JO62,14.9
198810,1988-10-01,25,JO62,15.6
198811,1988-11-01,25,JO62,15.6
198812,1988-12-01,25,JO62,15.7
198901,1989-01-01,25,JO62,16.0
198902,1989-02-01,25,JO62,16.1
198903,1989-03-01,25,JO62,15.8
198904,1989-04-01,25,JO62,15.8
198905,1989-05-01,25,JO62,16.4
198906,1989-06-01,25,JO62,16.4
198907,1989-07-01,25,JO62,16.4
198908,1989-08-01,25,JO62,16.8
198909,1989-09-01,25,JO62,17.1
198910,1989-10-01,25,JO62,17.2
198911,1989-11-01,25,JO62,17.1
198912,1989-12-01,25,JO62,18.0
199001,1990-01-01,25,JO62,18.0
199002,1990-02-01,25,JO62,18.0
199003,1990-03-01,25,JO62,18.3
199004,1990-04-01,25,JO62,17.6
199005,1990-05-01,25,JO62,17.9
199006,1990-06-01,25,JO62,17.8
199007,1990-07-01,25,JO62,18.3
199008,1990-08-01,25,JO62,18.1
199009,1990-09-01,25,JO62,18.1
199010,1990-10-01,25,JO62,18.2
199011,1990-11-01,25,JO62,18.2
199012,1990-12-01,25,JO62,20.5
199101,1991-01-01,25,JO62,17.3
199102,1991-02-01,25,JO62,17.4
199103,1991-03-01,25,JO62,18.8
199104,1991-04-01,25,JO62,18.8
199105,1991-05-01,25,JO62,18.1
199106,1991-06-01,25,JO62,18.2
199107,1991-07-01,25,JO62,18.4
199108,1991-08-01,25,JO62,18.1
199109,1991-09-01,25,JO62,18.4
199110,1991-10-01,25,JO62,18.5
199111,1991-11-01,25,JO62,19.5
199112,1991-12-01,25,JO62,19.5
199201,1992-01-01,25,JO62,17.3
199202,1992-02-01,25,JO62,17.9
199203,1992-03-01,25,JO62,18.1
199204,1992-04-01,25,JO62,18.7
199205,1992-05-01,25,JO62,19.3
199206,1992-06-01,25,JO62,18.8
199207,1992-07-01,25,JO62,18.0
199208,1992-08-01,25,JO62,18.2
199209,1992-09-01,25,JO62,18.1
199210,1992-10-01,25,JO62,17.5
199211,1992-11-01,25,JO62,17.9
199212,1992-12-01,25,JO62,16.4
199301,1993-01-01,25,JO62,17.8
199302,1993-02-01,25,JO62,18.7
199303,1993-03-01,25,JO62,19.1
199304,1993-04-01,25,JO62,18.4
199305,1993-05-01,25,JO62,19.2
199306,1993-06-01,25,JO62,19.1
199307,1993-07-01,25,JO62,19.0
199308,1993-08-01,25,JO62,19.4
199309,1993-09-01,25,JO62,19.2
199310,1993-10-01,25,JO62,19.3
199311,1993-11-01,25,JO62,19.6
199312,1993-12-01,25,JO62,19.7
199401,1994-01-01,25,JO62,19.5
199402,1994-02-01,25,JO62,19.2
199403,1994-03-01,25,JO62,19.4
199404,1994-04-01,25,JO62,19.7
199405,1994-05-01,25,JO62,20.0
199406,1994-06-01,25,JO62,19.9
199407,1994-07-01,25,JO62,19.9
199408,1994-08-01,25,JO62,19.9
199409,1994-09-01,25,JO62,20.1
199410,1994-10-01,25,JO62,20.4
199411,1994-11-01,25,JO62,20.2
199412,1994-12-01,25,JO62,20.0
199501,1995-01-01,25,JO62,20.4
199502,1995-02-01,25,JO62,20.6
199503,1995-03-01,25,JO62,20.4
199504,1995-04-01,25,JO62,19.9
199505,1995-05-01,25,JO62,19.5
199506,1995-06-01,25,JO62,19.7
199507,1995-07-01,25,JO62,20.8
199508,1995-08-01,25,JO62,20.8
199509,1995-09-01,25,JO62,20.7
199510,1995-10-01,25,JO62,21.2
199511,1995-11-01,25,JO62,21.1
199512,1995-12-01,25,JO62,21.4
199601,1996-01-01,25,JO62,21.4
199602,1996-02-01,25,JO62,21.3
199603,1996-03-01,25,JO62,21.5
199604,1996-04-01,25,JO62,22.8
199605,1996-05-01,25,JO62,22.2
199606,1996-06-01,25,JO62,23.0
199607,1996-07-01,25,JO62,22.4
199608,1996-08-01,25,JO62,22.4
199609,1996-09-01,25,JO62,23.1
199610,1996-10-01,25,JO62,22.4
199611,1996-11-01,25,JO62,22.1
199612,1996-12-01,25,JO62,22.3
199701,1997-01-01,25,JO62,22.3
199702,1997-02-01,25,JO62,22.9
199703,1997-03-01,25,JO62,24.0
199704,1997-04-01,25,JO62,23.0
199705,1997-05-01,25,JO62,22.3
199706,1997-06-01,25,JO62,22.8
199707,1997-07-01,25,JO62,22.8
199708,1997-08-01,25,JO62,22.4
199709,1997-09-01,25,JO62,22.5
199710,1997-10-01,25,JO62,23.1
199711,1997-11-01,25,JO62,23.0
199712,1997-12-01,25,JO62,22.0
199801,1998-01-01,25,JO62,24.1
199802,1998-02-01,25,JO62,24.9
199803,1998-03-01,25,JO62,24.9
199804,1998-04-01,25,JO62,23.6
199805,1998-05-01,25,JO62,25.9
199806,1998-06-01,25,JO62,24.4
199807,1998-07-01,25,JO62,24.5
199808,1998-08-01,25,JO62,24.7
199809,1998-09-01,25,JO62,24.4
199810,1998-10-01,25,JO62,24.2
199811,1998-11-01,25,JO62,24.6
199812,1998-12-01,25,JO62,22.2
199901,1999-01-01,25,JO62,24.6
199902,1999-02-01,25,JO62,24.8
199903,1999-03-01,25,JO62,25.0
199904,1999-04-01,25,JO62,25.8
199905,1999-05-01,25,JO62,26.8
199906,1999-06-01,25,JO62,26.2
199907,1999-07-01,25,JO62,26.0
199908,1999-08-01,25,JO62,26.2
199909,1999-09-01,25,JO62,26.2
199910,1999-10-01,25,JO62,26.4
199911,1999-11-01,25,JO62,26.6
199912,1999-12-01,25,JO62,26.0
200001,2000-01-01,25,JO62,26.6
200002,2000-02-01,25,JO62,26.2
200003,2000-03-01,25,JO62,26.3
200004,2000-04-01,25,JO62,26.8
200005,2000-05-01,25,JO62,26.7
200006,2000-06-01,25,JO62,27.3
200007,2000-07-01,25,JO62,28.2
200008,2000-08-01,25,JO62,29.0
200009,2000-09-01,25,JO62,28.7
200010,2000-10-01,25,JO62,29.4
200011,2000-11-01,25,JO62,28.6
200012,2000-12-01,25,JO62,29.8
200101,2001-01-01,25,JO62,29.4
200102,2001-02-01,25,JO62,28.7
200103,2001-03-01,25,JO62,27.3
200104,2001-04-01,25,JO62,28.6
200105,2001-05-01,25,JO62,30.0
200106,2001-06-01,25,JO62,31.4
200107,2001-07-01,25,JO62,31.4
200108,2001-08-01,25,JO62,31.8
200109,2001-09-01,25,JO62,31.9
200110,2001-10-01,25,JO62,32.0
200111,2001-11-01,25,JO62,31.4
200112,2001-12-01,25,JO62,34.4
200201,2002-01-01,25,JO62,32.9
200202,2002-02-01,25,JO62,33.5
200203,2002-03-01,25,JO62,34.2
200204,2002-04-01,25,JO62,36.4
200205,2002-05-01,25,JO62,34.6
200206,2002-06-01,25,JO62,33.7
200207,2002-07-01,25,JO62,34.0
200208,2002-08-01,25,JO62,33.7
200209,2002-09-01,25,JO62,34.4
200210,2002-10-01,25,JO62,34.5
200211,2002-11-01,25,JO62,36.1
200212,2002-12-01,25,JO62,36.2
200301,2003-01-01,25,JO62,36.7
200302,2003-02-01,25,JO62,37.7
200303,2003-03-01,25,JO62,39.0
200304,2003-04-01,25,JO62,38.3
200305,2003-05-01,25,JO62,37.6
200306,2003-06-01,25,JO62,37.9
200307,2003-07-01,25,JO62,38.2
200308,2003-08-01,25,JO62,38.3
200309,2003-09-01,25,JO62,39.1
200310,2003-10-01,25,JO62,39.6
200311,2003-11-01,25,JO62,40.0
200312,2003-12-01,25,JO62,37.8
200401,2004-01-01,25,JO62,40.2
200402,2004-02-01,25,JO62,41.2
200403,2004-03-01,25,JO62,41.4
200404,2004-04-01,25,JO62,41.0
200405,2004-05-01,25,JO62,41.4
200406,2004-06-01,25,JO62,42.6
200407,2004-07-01,25,JO62,42.0
200408,2004-08-01,25,JO62,41.3
200409,2004-09-01,25,JO62,42.1
200410,2004-10-01,25,JO62,41.0
200411,2004-11-01,25,JO62,41.1
200412,2004-12-01,25,JO62,41.2
200501,2005-01-01,25,JO62,40.4
200502,2005-02-01,25,JO62,41.4
200503,2005-03-01,25,JO62,41.9
200504,2005-04-01,25,JO62,42.1
200505,2005-05-01,25,JO62,42.5
200506,2005-06-01,25,JO62,42.9
200507,2005-07-01,25,JO62,43.7
200508,2005-08-01,25,JO62,45.3
200509,2005-09-01,25,JO62,44.5
200510,2005-10-01,25,JO62,44.5
200511,2005-11-01,25,JO62,43.8
200512,2005-12-01,25,JO62,41.7
200601,2006-01-01,25,JO62,44.8
200602,2006-02-01,25,JO62,44.3
200603,2006-03-01,25,JO62,43.0
200604,2006-04-01,25,JO62,44.2
200605,2006-05-01,25,JO62,44.7
200606,2006-06-01,25,JO62,45.2
200607,2006-07-01,25,JO62,44.7
200608,2006-08-01,25,JO62,43.9
200609,2006-09-01,25,JO62,43.6
200610,2006-10-01,25,JO62,44.5
200611,2006-11-01,25,JO62,44.0
200612,2006-12-01,25,JO62,43.7
200701,2007-01-01,25,JO62,40.7
200702,2007-02-01,25,JO62,43.9
200703,2007-03-01,25,JO62,45.4
200704,2007-04-01,25,JO62,46.0
200705,2007-05-01,25,JO62,45.8
200706,2007-06-01,25,JO62,45.1
200707,2007-07-01,25,JO62,44.2
200708,2007-08-01,25,JO62,44.6
200709,2007-09-01,25,JO62,44.4
200710,2007-10-01,25,JO62,45.1
200711,2007-11-01,25,JO62,45.5
200712,2007-12-01,25,JO62,48.5
200801,2008-01-01,25,JO62,46.4
200802,2008-02-01,25,JO62,52.6
200803,2008-03-01,25,JO62,49.6
200804,2008-04-01,25,JO62,48.6
200805,2008-05-01,25,JO62,53.1
200806,2008-06-01,25,JO62,51.3
200807,2008-07-01,25,JO62,51.0
200808,2008-08-01,25,JO62,52.2
200809,2008-09-01,25,JO62,53.4
200810,2008-10-01,25,JO62,53.5
200811,2008-11-01,25,JO62,54.9
200812,2008-12-01,25,JO62,55.9
200901,2009-01-01,25,JO62,60.2
200902,2009-02-01,25,JO62,55.6
200903,2009-03-01,25,JO62,54.5
200904,2009-04-01,25,JO62,54.0
200905,2009-05-01,25,JO62,54.7
200906,2009-06-01,25,JO62,57.5
200907,2009-07-01,25,JO62,58.5
200908,2009-08-01,25,JO62,59.0
200909,2009-09-01,25,JO62,59.4
200910,2009-10-01,25,JO62,58.2
200911,2009-11-01,25,JO62,59.3
200912,2009-12-01,25,JO62,45.8
201001,2010-01-01,25,JO62,50.3
201002,2010-02-01,25,JO62,51.3
201003,2010-03-01,25,JO62,53.8
201004,2010-04-01,25,JO62,54.9
201005,2010-05-01,25,JO62,54.4
201006,2010-06-01,25,JO62,55.1
201007,2010-07-01,25,JO62,57.2
201008,2010-08-01,25,JO62,58.0
201009,2010-09-01,25,JO62,60.9
201010,2010-10-01,25,JO62,63.0
201011,2010-11-01,25,JO62,63.8
201012,2010-12-01,25,JO62,62.2
201101,2011-01-01,25,JO62,61.3
201102,2011-02-01,25,JO62,59.2
201103,2011-03-01,25,JO62,57.1
201104,2011-04-01,25,JO62,62.1
201105,2011-05-01,25,JO62,63.0
201106,2011-06-01,25,JO62,60.9
201107,2011-07-01,25,JO62,61.5
201108,2011-08-01,25,JO62,61.0
201109,2011-09-01,25,JO62,59.8
201110,2011-10-01,25,JO62,61.3
201111,2011-11-01,25,JO62,61.5
201112,2011-12-01,25,JO62,62.0
201201,2012-01-01,25,JO62,63.3
201202,2012-02-01,25,JO62,62.0
201203,2012-03-01,25,JO62,62.2
201204,2012-04-01,25,JO62,62.9
201205,2012-05-01,25,JO62,62.8
201206,2012-06-01,25,JO62,69.5
201207,2012-07-01,25,JO62,67.7
201208,2012-08-01,25,JO62,70.6
201209,2012-09-01,25,JO62,69.6
201210,2012-10-01,25,JO62,70.1
201211,2012-11-01,25,JO62,65.6
201212,2012-12-01,25,JO62,67.5
201301,2013-01-01,25,JO62,68.3
201302,2013-02-01,25,JO62,69.7
201303,2013-03-01,25,JO62,67.8
201304,2013-04-01,25,JO62,63.1
201305,2013-05-01,25,JO62,62.9
201306,2013-06-01,25,JO62,66.6
201307,2013-07-01,25,JO62,67.9
201308,2013-08-01,25,JO62,69.3
201309,2013-09-01,25,JO62,70.4
201310,2013-10-01,25,JO62,69.9
201311,2013-11-01,25,JO62,72.3
201312,2013-12-01,25,JO62,69.9
201401,2014-01-01,25,JO62,75.4
201402,2014-02-01,25,JO62,76.7
201403,2014-03-01,25,JO62,77.6
201404,2014-04-01,25,JO62,78.6
201405,2014-05-01,25,JO62,81.6
201406,2014-06-01,25,JO62,80.9
201407,2014-07-01,25,JO62,82.6
201408,2014-08-01,25,JO62,81.1
201409,2014-09-01,25,JO62,77.3
201410,2014-10-01,25,JO62,80.5
201411,2014-11-01,25,JO62,80.0
201412,2014-12-01,25,JO62,81.0
201501,2015-01-01,25,JO62,80.3
201502,2015-02-01,25,JO62,84.4
201503,2015-03-01,25,JO62,84.9
201504,2015-04-01,25,JO62,85.6
201505,2015-05-01,25,JO62,83.4
201506,2015-06-01,25,JO62,80.8
201507,2015-07-01,25,JO62,83.0
201508,2015-08-01,25,JO62,81.3
201509,2015-09-01,25,JO62,83.2
201510,2015-10-01,25,JO62,80.8
201511,2015-11-01,25,JO62,81.1
201512,2015-12-01,25,JO62,81.1
201601,2016-01-01,25,JO62,84.5
201602,2016-02-01,25,JO62,81.3
201603,2016-03-01,25,JO62,82.6
201604,2016-04-01,25,JO62,85.2
201605,2016-05-01,25,JO62,83.8
201606,2016-06-01,25,JO62,88.4
201607,2016-07-01,25,JO62,87.7
201608,2016-08-01,25,JO62,82.4
201609,2016-09-01,25,JO62,87.7
201610,2016-10-01,25,JO62,85.2
201611,2016-11-01,25,JO62,84.1
201612,2016-12-01,25,JO62,85.0
201701,2017-01-01,25,JO62,82.1
201702,2017-02-01,25,JO62,81.7
201703,2017-03-01,25,JO62,69.7
201704,2017-04-01,25,JO62,88.1
201705,2017-05-01,25,JO62,85.7
201706,2017-06-01,25,JO62,81.6
201707,2017-07-01,25,JO62,81.9
201708,2017-08-01,25,JO62,85.4
201709,2017-09-01,25,JO62,83.3
201710,2017-10-01,25,JO62,86.5
201711,2017-11-01,25,JO62,85.9
201712,2017-12-01,25,JO62,88.7
201801,2018-01-01,25,JO62,84.6
201802,2018-02-01,25,JO62,87.2
201803,2018-03-01,25,JO62,81.1
201804,2018-04-01,25,JO62,81.6
201805,2018-05-01,25,JO62,85.0
201806,2018-06-01,25,JO62,86.1
201807,2018-07-01,25,JO62,77.4
201808,2018-08-01,25,JO62,84.2
201809,2018-09-01,25,JO62,91.2
201810,2018-10-01,25,JO62,85.9
201811,2018-11-01,25,JO62,102.5
201812,2018-12-01,25,JO62,83.9
201901,2019-01-01,25,JO62,94.1
201902,2019-02-01,25,JO62,88.4
201903,2019-03-01,25,JO62,92.6
201904,2019-04-01,25,JO62,84.0
201905,2019-05-01,25,JO62,95.9
201906,2019-06-01,25,JO62,99.7
201907,2019-07-01,25,JO62,103.3
201908,2019-08-01,25,JO62,108.5
201909,2019-09-01,25,JO62,104.3
201910,2019-10-01,25,JO62,96.9
201911,2019-11-01,25,JO62,101.0
201912,2019-12-01,25,JO62,102.2
202001,2020-01-01,25,JO62,104.5
202002,2020-02-01,25,JO62,100.4
202003,2020-03-01,25,JO62,73.7
202004,2020-04-01,25,JO62,45.4
202005,2020-05-01,25,JO62,54.1
202006,2020-06-01,25,JO62,84.2
202007,2020-07-01,25,JO62,95.8
202008,2020-08-01,25,JO62,99.7
202009,2020-09-01,25,JO62,101.6
202010,2020-10-01,25,JO62,137.3
202011,2020-11-01,25,JO62,110.7
202012,2020-12-01,25,JO62,122.3
202101,2021-01-01,25,JO62,85.6
202102,2021-02-01,25,JO62,81.3
202103,2021-03-01,25,JO62,89.1
202104,2021-04-01,25,JO62,127.1
202105,2021-05-01,25,JO62,130.3
202106,2021-06-01,25,JO62,118.4
202107,2021-07-01,25,JO62,118.2
202108,2021-08-01,25,JO62,116.2
202109,2021-09-01,25,JO62,119.6
202110,2021-10-01,25,JO62,122.8
202111,2021-11-01,25,JO62,121.4
202112,2021-12-01,25,JO62,110.8
202201,2022-01-01,25,JO62,110.8
202202,2022-02-01,25,JO62,116.1
202203,2022-03-01,25,JO62,112.1
202204,2022-04-01,25,JO62,110.9
202205,2022-05-01,25,JO62,109.0
202206,2022-06-01,25,JO62,113.4
202207,2022-07-01,25,JO62,116.0
202208,2022-08-01,25,JO62,103.9
202209,2022-09-01,25,JO62,107.0
202210,2022-10-01,25,JO62,111.2
202211,2022-11-01,25,JO62,105.8
202212,2022-12-01,25,JO62,104.6
202301,2023-01-01,25,JO62,101.9
202302,2023-02-01,25,JO62,99.7
202303,2023-03-01,25,JO62,99.5
202304,2023-04-01,25,JO62,102.3
202305,2023-05-01,25,JO62,103.0
202306,2023-06-01,25,JO62,103.0
202307,2023-07-01,25,JO62,103.5
202308,2023-08-01,25,JO62,99.2
202309,2023-09-01,25,JO62,97.9
202310,2023-10-01,25,JO62,97.0
202311,2023-11-01,25,JO62,101.5
202312,2023-12-01,25,JO62,93.2
202401,2024-01-01,25,JO62,106.3
202402,2024-02-01,25,JO62,103.8
202403,2024-03-01,25,JO62,104.3
202404,2024-04-01,25,JO62,109.7
202405,2024-05-01,25,JO62,111.8
202406,2024-06-01,25,JO62,115.6
202407,2024-07-01,25,JO62,114.1
202408,2024-08-01,25,JO62,118.9
202409,2024-09-01,25,JO62,120.8
202410,2024-10-01,25,JO62,117.7
202411,2024-11-01,25,JO62,119.8
202412,2024-12-01,25,JO62,120.8
202501,2025-01-01,25,JO62,115.0
202502,2025-02-01,25,JO62,122.3
202503,2025-03-01,25,JO62,122.9
202504,2025-04-01,25,JO62,118.2
202505,2025-05-01,25,JO62,114.2
202506,2025-06-01,25,JO62,113.0
202507,2025-07-01,25,JO62,116.5
202508,2025-08-01,25,JO62,117.5
202509,2025-09-01,25,JO62,119.4
202510,2025-10-01,25,JO62,115.2
202511,2025-11-01,25,JO62,114.0
202512,2025-12-01,25,JO62,117.4
202601,2026-01-01,25,JO62,116.7
202602,2026-02-01,25,JO62,114.5
202603,2026-03-01,25,JO62,116.1
202604,2026-04-01,25,JO62,112.5
202605,2026-05-01,25,JO62,115.4
202606,2026-06-01,25,JO62,115.0
198801,1988-01-01,26,JO5N,37.2
198802,1988-02-01,26,JO5N,35.9
198803,1988-03-01,26,JO5N,35.9
198804,1988-04-01,26,JO5N,37.1
198805,1988-05-01,26,JO5N,37.2
198806,1988-06-01,26,JO5N,37.9
198807,1988-07-01,26,JO5N,38.2
198808,1988-08-01,26,JO5N,38.8
198809,1988-09-01,26,JO5N,38.0
198810,1988-10-01,26,JO5N,39.7
198811,1988-11-01,26,JO5N,39.4
198812,1988-12-01,26,JO5N,40.3
198901,1989-01-01,26,JO5N,41.8
198902,1989-02-01,26,JO5N,41.5
198903,1989-03-01,26,JO5N,41.5
198904,1989-04-01,26,JO5N,39.4
198905,1989-05-01,26,JO5N,41.1
198906,1989-06-01,26,JO5N,40.5
198907,1989-07-01,26,JO5N,40.6
198908,1989-08-01,26,JO5N,41.2
198909,1989-09-01,26,JO5N,42.2
198910,1989-10-01,26,JO5N,42.7
198911,1989-11-01,26,JO5N,43.1
198912,1989-12-01,26,JO5N,45.3
199001,1990-01-01,26,JO5N,45.9
199002,1990-02-01,26,JO5N,44.9
199003,1990-03-01,26,JO5N,46.2
199004,1990-04-01,26,JO5N,44.6
199005,1990-05-01,26,JO5N,42.8
199006,1990-06-01,26,JO5N,42.2
199007,1990-07-01,26,JO5N,44.0
199008,1990-08-01,26,JO5N,43.0
199009,1990-09-01,26,JO5N,43.8
199010,1990-10-01,26,JO5N,45.3
199011,1990-11-01,26,JO5N,45.6
199012,1990-12-01,26,JO5N,48.1
199101,1991-01-01,26,JO5N,42.2
199102,1991-02-01,26,JO5N,40.2
199103,1991-03-01,26,JO5N,42.2
199104,1991-04-01,26,JO5N,42.2
199105,1991-05-01,26,JO5N,44.6
199106,1991-06-01,26,JO5N,44.9
199107,1991-07-01,26,JO5N,44.6
199108,1991-08-01,26,JO5N,44.1
199109,1991-09-01,26,JO5N,44.2
199110,1991-10-01,26,JO5N,42.8
199111,1991-11-01,26,JO5N,43.8
199112,1991-12-01,26,JO5N,43.7
199201,1992-01-01,26,JO5N,40.1
199202,1992-02-01,26,JO5N,41.3
199203,1992-03-01,26,JO5N,40.4
199204,1992-04-01,26,JO5N,43.1
199205,1992-05-01,26,JO5N,45.0
199206,1992-06-01,26,JO5N,43.6
199207,1992-07-01,26,JO5N,41.3
199208,1992-08-01,26,JO5N,42.1
199209,1992-09-01,26,JO5N,41.3
199210,1992-10-01,26,JO5N,39.7
199211,1992-11-01,26,JO5N,40.0
199212,1992-12-01,26,JO5N,39.3
199301,1993-01-01,26,JO5N,41.1
199302,1993-02-01,26,JO5N,43.1
199303,1993-03-01,26,JO5N,42.8
199304,1993-04-01,26,JO5N,43.0
199305,1993-05-01,26,JO5N,43.9
199306,1993-06-01,26,JO5N,43.5
199307,1993-07-01,26,JO5N,43.1
199308,1993-08-01,26,JO5N,43.7
199309,1993-09-01,26,JO5N,43.2
199310,1993-10-01,26,JO5N,43.4
199311,1993-11-01,26,JO5N,43.6
199312,1993-12-01,26,JO5N,42.6
199401,1994-01-01,26,JO5N,44.5
199402,1994-02-01,26,JO5N,43.6
199403,1994-03-01,26,JO5N,44.4
199404,1994-04-01,26,JO5N,43.9
199405,1994-05-01,26,JO5N,43.6
199406,1994-06-01,26,JO5N,43.0
199407,1994-07-01,26,JO5N,43.2
199408,1994-08-01,26,JO5N,42.7
199409,1994-09-01,26,JO5N,43.4
199410,1994-10-01,26,JO5N,44.2
199411,1994-11-01,26,JO5N,43.9
199412,1994-12-01,26,JO5N,45.1
199501,1995-01-01,26,JO5N,44.7
199502,1995-02-01,26,JO5N,45.1
199503,1995-03-01,26,JO5N,44.5
199504,1995-04-01,26,JO5N,44.4
199505,1995-05-01,26,JO5N,40.6
199506,1995-06-01,26,JO5N,40.9
199507,1995-07-01,26,JO5N,43.5
199508,1995-08-01,26,JO5N,43.0
199509,1995-09-01,26,JO5N,43.6
199510,1995-10-01,26,JO5N,45.4
199511,1995-11-01,26,JO5N,46.1
199512,1995-12-01,26,JO5N,47.8
199601,1996-01-01,26,JO5N,45.3
199602,1996-02-01,26,JO5N,44.2
199603,1996-03-01,26,JO5N,42.6
199604,1996-04-01,26,JO5N,46.8
199605,1996-05-01,26,JO5N,47.6
199606,1996-06-01,26,JO5N,50.1
199607,1996-07-01,26,JO5N,47.8
199608,1996-08-01,26,JO5N,48.5
199609,1996-09-01,26,JO5N,49.6
199610,1996-10-01,26,JO5N,46.8
199611,1996-11-01,26,JO5N,45.5
199612,1996-12-01,26,JO5N,46.4
199701,1997-01-01,26,JO5N,45.9
199702,1997-02-01,26,JO5N,47.4
199703,1997-03-01,26,JO5N,48.1
199704,1997-04-01,26,JO5N,46.2
199705,1997-05-01,26,JO5N,46.5
199706,1997-06-01,26,JO5N,47.9
199707,1997-07-01,26,JO5N,47.1
199708,1997-08-01,26,JO5N,46.5
199709,1997-09-01,26,JO5N,46.5
199710,1997-10-01,26,JO5N,46.6
199711,1997-11-01,26,JO5N,46.0
199712,1997-12-01,26,JO5N,47.0
199801,1998-01-01,26,JO5N,48.7
199802,1998-02-01,26,JO5N,49.8
199803,1998-03-01,26,JO5N,48.0
199804,1998-04-01,26,JO5N,48.9
199805,1998-05-01,26,JO5N,52.9
199806,1998-06-01,26,JO5N,50.1
199807,1998-07-01,26,JO5N,49.9
199808,1998-08-01,26,JO5N,50.3
199809,1998-09-01,26,JO5N,50.0
199810,1998-10-01,26,JO5N,48.8
199811,1998-11-01,26,JO5N,49.9
199812,1998-12-01,26,JO5N,48.5
199901,1999-01-01,26,JO5N,49.1
199902,1999-02-01,26,JO5N,49.5
199903,1999-03-01,26,JO5N,50.0
199904,1999-04-01,26,JO5N,51.3
199905,1999-05-01,26,JO5N,53.6
199906,1999-06-01,26,JO5N,52.1
199907,1999-07-01,26,JO5N,52.4
199908,1999-08-01,26,JO5N,52.6
199909,1999-09-01,26,JO5N,52.7
199910,1999-10-01,26,JO5N,52.1
199911,1999-11-01,26,JO5N,52.5
199912,1999-12-01,26,JO5N,50.3
200001,2000-01-01,26,JO5N,51.4
200002,2000-02-01,26,JO5N,49.9
200003,2000-03-01,26,JO5N,51.8
200004,2000-04-01,26,JO5N,52.8
200005,2000-05-01,26,JO5N,49.8
200006,2000-06-01,26,JO5N,49.7
200007,2000-07-01,26,JO5N,51.6
200008,2000-08-01,26,JO5N,51.8
200009,2000-09-01,26,JO5N,51.8
200010,2000-10-01,26,JO5N,54.6
200011,2000-11-01,26,JO5N,53.2
200012,2000-12-01,26,JO5N,56.6
200101,2001-01-01,26,JO5N,53.9
200102,2001-02-01,26,JO5N,57.4
200103,2001-03-01,26,JO5N,57.4
200104,2001-04-01,26,JO5N,58.7
200105,2001-05-01,26,JO5N,57.5
200106,2001-06-01,26,JO5N,59.1
200107,2001-07-01,26,JO5N,60.6
200108,2001-08-01,26,JO5N,60.9
200109,2001-09-01,26,JO5N,61.2
200110,2001-10-01,26,JO5N,64.1
200111,2001-11-01,26,JO5N,65.2
200112,2001-12-01,26,JO5N,68.2
200201,2002-01-01,26,JO5N,65.1
200202,2002-02-01,26,JO5N,63.2
200203,2002-03-01,26,JO5N,63.2
200204,2002-04-01,26,JO5N,64.9
200205,2002-05-01,26,JO5N,68.2
200206,2002-06-01,26,JO5N,65.5
200207,2002-07-01,26,JO5N,65.1
200208,2002-08-01,26,JO5N,65.9
200209,2002-09-01,26,JO5N,66.6
200210,2002-10-01,26,JO5N,64.1
200211,2002-11-01,26,JO5N,67.4
200212,2002-12-01,26,JO5N,67.4
200301,2003-01-01,26,JO5N,68.2
200302,2003-02-01,26,JO5N,69.1
200303,2003-03-01,26,JO5N,68.5
200304,2003-04-01,26,JO5N,69.0
200305,2003-05-01,26,JO5N,71.5
200306,2003-06-01,26,JO5N,70.7
200307,2003-07-01,26,JO5N,70.2
200308,2003-08-01,26,JO5N,71.3
200309,2003-09-01,26,JO5N,72.0
200310,2003-10-01,26,JO5N,71.2
200311,2003-11-01,26,JO5N,71.9
200312,2003-12-01,26,JO5N,72.3
200401,2004-01-01,26,JO5N,73.4
200402,2004-02-01,26,JO5N,74.5
200403,2004-03-01,26,JO5N,73.7
200404,2004-04-01,26,JO5N,72.9
200405,2004-05-01,26,JO5N,73.6
200406,2004-06-01,26,JO5N,75.1
200407,2004-07-01,26,JO5N,74.4
200408,2004-08-01,26,JO5N,72.1
200409,2004-09-01,26,JO5N,73.6
200410,2004-10-01,26,JO5N,71.4
200411,2004-11-01,26,JO5N,71.5
200412,2004-12-01,26,JO5N,71.8
200501,2005-01-01,26,JO5N,71.7
200502,2005-02-01,26,JO5N,70.3
200503,2005-03-01,26,JO5N,72.9
200504,2005-04-01,26,JO5N,66.2
200505,2005-05-01,26,JO5N,68.6
200506,2005-06-01,26,JO5N,68.8
200507,2005-07-01,26,JO5N,70.0
200508,2005-08-01,26,JO5N,71.4
200509,2005-09-01,26,JO5N,70.9
200510,2005-10-01,26,JO5N,71.2
200511,2005-11-01,26,JO5N,71.7
200512,2005-12-01,26,JO5N,73.4
200601,2006-01-01,26,JO5N,77.2
200602,2006-02-01,26,JO5N,73.8
200603,2006-03-01,26,JO5N,72.1
200604,2006-04-01,26,JO5N,73.6
200605,2006-05-01,26,JO5N,73.0
200606,2006-06-01,26,JO5N,75.6
200607,2006-07-01,26,JO5N,76.1
200608,2006-08-01,26,JO5N,77.2
200609,2006-09-01,26,JO5N,78.7
200610,2006-10-01,26,JO5N,82.9
200611,2006-11-01,26,JO5N,85.4
200612,2006-12-01,26,JO5N,88.3
200701,2007-01-01,26,JO5N,86.5
200702,2007-02-01,26,JO5N,87.1
200703,2007-03-01,26,JO5N,91.7
200704,2007-04-01,26,JO5N,90.6
200705,2007-05-01,26,JO5N,87.0
200706,2007-06-01,26,JO5N,88.5
200707,2007-07-01,26,JO5N,89.7
200708,2007-08-01,26,JO5N,92.7
200709,2007-09-01,26,JO5N,94.3
200710,2007-10-01,26,JO5N,100.2
200711,2007-11-01,26,JO5N,103.7
200712,2007-12-01,26,JO5N,103.6
200801,2008-01-01,26,JO5N,105.6
200802,2008-02-01,26,JO5N,110.8
200803,2008-03-01,26,JO5N,98.7
200804,2008-04-01,26,JO5N,94.0
200805,2008-05-01,26,JO5N,109.9
200806,2008-06-01,26,JO5N,108.6
200807,2008-07-01,26,JO5N,111.2
200808,2008-08-01,26,JO5N,112.9
200809,2008-09-01,26,JO5N,116.8
200810,2008-10-01,26,JO5N,109.3
200811,2008-11-01,26,JO5N,109.3
200812,2008-12-01,26,JO5N,112.3
200901,2009-01-01,26,JO5N,82.6
200902,2009-02-01,26,JO5N,73.5
200903,2009-03-01,26,JO5N,64.8
200904,2009-04-01,26,JO5N,60.2
200905,2009-05-01,26,JO5N,61.7
200906,2009-06-01,26,JO5N,65.6
200907,2009-07-01,26,JO5N,65.1
200908,2009-08-01,26,JO5N,65.5
200909,2009-09-01,26,JO5N,64.9
200910,2009-10-01,26,JO5N,70.4
200911,2009-11-01,26,JO5N,72.5
200912,2009-12-01,26,JO5N,74.5
201001,2010-01-01,26,JO5N,65.1
201002,2010-02-01,26,JO5N,74.3
201003,2010-03-01,26,JO5N,74.1
201004,2010-04-01,26,JO5N,76.0
201005,2010-05-01,26,JO5N,76.0
201006,2010-06-01,26,JO5N,74.4
201007,2010-07-01,26,JO5N,78.5
201008,2010-08-01,26,JO5N,78.7
201009,2010-09-01,26,JO5N,76.0
201010,2010-10-01,26,JO5N,74.9
201011,2010-11-01,26,JO5N,71.6
201012,2010-12-01,26,JO5N,65.4
201101,2011-01-01,26,JO5N,69.7
201102,2011-02-01,26,JO5N,72.8
201103,2011-03-01,26,JO5N,84.0
201104,2011-04-01,26,JO5N,96.0
201105,2011-05-01,26,JO5N,83.7
201106,2011-06-01,26,JO5N,73.6
201107,2011-07-01,26,JO5N,71.9
201108,2011-08-01,26,JO5N,70.9
201109,2011-09-01,26,JO5N,70.7
201110,2011-10-01,26,JO5N,73.2
201111,2011-11-01,26,JO5N,73.9
201112,2011-12-01,26,JO5N,72.3
201201,2012-01-01,26,JO5N,78.2
201202,2012-02-01,26,JO5N,76.7
201203,2012-03-01,26,JO5N,99.7
201204,2012-04-01,26,JO5N,77.2
201205,2012-05-01,26,JO5N,74.5
201206,2012-06-01,26,JO5N,77.0
201207,2012-07-01,26,JO5N,72.8
201208,2012-08-01,26,JO5N,73.8
201209,2012-09-01,26,JO5N,75.8
201210,2012-10-01,26,JO5N,71.8
201211,2012-11-01,26,JO5N,75.8
201212,2012-12-01,26,JO5N,74.8
201301,2013-01-01,26,JO5N,75.2
201302,2013-02-01,26,JO5N,73.8
201303,2013-03-01,26,JO5N,73.6
201304,2013-04-01,26,JO5N,75.2
201305,2013-05-01,26,JO5N,82.7
201306,2013-06-01,26,JO5N,81.0
201307,2013-07-01,26,JO5N,84.4
201308,2013-08-01,26,JO5N,83.8
201309,2013-09-01,26,JO5N,84.0
201310,2013-10-01,26,JO5N,84.5
201311,2013-11-01,26,JO5N,82.1
201312,2013-12-01,26,JO5N,72.7
201401,2014-01-01,26,JO5N,84.0
201402,2014-02-01,26,JO5N,86.9
201403,2014-03-01,26,JO5N,89.6
201404,2014-04-01,26,JO5N,83.6
201405,2014-05-01,26,JO5N,81.4
201406,2014-06-01,26,JO5N,78.7
201407,2014-07-01,26,JO5N,81.1
201408,2014-08-01,26,JO5N,76.4
201409,2014-09-01,26,JO5N,81.9
201410,2014-10-01,26,JO5N,84.1
201411,2014-11-01,26,JO5N,86.2
201412,2014-12-01,26,JO5N,86.0
201501,2015-01-01,26,JO5N,103.7
201502,2015-02-01,26,JO5N,94.8
201503,2015-03-01,26,JO5N,90.5
201504,2015-04-01,26,JO5N,103.6
201505,2015-05-01,26,JO5N,98.7
201506,2015-06-01,26,JO5N,98.6
201507,2015-07-01,26,JO5N,91.3
201508,2015-08-01,26,JO5N,94.8
201509,2015-09-01,26,JO5N,93.0
201510,2015-10-01,26,JO5N,92.5
201511,2015-11-01,26,JO5N,92.9
201512,2015-12-01,26,JO5N,95.4
201601,2016-01-01,26,JO5N,89.9
201602,2016-02-01,26,JO5N,91.0
201603,2016-03-01,26,JO5N,93.8
201604,2016-04-01,26,JO5N,92.1
201605,2016-05-01,26,JO5N,103.9
201606,2016-06-01,26,JO5N,97.4
201607,2016-07-01,26,JO5N,96.0
201608,2016-08-01,26,JO5N,99.6
201609,2016-09-01,26,JO5N,95.5
201610,2016-10-01,26,JO5N,96.5
201611,2016-11-01,26,JO5N,98.4
201612,2016-12-01,26,JO5N,93.0
201701,2017-01-01,26,JO5N,89.4
201702,2017-02-01,26,JO5N,88.1
201703,2017-03-01,26,JO5N,97.7
201704,2017-04-01,26,JO5N,106.7
201705,2017-05-01,26,JO5N,95.0
201706,2017-06-01,26,JO5N,87.0
201707,2017-07-01,26,JO5N,96.8
201708,2017-08-01,26,JO5N,94.1
201709,2017-09-01,26,JO5N,89.8
201710,2017-10-01,26,JO5N,90.7
201711,2017-11-01,26,JO5N,89.9
201712,2017-12-01,26,JO5N,91.9
201801,2018-01-01,26,JO5N,97.3
201802,2018-02-01,26,JO5N,95.0
201803,2018-03-01,26,JO5N,88.6
201804,2018-04-01,26,JO5N,93.0
201805,2018-05-01,26,JO5N,94.8
201806,2018-06-01,26,JO5N,96.6
201807,2018-07-01,26,JO5N,92.4
201808,2018-08-01,26,JO5N,92.9
201809,2018-09-01,26,JO5N,99.7
201810,2018-10-01,26,JO5N,107.4
201811,2018-11-01,26,JO5N,92.0
201812,2018-12-01,26,JO5N,94.9
201901,2019-01-01,26,JO5N,96.2
201902,2019-02-01,26,JO5N,98.9
201903,2019-03-01,26,JO5N,99.3
201904,2019-04-01,26,JO5N,94.3
201905,2019-05-01,26,JO5N,91.4
201906,2019-06-01,26,JO5N,90.0
201907,2019-07-01,26,JO5N,95.6
201908,2019-08-01,26,JO5N,92.9
201909,2019-09-01,26,JO5N,91.2
201910,2019-10-01,26,JO5N,88.5
201911,2019-11-01,26,JO5N,95.0
201912,2019-12-01,26,JO5N,98.2
202001,2020-01-01,26,JO5N,104.2
202002,2020-02-01,26,JO5N,84.7
202003,2020-03-01,26,JO5N,89.2
202004,2020-04-01,26,JO5N,49.0
202005,2020-05-01,26,JO5N,96.2
202006,2020-06-01,26,JO5N,115.8
202007,2020-07-01,26,JO5N,112.0
202008,2020-08-01,26,JO5N,113.8
202009,2020-09-01,26,JO5N,118.3
202010,2020-10-01,26,JO5N,116.2
202011,2020-11-01,26,JO5N,115.7
202012,2020-12-01,26,JO5N,109.7
202101,2021-01-01,26,JO5N,98.8
202102,2021-02-01,26,JO5N,114.3
202103,2021-03-01,26,JO5N,145.8
202104,2021-04-01,26,JO5N,125.6
202105,2021-05-01,26,JO5N,112.9
202106,2021-06-01,26,JO5N,123.1
202107,2021-07-01,26,JO5N,120.5
202108,2021-08-01,26,JO5N,120.6
202109,2021-09-01,26,JO5N,120.1
202110,2021-10-01,26,JO5N,126.1
202111,2021-11-01,26,JO5N,119.6
202112,2021-12-01,26,JO5N,112.4
202201,2022-01-01,26,JO5N,139.1
202202,2022-02-01,26,JO5N,122.1
202203,2022-03-01,26,JO5N,115.0
202204,2022-04-01,26,JO5N,106.6
202205,2022-05-01,26,JO5N,100.9
202206,2022-06-01,26,JO5N,104.4
202207,2022-07-01,26,JO5N,111.5
202208,2022-08-01,26,JO5N,114.7
202209,2022-09-01,26,JO5N,110.4
202210,2022-10-01,26,JO5N,110.7
202211,2022-11-01,26,JO5N,110.3
202212,2022-12-01,26,JO5N,103.7
202301,2023-01-01,26,JO5N,91.6
202302,2023-02-01,26,JO5N,102.9
202303,2023-03-01,26,JO5N,98.4
202304,2023-04-01,26,JO5N,103.1
202305,2023-05-01,26,JO5N,109.7
202306,2023-06-01,26,JO5N,104.5
202307,2023-07-01,26,JO5N,99.3
202308,2023-08-01,26,JO5N,95.6
202309,2023-09-01,26,JO5N,97.1
202310,2023-10-01,26,JO5N,98.7
202311,2023-11-01,26,JO5N,98.3
202312,2023-12-01,26,JO5N,100.7
202401,2024-01-01,26,JO5N,102.9
202402,2024-02-01,26,JO5N,98.7
202403,2024-03-01,26,JO5N,101.9
202404,2024-04-01,26,JO5N,98.9
202405,2024-05-01,26,JO5N,103.8
202406,2024-06-01,26,JO5N,102.9
202407,2024-07-01,26,JO5N,100.7
202408,2024-08-01,26,JO5N,103.5
202409,2024-09-01,26,JO5N,103.2
202410,2024-10-01,26,JO5N,99.0
202411,2024-11-01,26,JO5N,103.8
202412,2024-12-01,26,JO5N,104.6
202501,2025-01-01,26,JO5N,99.4
202502,2025-02-01,26,JO5N,96.2
202503,2025-03-01,26,JO5N,104.5
202504,2025-04-01,26,JO5N,107.3
202505,2025-05-01,26,JO5N,104.6
202506,2025-06-01,26,JO5N,103.5
202507,2025-07-01,26,JO5N,109.2
202508,2025-08-01,26,JO5N,108.0
202509,2025-09-01,26,JO5N,107.6
202510,2025-10-01,26,JO5N,109.6
202511,2025-11-01,26,JO5N,108.9
202512,2025-12-01,26,JO5N,106.2
202601,2026-01-01,26,JO5N,114.5
202602,2026-02-01,26,JO5N,115.0
202603,2026-03-01,26,JO5N,113.6
202604,2026-04-01,26,JO5N,108.8
202605,2026-05-01,26,JO5N,109.6
202606,2026-06-01,26,JO5N,109.7
198801,1988-01-01,27,JO5O,41.9
198802,1988-02-01,27,JO5O,40.4
198803,1988-03-01,27,JO5O,40.7
198804,1988-04-01,27,JO5O,41.4
198805,1988-05-01,27,JO5O,41.1
198806,1988-06-01,27,JO5O,42.1
198807,1988-07-01,27,JO5O,42.4
198808,1988-08-01,27,JO5O,42.9
198809,1988-09-01,27,JO5O,42.3
198810,1988-10-01,27,JO5O,43.9
198811,1988-11-01,27,JO5O,43.7
198812,1988-12-01,27,JO5O,44.5
198901,1989-01-01,27,JO5O,44.7
198902,1989-02-01,27,JO5O,44.7
198903,1989-03-01,27,JO5O,44.7
198904,1989-04-01,27,JO5O,42.0
198905,1989-05-01,27,JO5O,44.7
198906,1989-06-01,27,JO5O,44.4
198907,1989-07-01,27,JO5O,44.1
198908,1989-08-01,27,JO5O,45.1
198909,1989-09-01,27,JO5O,45.9
198910,1989-10-01,27,JO5O,45.9
198911,1989-11-01,27,JO5O,45.7
198912,1989-12-01,27,JO5O,47.5
199001,1990-01-01,27,JO5O,47.6
199002,1990-02-01,27,JO5O,47.3
199003,1990-03-01,27,JO5O,47.5
199004,1990-04-01,27,JO5O,45.9
199005,1990-05-01,27,JO5O,46.4
199006,1990-06-01,27,JO5O,45.6
199007,1990-07-01,27,JO5O,46.6
199008,1990-08-01,27,JO5O,45.9
199009,1990-09-01,27,JO5O,45.8
199010,1990-10-01,27,JO5O,45.8
199011,1990-11-01,27,JO5O,45.7
199012,1990-12-01,27,JO5O,47.9
199101,1991-01-01,27,JO5O,43.0
199102,1991-02-01,27,JO5O,42.2
199103,1991-03-01,27,JO5O,46.8
199104,1991-04-01,27,JO5O,43.6
199105,1991-05-01,27,JO5O,43.1
199106,1991-06-01,27,JO5O,43.2
199107,1991-07-01,27,JO5O,43.4
199108,1991-08-01,27,JO5O,42.4
199109,1991-09-01,27,JO5O,43.1
199110,1991-10-01,27,JO5O,43.0
199111,1991-11-01,27,JO5O,45.4
199112,1991-12-01,27,JO5O,43.6
199201,1992-01-01,27,JO5O,40.1
199202,1992-02-01,27,JO5O,40.8
199203,1992-03-01,27,JO5O,41.0
199204,1992-04-01,27,JO5O,42.6
199205,1992-05-01,27,JO5O,43.7
199206,1992-06-01,27,JO5O,42.5
199207,1992-07-01,27,JO5O,40.5
199208,1992-08-01,27,JO5O,40.9
199209,1992-09-01,27,JO5O,40.2
199210,1992-10-01,27,JO5O,38.9
199211,1992-11-01,27,JO5O,39.8
199212,1992-12-01,27,JO5O,38.0
199301,1993-01-01,27,JO5O,40.3
199302,1993-02-01,27,JO5O,41.8
199303,1993-03-01,27,JO5O,41.9
199304,1993-04-01,27,JO5O,41.4
199305,1993-05-01,27,JO5O,41.2
199306,1993-06-01,27,JO5O,40.6
199307,1993-07-01,27,JO5O,40.1
199308,1993-08-01,27,JO5O,40.4
199309,1993-09-01,27,JO5O,39.8
199310,1993-10-01,27,JO5O,40.0
199311,1993-11-01,27,JO5O,40.6
199312,1993-12-01,27,JO5O,38.9
199401,1994-01-01,27,JO5O,40.2
199402,1994-02-01,27,JO5O,39.2
199403,1994-03-01,27,JO5O,40.2
199404,1994-04-01,27,JO5O,39.5
199405,1994-05-01,27,JO5O,40.7
199406,1994-06-01,27,JO5O,40.3
199407,1994-07-01,27,JO5O,40.2
199408,1994-08-01,27,JO5O,40.2
199409,1994-09-01,27,JO5O,40.5
199410,1994-10-01,27,JO5O,40.9
199411,1994-11-01,27,JO5O,40.7
199412,1994-12-01,27,JO5O,41.3
199501,1995-01-01,27,JO5O,40.8
199502,1995-02-01,27,JO5O,41.4
199503,1995-03-01,27,JO5O,40.6
199504,1995-04-01,27,JO5O,40.5
199505,1995-05-01,27,JO5O,39.5
199506,1995-06-01,27,JO5O,39.9
199507,1995-07-01,27,JO5O,41.3
199508,1995-08-01,27,JO5O,41.4
199509,1995-09-01,27,JO5O,41.3
199510,1995-10-01,27,JO5O,42.1
199511,1995-11-01,27,JO5O,41.9
199512,1995-12-01,27,JO5O,44.3
199601,1996-01-01,27,JO5O,42.4
199602,1996-02-01,27,JO5O,42.1
199603,1996-03-01,27,JO5O,43.1
199604,1996-04-01,27,JO5O,44.7
199605,1996-05-01,27,JO5O,43.8
199606,1996-06-01,27,JO5O,45.8
199607,1996-07-01,27,JO5O,44.1
199608,1996-08-01,27,JO5O,43.9
199609,1996-09-01,27,JO5O,45.4
199610,1996-10-01,27,JO5O,43.8
199611,1996-11-01,27,JO5O,43.4
199612,1996-12-01,27,JO5O,44.0
199701,1997-01-01,27,JO5O,43.6
199702,1997-02-01,27,JO5O,44.7
199703,1997-03-01,27,JO5O,48.0
199704,1997-04-01,27,JO5O,44.1
199705,1997-05-01,27,JO5O,43.5
199706,1997-06-01,27,JO5O,44.5
199707,1997-07-01,27,JO5O,44.2
199708,1997-08-01,27,JO5O,43.5
199709,1997-09-01,27,JO5O,43.8
199710,1997-10-01,27,JO5O,44.6
199711,1997-11-01,27,JO5O,44.2
199712,1997-12-01,27,JO5O,44.1
199801,1998-01-01,27,JO5O,46.1
199802,1998-02-01,27,JO5O,47.2
199803,1998-03-01,27,JO5O,46.6
199804,1998-04-01,27,JO5O,46.0
199805,1998-05-01,27,JO5O,49.3
199806,1998-06-01,27,JO5O,46.1
199807,1998-07-01,27,JO5O,46.0
199808,1998-08-01,27,JO5O,46.2
199809,1998-09-01,27,JO5O,46.0
199810,1998-10-01,27,JO5O,45.5
199811,1998-11-01,27,JO5O,46.5
199812,1998-12-01,27,JO5O,45.6
199901,1999-01-01,27,JO5O,46.1
199902,1999-02-01,27,JO5O,46.1
199903,1999-03-01,27,JO5O,46.8
199904,1999-04-01,27,JO5O,46.9
199905,1999-05-01,27,JO5O,49.4
199906,1999-06-01,27,JO5O,48.0
199907,1999-07-01,27,JO5O,47.5
199908,1999-08-01,27,JO5O,47.6
199909,1999-09-01,27,JO5O,47.5
199910,1999-10-01,27,JO5O,47.5
199911,1999-11-01,27,JO5O,47.8
199912,1999-12-01,27,JO5O,45.7
200001,2000-01-01,27,JO5O,47.1
200002,2000-02-01,27,JO5O,45.5
200003,2000-03-01,27,JO5O,45.0
200004,2000-04-01,27,JO5O,47.1
200005,2000-05-01,27,JO5O,46.5
200006,2000-06-01,27,JO5O,46.8
200007,2000-07-01,27,JO5O,48.6
200008,2000-08-01,27,JO5O,49.4
200009,2000-09-01,27,JO5O,48.8
200010,2000-10-01,27,JO5O,50.1
200011,2000-11-01,27,JO5O,48.8
200012,2000-12-01,27,JO5O,52.5
200101,2001-01-01,27,JO5O,49.7
200102,2001-02-01,27,JO5O,53.2
200103,2001-03-01,27,JO5O,49.8
200104,2001-04-01,27,JO5O,52.8
200105,2001-05-01,27,JO5O,54.9
200106,2001-06-01,27,JO5O,56.8
200107,2001-07-01,27,JO5O,56.9
200108,2001-08-01,27,JO5O,57.9
200109,2001-09-01,27,JO5O,57.3
200110,2001-10-01,27,JO5O,57.6
200111,2001-11-01,27,JO5O,57.2
200112,2001-12-01,27,JO5O,60.2
200201,2002-01-01,27,JO5O,59.4
200202,2002-02-01,27,JO5O,59.3
200203,2002-03-01,27,JO5O,61.5
200204,2002-04-01,27,JO5O,61.3
200205,2002-05-01,27,JO5O,60.4
200206,2002-06-01,27,JO5O,58.0
200207,2002-07-01,27,JO5O,58.6
200208,2002-08-01,27,JO5O,58.0
200209,2002-09-01,27,JO5O,59.6
200210,2002-10-01,27,JO5O,59.2
200211,2002-11-01,27,JO5O,63.0
200212,2002-12-01,27,JO5O,60.8
200301,2003-01-01,27,JO5O,62.4
200302,2003-02-01,27,JO5O,62.9
200303,2003-03-01,27,JO5O,63.2
200304,2003-04-01,27,JO5O,62.6
200305,2003-05-01,27,JO5O,62.0
200306,2003-06-01,27,JO5O,61.7
200307,2003-07-01,27,JO5O,62.0
200308,2003-08-01,27,JO5O,62.3
200309,2003-09-01,27,JO5O,63.4
200310,2003-10-01,27,JO5O,64.1
200311,2003-11-01,27,JO5O,66.1
200312,2003-12-01,27,JO5O,64.4
200401,2004-01-01,27,JO5O,65.4
200402,2004-02-01,27,JO5O,65.4
200403,2004-03-01,27,JO5O,63.5
200404,2004-04-01,27,JO5O,65.3
200405,2004-05-01,27,JO5O,64.7
200406,2004-06-01,27,JO5O,66.7
200407,2004-07-01,27,JO5O,66.2
200408,2004-08-01,27,JO5O,64.7
200409,2004-09-01,27,JO5O,66.2
200410,2004-10-01,27,JO5O,64.6
200411,2004-11-01,27,JO5O,64.1
200412,2004-12-01,27,JO5O,63.0
200501,2005-01-01,27,JO5O,63.9
200502,2005-02-01,27,JO5O,62.5
200503,2005-03-01,27,JO5O,64.6
200504,2005-04-01,27,JO5O,61.8
200505,2005-05-01,27,JO5O,64.2
200506,2005-06-01,27,JO5O,64.4
200507,2005-07-01,27,JO5O,65.9
200508,2005-08-01,27,JO5O,66.9
200509,2005-09-01,27,JO5O,65.8
200510,2005-10-01,27,JO5O,65.4
200511,2005-11-01,27,JO5O,64.6
200512,2005-12-01,27,JO5O,64.5
200601,2006-01-01,27,JO5O,68.6
200602,2006-02-01,27,JO5O,63.8
200603,2006-03-01,27,JO5O,62.6
200604,2006-04-01,27,JO5O,67.6
200605,2006-05-01,27,JO5O,66.0
200606,2006-06-01,27,JO5O,68.5
200607,2006-07-01,27,JO5O,67.5
200608,2006-08-01,27,JO5O,67.9
200609,2006-09-01,27,JO5O,67.3
200610,2006-10-01,27,JO5O,69.0
200611,2006-11-01,27,JO5O,69.3
200612,2006-12-01,27,JO5O,69.2
200701,2007-01-01,27,JO5O,67.7
200702,2007-02-01,27,JO5O,67.7
200703,2007-03-01,27,JO5O,72.6
200704,2007-04-01,27,JO5O,77.7
200705,2007-05-01,27,JO5O,74.3
200706,2007-06-01,27,JO5O,76.0
200707,2007-07-01,27,JO5O,75.0
200708,2007-08-01,27,JO5O,76.1
200709,2007-09-01,27,JO5O,74.7
200710,2007-10-01,27,JO5O,76.5
200711,2007-11-01,27,JO5O,76.4
200712,2007-12-01,27,JO5O,72.5
200801,2008-01-01,27,JO5O,78.9
200802,2008-02-01,27,JO5O,80.2
200803,2008-03-01,27,JO5O,79.5
200804,2008-04-01,27,JO5O,79.1
200805,2008-05-01,27,JO5O,84.2
200806,2008-06-01,27,JO5O,82.6
200807,2008-07-01,27,JO5O,84.2
200808,2008-08-01,27,JO5O,65.7
200809,2008-09-01,27,JO5O,67.7
200810,2008-10-01,27,JO5O,67.3
200811,2008-11-01,27,JO5O,65.1
200812,2008-12-01,27,JO5O,70.6
200901,2009-01-01,27,JO5O,81.9
200902,2009-02-01,27,JO5O,73.0
200903,2009-03-01,27,JO5O,70.9
200904,2009-04-01,27,JO5O,74.1
200905,2009-05-01,27,JO5O,74.5
200906,2009-06-01,27,JO5O,71.6
200907,2009-07-01,27,JO5O,70.9
200908,2009-08-01,27,JO5O,80.5
200909,2009-09-01,27,JO5O,73.5
200910,2009-10-01,27,JO5O,72.7
200911,2009-11-01,27,JO5O,77.3
200912,2009-12-01,27,JO5O,85.1
201001,2010-01-01,27,JO5O,70.8
201002,2010-02-01,27,JO5O,85.4
201003,2010-03-01,27,JO5O,77.7
201004,2010-04-01,27,JO5O,75.7
201005,2010-05-01,27,JO5O,75.5
201006,2010-06-01,27,JO5O,78.4
201007,2010-07-01,27,JO5O,80.4
201008,2010-08-01,27,JO5O,81.6
201009,2010-09-01,27,JO5O,80.4
201010,2010-10-01,27,JO5O,87.4
201011,2010-11-01,27,JO5O,83.1
201012,2010-12-01,27,JO5O,78.5
201101,2011-01-01,27,JO5O,80.7
201102,2011-02-01,27,JO5O,78.1
201103,2011-03-01,27,JO5O,73.1
201104,2011-04-01,27,JO5O,79.0
201105,2011-05-01,27,JO5O,77.5
201106,2011-06-01,27,JO5O,79.8
201107,2011-07-01,27,JO5O,78.3
201108,2011-08-01,27,JO5O,78.9
201109,2011-09-01,27,JO5O,77.5
201110,2011-10-01,27,JO5O,92.2
201111,2011-11-01,27,JO5O,76.4
201112,2011-12-01,27,JO5O,76.2
201201,2012-01-01,27,JO5O,77.7
201202,2012-02-01,27,JO5O,73.9
201203,2012-03-01,27,JO5O,73.3
201204,2012-04-01,27,JO5O,70.5
201205,2012-05-01,27,JO5O,72.6
201206,2012-06-01,27,JO5O,71.5
201207,2012-07-01,27,JO5O,72.9
201208,2012-08-01,27,JO5O,69.4
201209,2012-09-01,27,JO5O,73.7
201210,2012-10-01,27,JO5O,71.5
201211,2012-11-01,27,JO5O,69.3
201212,2012-12-01,27,JO5O,72.3
201301,2013-01-01,27,JO5O,73.6
201302,2013-02-01,27,JO5O,75.7
201303,2013-03-01,27,JO5O,74.9
201304,2013-04-01,27,JO5O,85.1
201305,2013-05-01,27,JO5O,76.0
201306,2013-06-01,27,JO5O,73.5
201307,2013-07-01,27,JO5O,77.0
201308,2013-08-01,27,JO5O,76.8
201309,2013-09-01,27,JO5O,86.0
201310,2013-10-01,27,JO5O,75.3
201311,2013-11-01,27,JO5O,81.5
201312,2013-12-01,27,JO5O,77.0
201401,2014-01-01,27,JO5O,74.3
201402,2014-02-01,27,JO5O,77.7
201403,2014-03-01,27,JO5O,80.7
201404,2014-04-01,27,JO5O,77.3
201405,2014-05-01,27,JO5O,79.5
201406,2014-06-01,27,JO5O,88.9
201407,2014-07-01,27,JO5O,75.8
201408,2014-08-01,27,JO5O,81.3
201409,2014-09-01,27,JO5O,85.5
201410,2014-10-01,27,JO5O,85.5
201411,2014-11-01,27,JO5O,91.1
201412,2014-12-01,27,JO5O,88.5
201501,2015-01-01,27,JO5O,80.6
201502,2015-02-01,27,JO5O,80.9
201503,2015-03-01,27,JO5O,85.0
201504,2015-04-01,27,JO5O,85.4
201505,2015-05-01,27,JO5O,80.7
201506,2015-06-01,27,JO5O,78.1
201507,2015-07-01,27,JO5O,77.5
201508,2015-08-01,27,JO5O,79.2
201509,2015-09-01,27,JO5O,76.3
201510,2015-10-01,27,JO5O,78.6
201511,2015-11-01,27,JO5O,76.5
201512,2015-12-01,27,JO5O,81.6
201601,2016-01-01,27,JO5O,81.3
201602,2016-02-01,27,JO5O,84.2
201603,2016-03-01,27,JO5O,83.2
201604,2016-04-01,27,JO5O,83.6
201605,2016-05-01,27,JO5O,84.4
201606,2016-06-01,27,JO5O,90.3
201607,2016-07-01,27,JO5O,86.7
201608,2016-08-01,27,JO5O,87.7
201609,2016-09-01,27,JO5O,87.8
201610,2016-10-01,27,JO5O,93.5
201611,2016-11-01,27,JO5O,87.7
201612,2016-12-01,27,JO5O,93.2
201701,2017-01-01,27,JO5O,97.5
201702,2017-02-01,27,JO5O,98.1
201703,2017-03-01,27,JO5O,96.1
201704,2017-04-01,27,JO5O,94.6
201705,2017-05-01,27,JO5O,90.9
201706,2017-06-01,27,JO5O,93.3
201707,2017-07-01,27,JO5O,95.3
201708,2017-08-01,27,JO5O,97.4
201709,2017-09-01,27,JO5O,97.0
201710,2017-10-01,27,JO5O,94.9
201711,2017-11-01,27,JO5O,103.4
201712,2017-12-01,27,JO5O,94.3
201801,2018-01-01,27,JO5O,96.8
201802,2018-02-01,27,JO5O,92.7
201803,2018-03-01,27,JO5O,89.9
201804,2018-04-01,27,JO5O,96.4
201805,2018-05-01,27,JO5O,97.9
201806,2018-06-01,27,JO5O,91.4
201807,2018-07-01,27,JO5O,113.0
201808,2018-08-01,27,JO5O,111.2
201809,2018-09-01,27,JO5O,107.7
201810,2018-10-01,27,JO5O,106.9
201811,2018-11-01,27,JO5O,106.7
201812,2018-12-01,27,JO5O,108.5
201901,2019-01-01,27,JO5O,98.9
201902,2019-02-01,27,JO5O,99.0
201903,2019-03-01,27,JO5O,110.9
201904,2019-04-01,27,JO5O,104.8
201905,2019-05-01,27,JO5O,108.9
201906,2019-06-01,27,JO5O,111.7
201907,2019-07-01,27,JO5O,118.3
201908,2019-08-01,27,JO5O,112.1
201909,2019-09-01,27,JO5O,110.9
201910,2019-10-01,27,JO5O,100.9
201911,2019-11-01,27,JO5O,98.3
201912,2019-12-01,27,JO5O,100.4
202001,2020-01-01,27,JO5O,102.4
202002,2020-02-01,27,JO5O,107.0
202003,2020-03-01,27,JO5O,64.5
202004,2020-04-01,27,JO5O,27.4
202005,2020-05-01,27,JO5O,25.7
202006,2020-06-01,27,JO5O,72.6
202007,2020-07-01,27,JO5O,90.6
202008,2020-08-01,27,JO5O,99.5
202009,2020-09-01,27,JO5O,113.3
202010,2020-10-01,27,JO5O,101.8
202011,2020-11-01,27,JO5O,77.4
202012,2020-12-01,27,JO5O,95.1
202101,2021-01-01,27,JO5O,72.9
202102,2021-02-01,27,JO5O,69.3
202103,2021-03-01,27,JO5O,65.6
202104,2021-04-01,27,JO5O,114.0
202105,2021-05-01,27,JO5O,123.2
202106,2021-06-01,27,JO5O,115.0
202107,2021-07-01,27,JO5O,112.9
202108,2021-08-01,27,JO5O,118.1
202109,2021-09-01,27,JO5O,121.7
202110,2021-10-01,27,JO5O,121.7
202111,2021-11-01,27,JO5O,119.1
202112,2021-12-01,27,JO5O,118.4
202201,2022-01-01,27,JO5O,114.2
202202,2022-02-01,27,JO5O,110.0
202203,2022-03-01,27,JO5O,110.3
202204,2022-04-01,27,JO5O,105.2
202205,2022-05-01,27,JO5O,112.8
202206,2022-06-01,27,JO5O,107.9
202207,2022-07-01,27,JO5O,109.2
202208,2022-08-01,27,JO5O,104.2
202209,2022-09-01,27,JO5O,99.7
202210,2022-10-01,27,JO5O,106.0
202211,2022-11-01,27,JO5O,100.8
202212,2022-12-01,27,JO5O,98.1
202301,2023-01-01,27,JO5O,104.5
202302,2023-02-01,27,JO5O,104.3
202303,2023-03-01,27,JO5O,100.5
202304,2023-04-01,27,JO5O,112.1
202305,2023-05-01,27,JO5O,103.1
202306,2023-06-01,27,JO5O,102.5
202307,2023-07-01,27,JO5O,103.7
202308,2023-08-01,27,JO5O,102.6
202309,2023-09-01,27,JO5O,91.0
202310,2023-10-01,27,JO5O,90.7
202311,2023-11-01,27,JO5O,96.0
202312,2023-12-01,27,JO5O,92.3
202401,2024-01-01,27,JO5O,95.5
202402,2024-02-01,27,JO5O,94.8
202403,2024-03-01,27,JO5O,96.0
202404,2024-04-01,27,JO5O,96.0
202405,2024-05-01,27,JO5O,94.0
202406,2024-06-01,27,JO5O,96.6
202407,2024-07-01,27,JO5O,96.4
202408,2024-08-01,27,JO5O,97.8
202409,2024-09-01,27,JO5O,99.9
202410,2024-10-01,27,JO5O,101.0
202411,2024-11-01,27,JO5O,105.2
202412,2024-12-01,27,JO5O,101.2
202501,2025-01-01,27,JO5O,92.3
202502,2025-02-01,27,JO5O,97.6
202503,2025-03-01,27,JO5O,99.1
202504,2025-04-01,27,JO5O,99.6
202505,2025-05-01,27,JO5O,96.7
202506,2025-06-01,27,JO5O,96.6
202507,2025-07-01,27,JO5O,96.2
202508,2025-08-01,27,JO5O,97.5
202509,2025-09-01,27,JO5O,98.3
202510,2025-10-01,27,JO5O,99.2
202511,2025-11-01,27,JO5O,100.1
202512,2025-12-01,27,JO5O,101.1
202601,2026-01-01,27,JO5O,108.0
202602,2026-02-01,27,JO5O,104.5
202603,2026-03-01,27,JO5O,101.8
202604,2026-04-01,27,JO5O,102.9
202605,2026-05-01,27,JO5O,105.1
202606,2026-06-01,27,JO5O,107.3
198801,1988-01-01,28,JO5P,55.2
198802,1988-02-01,28,JO5P,53.2
198803,1988-03-01,28,JO5P,54.3
198804,1988-04-01,28,JO5P,54.4
198805,1988-05-01,28,JO5P,54.0
198806,1988-06-01,28,JO5P,55.4
198807,1988-07-01,28,JO5P,55.7
198808,1988-08-01,28,JO5P,56.4
198809,1988-09-01,28,JO5P,55.6
198810,1988-10-01,28,JO5P,57.6
198811,1988-11-01,28,JO5P,57.5
198812,1988-12-01,28,JO5P,58.6
198901,1989-01-01,28,JO5P,58.8
198902,1989-02-01,28,JO5P,58.7
198903,1989-03-01,28,JO5P,57.9
198904,1989-04-01,28,JO5P,56.8
198905,1989-05-01,28,JO5P,58.7
198906,1989-06-01,28,JO5P,58.2
198907,1989-07-01,28,JO5P,57.9
198908,1989-08-01,28,JO5P,59.3
198909,1989-09-01,28,JO5P,60.3
198910,1989-10-01,28,JO5P,60.3
198911,1989-11-01,28,JO5P,60.1
198912,1989-12-01,28,JO5P,62.8
199001,1990-01-01,28,JO5P,62.7
199002,1990-02-01,28,JO5P,62.2
199003,1990-03-01,28,JO5P,62.6
199004,1990-04-01,28,JO5P,61.2
199005,1990-05-01,28,JO5P,61.1
199006,1990-06-01,28,JO5P,59.9
199007,1990-07-01,28,JO5P,61.4
199008,1990-08-01,28,JO5P,60.7
199009,1990-09-01,28,JO5P,60.4
199010,1990-10-01,28,JO5P,60.6
199011,1990-11-01,28,JO5P,60.4
199012,1990-12-01,28,JO5P,63.6
199101,1991-01-01,28,JO5P,56.9
199102,1991-02-01,28,JO5P,55.8
199103,1991-03-01,28,JO5P,61.1
199104,1991-04-01,28,JO5P,58.7
199105,1991-05-01,28,JO5P,56.9
199106,1991-06-01,28,JO5P,57.2
199107,1991-07-01,28,JO5P,57.5
199108,1991-08-01,28,JO5P,56.2
199109,1991-09-01,28,JO5P,57.2
199110,1991-10-01,28,JO5P,57.1
199111,1991-11-01,28,JO5P,60.3
199112,1991-12-01,28,JO5P,58.3
199201,1992-01-01,28,JO5P,53.6
199202,1992-02-01,28,JO5P,54.5
199203,1992-03-01,28,JO5P,54.8
199204,1992-04-01,28,JO5P,57.1
199205,1992-05-01,28,JO5P,58.7
199206,1992-06-01,28,JO5P,57.7
199207,1992-07-01,28,JO5P,54.6
199208,1992-08-01,28,JO5P,55.2
199209,1992-09-01,28,JO5P,54.7
199210,1992-10-01,28,JO5P,53.1
199211,1992-11-01,28,JO5P,54.5
199212,1992-12-01,28,JO5P,52.5
199301,1993-01-01,28,JO5P,54.7
199302,1993-02-01,28,JO5P,57.0
199303,1993-03-01,28,JO5P,56.7
199304,1993-04-01,28,JO5P,57.3
199305,1993-05-01,28,JO5P,58.0
199306,1993-06-01,28,JO5P,57.7
199307,1993-07-01,28,JO5P,57.1
199308,1993-08-01,28,JO5P,57.9
199309,1993-09-01,28,JO5P,57.3
199310,1993-10-01,28,JO5P,57.7
199311,1993-11-01,28,JO5P,58.5
199312,1993-12-01,28,JO5P,56.6
199401,1994-01-01,28,JO5P,58.3
199402,1994-02-01,28,JO5P,57.3
199403,1994-03-01,28,JO5P,59.2
199404,1994-04-01,28,JO5P,56.1
199405,1994-05-01,28,JO5P,59.3
199406,1994-06-01,28,JO5P,58.9
199407,1994-07-01,28,JO5P,58.7
199408,1994-08-01,28,JO5P,58.4
199409,1994-09-01,28,JO5P,59.2
199410,1994-10-01,28,JO5P,59.9
199411,1994-11-01,28,JO5P,59.5
199412,1994-12-01,28,JO5P,60.8
199501,1995-01-01,28,JO5P,59.8
199502,1995-02-01,28,JO5P,60.5
199503,1995-03-01,28,JO5P,58.9
199504,1995-04-01,28,JO5P,59.0
199505,1995-05-01,28,JO5P,57.5
199506,1995-06-01,28,JO5P,57.4
199507,1995-07-01,28,JO5P,60.6
199508,1995-08-01,28,JO5P,60.9
199509,1995-09-01,28,JO5P,60.3
199510,1995-10-01,28,JO5P,61.6
199511,1995-11-01,28,JO5P,61.3
199512,1995-12-01,28,JO5P,65.4
199601,1996-01-01,28,JO5P,62.5
199602,1996-02-01,28,JO5P,62.2
199603,1996-03-01,28,JO5P,64.2
199604,1996-04-01,28,JO5P,64.4
199605,1996-05-01,28,JO5P,64.9
199606,1996-06-01,28,JO5P,67.7
199607,1996-07-01,28,JO5P,65.4
199608,1996-08-01,28,JO5P,64.9
199609,1996-09-01,28,JO5P,67.1
199610,1996-10-01,28,JO5P,64.7
199611,1996-11-01,28,JO5P,64.4
199612,1996-12-01,28,JO5P,65.5
199701,1997-01-01,28,JO5P,64.9
199702,1997-02-01,28,JO5P,66.4
199703,1997-03-01,28,JO5P,69.8
199704,1997-04-01,28,JO5P,66.4
199705,1997-05-01,28,JO5P,65.0
199706,1997-06-01,28,JO5P,66.3
199707,1997-07-01,28,JO5P,65.8
199708,1997-08-01,28,JO5P,64.6
199709,1997-09-01,28,JO5P,65.2
199710,1997-10-01,28,JO5P,66.7
199711,1997-11-01,28,JO5P,66.4
199712,1997-12-01,28,JO5P,66.4
199801,1998-01-01,28,JO5P,69.4
199802,1998-02-01,28,JO5P,71.0
199803,1998-03-01,28,JO5P,68.9
199804,1998-04-01,28,JO5P,69.8
199805,1998-05-01,28,JO5P,74.6
199806,1998-06-01,28,JO5P,69.4
199807,1998-07-01,28,JO5P,69.7
199808,1998-08-01,28,JO5P,70.1
199809,1998-09-01,28,JO5P,70.0
199810,1998-10-01,28,JO5P,69.3
199811,1998-11-01,28,JO5P,70.7
199812,1998-12-01,28,JO5P,69.2
199901,1999-01-01,28,JO5P,70.1
199902,1999-02-01,28,JO5P,70.1
199903,1999-03-01,28,JO5P,72.4
199904,1999-04-01,28,JO5P,70.1
199905,1999-05-01,28,JO5P,76.1
199906,1999-06-01,28,JO5P,73.4
199907,1999-07-01,28,JO5P,72.9
199908,1999-08-01,28,JO5P,73.1
199909,1999-09-01,28,JO5P,72.9
199910,1999-10-01,28,JO5P,73.2
199911,1999-11-01,28,JO5P,73.1
199912,1999-12-01,28,JO5P,69.3
200001,2000-01-01,28,JO5P,71.6
200002,2000-02-01,28,JO5P,69.9
200003,2000-03-01,28,JO5P,69.3
200004,2000-04-01,28,JO5P,71.7
200005,2000-05-01,28,JO5P,71.5
200006,2000-06-01,28,JO5P,71.1
200007,2000-07-01,28,JO5P,73.7
200008,2000-08-01,28,JO5P,75.2
200009,2000-09-01,28,JO5P,74.0
200010,2000-10-01,28,JO5P,75.7
200011,2000-11-01,28,JO5P,74.1
200012,2000-12-01,28,JO5P,79.5
200101,2001-01-01,28,JO5P,77.0
200102,2001-02-01,28,JO5P,87.4
200103,2001-03-01,28,JO5P,81.9
200104,2001-04-01,28,JO5P,86.3
200105,2001-05-01,28,JO5P,90.3
200106,2001-06-01,28,JO5P,92.7
200107,2001-07-01,28,JO5P,93.0
200108,2001-08-01,28,JO5P,94.7
200109,2001-09-01,28,JO5P,93.9
200110,2001-10-01,28,JO5P,95.2
200111,2001-11-01,28,JO5P,95.3
200112,2001-12-01,28,JO5P,100.8
200201,2002-01-01,28,JO5P,97.8
200202,2002-02-01,28,JO5P,98.2
200203,2002-03-01,28,JO5P,100.8
200204,2002-04-01,28,JO5P,101.3
200205,2002-05-01,28,JO5P,99.1
200206,2002-06-01,28,JO5P,94.1
200207,2002-07-01,28,JO5P,96.8
200208,2002-08-01,28,JO5P,96.2
200209,2002-09-01,28,JO5P,98.5
200210,2002-10-01,28,JO5P,98.4
200211,2002-11-01,28,JO5P,104.7
200212,2002-12-01,28,JO5P,101.1
200301,2003-01-01,28,JO5P,102.9
200302,2003-02-01,28,JO5P,103.1
200303,2003-03-01,28,JO5P,105.0
200304,2003-04-01,28,JO5P,104.6
200305,2003-05-01,28,JO5P,104.4
200306,2003-06-01,28,JO5P,103.1
200307,2003-07-01,28,JO5P,104.6
200308,2003-08-01,28,JO5P,105.4
200309,2003-09-01,28,JO5P,107.5
200310,2003-10-01,28,JO5P,108.7
200311,2003-11-01,28,JO5P,111.0
200312,2003-12-01,28,JO5P,108.6
200401,2004-01-01,28,JO5P,111.1
200402,2004-02-01,28,JO5P,111.9
200403,2004-03-01,28,JO5P,109.1
200404,2004-04-01,28,JO5P,110.7
200405,2004-05-01,28,JO5P,109.1
200406,2004-06-01,28,JO5P,111.6
200407,2004-07-01,28,JO5P,111.3
200408,2004-08-01,28,JO5P,108.5
200409,2004-09-01,28,JO5P,110.2
200410,2004-10-01,28,JO5P,107.4
200411,2004-11-01,28,JO5P,107.0
200412,2004-12-01,28,JO5P,105.1
200501,2005-01-01,28,JO5P,106.2
200502,2005-02-01,28,JO5P,104.8
200503,2005-03-01,28,JO5P,107.1
200504,2005-04-01,28,JO5P,102.1
200505,2005-05-01,28,JO5P,104.3
200506,2005-06-01,28,JO5P,103.5
200507,2005-07-01,28,JO5P,105.6
200508,2005-08-01,28,JO5P,107.8
200509,2005-09-01,28,JO5P,106.4
200510,2005-10-01,28,JO5P,106.3
200511,2005-11-01,28,JO5P,105.8
200512,2005-12-01,28,JO5P,105.9
200601,2006-01-01,28,JO5P,111.8
200602,2006-02-01,28,JO5P,105.1
200603,2006-03-01,28,JO5P,101.6
200604,2006-04-01,28,JO5P,106.2
200605,2006-05-01,28,JO5P,104.2
200606,2006-06-01,28,JO5P,105.5
200607,2006-07-01,28,JO5P,104.2
200608,2006-08-01,28,JO5P,105.0
200609,2006-09-01,28,JO5P,104.6
200610,2006-10-01,28,JO5P,106.9
200611,2006-11-01,28,JO5P,106.9
200612,2006-12-01,28,JO5P,105.8
200701,2007-01-01,28,JO5P,105.2
200702,2007-02-01,28,JO5P,104.8
200703,2007-03-01,28,JO5P,108.7
200704,2007-04-01,28,JO5P,114.8
200705,2007-05-01,28,JO5P,108.2
200706,2007-06-01,28,JO5P,109.3
200707,2007-07-01,28,JO5P,106.7
200708,2007-08-01,28,JO5P,107.2
200709,2007-09-01,28,JO5P,106.0
200710,2007-10-01,28,JO5P,107.8
200711,2007-11-01,28,JO5P,106.5
200712,2007-12-01,28,JO5P,99.9
200801,2008-01-01,28,JO5P,111.2
200802,2008-02-01,28,JO5P,115.9
200803,2008-03-01,28,JO5P,110.3
200804,2008-04-01,28,JO5P,108.1
200805,2008-05-01,28,JO5P,112.0
200806,2008-06-01,28,JO5P,110.6
200807,2008-07-01,28,JO5P,111.0
200808,2008-08-01,28,JO5P,113.8
200809,2008-09-01,28,JO5P,115.6
200810,2008-10-01,28,JO5P,112.1
200811,2008-11-01,28,JO5P,108.6
200812,2008-12-01,28,JO5P,114.2
200901,2009-01-01,28,JO5P,110.0
200902,2009-02-01,28,JO5P,111.7
200903,2009-03-01,28,JO5P,110.3
200904,2009-04-01,28,JO5P,110.3
200905,2009-05-01,28,JO5P,110.2
200906,2009-06-01,28,JO5P,111.0
200907,2009-07-01,28,JO5P,112.6
200908,2009-08-01,28,JO5P,103.9
200909,2009-09-01,28,JO5P,107.5
200910,2009-10-01,28,JO5P,109.3
200911,2009-11-01,28,JO5P,115.8
200912,2009-12-01,28,JO5P,114.4
201001,2010-01-01,28,JO5P,109.8
201002,2010-02-01,28,JO5P,115.3
201003,2010-03-01,28,JO5P,114.2
201004,2010-04-01,28,JO5P,119.0
201005,2010-05-01,28,JO5P,121.2
201006,2010-06-01,28,JO5P,113.2
201007,2010-07-01,28,JO5P,124.2
201008,2010-08-01,28,JO5P,122.8
201009,2010-09-01,28,JO5P,114.2
201010,2010-10-01,28,JO5P,106.9
201011,2010-11-01,28,JO5P,119.9
201012,2010-12-01,28,JO5P,108.0
201101,2011-01-01,28,JO5P,107.6
201102,2011-02-01,28,JO5P,108.1
201103,2011-03-01,28,JO5P,104.9
201104,2011-04-01,28,JO5P,106.9
201105,2011-05-01,28,JO5P,104.3
201106,2011-06-01,28,JO5P,95.4
201107,2011-07-01,28,JO5P,99.9
201108,2011-08-01,28,JO5P,105.5
201109,2011-09-01,28,JO5P,106.0
201110,2011-10-01,28,JO5P,104.2
201111,2011-11-01,28,JO5P,99.3
201112,2011-12-01,28,JO5P,96.7
201201,2012-01-01,28,JO5P,97.0
201202,2012-02-01,28,JO5P,94.0
201203,2012-03-01,28,JO5P,97.5
201204,2012-04-01,28,JO5P,90.8
201205,2012-05-01,28,JO5P,91.5
201206,2012-06-01,28,JO5P,94.9
201207,2012-07-01,28,JO5P,90.1
201208,2012-08-01,28,JO5P,111.3
201209,2012-09-01,28,JO5P,96.8
201210,2012-10-01,28,JO5P,93.9
201211,2012-11-01,28,JO5P,109.8
201212,2012-12-01,28,JO5P,96.1
201301,2013-01-01,28,JO5P,75.1
201302,2013-02-01,28,JO5P,92.0
201303,2013-03-01,28,JO5P,88.5
201304,2013-04-01,28,JO5P,93.6
201305,2013-05-01,28,JO5P,91.7
201306,2013-06-01,28,JO5P,94.5
201307,2013-07-01,28,JO5P,90.9
201308,2013-08-01,28,JO5P,88.8
201309,2013-09-01,28,JO5P,101.7
201310,2013-10-01,28,JO5P,92.8
201311,2013-11-01,28,JO5P,98.2
201312,2013-12-01,28,JO5P,100.0
201401,2014-01-01,28,JO5P,106.3
201402,2014-02-01,28,JO5P,99.2
201403,2014-03-01,28,JO5P,108.9
201404,2014-04-01,28,JO5P,99.3
201405,2014-05-01,28,JO5P,100.9
201406,2014-06-01,28,JO5P,105.2
201407,2014-07-01,28,JO5P,114.2
201408,2014-08-01,28,JO5P,101.7
201409,2014-09-01,28,JO5P,102.1
201410,2014-10-01,28,JO5P,103.7
201411,2014-11-01,28,JO5P,101.5
201412,2014-12-01,28,JO5P,132.7
201501,2015-01-01,28,JO5P,95.9
201502,2015-02-01,28,JO5P,104.6
201503,2015-03-01,28,JO5P,100.2
201504,2015-04-01,28,JO5P,97.6
201505,2015-05-01,28,JO5P,98.0
201506,2015-06-01,28,JO5P,93.2
201507,2015-07-01,28,JO5P,95.2
201508,2015-08-01,28,JO5P,94.0
201509,2015-09-01,28,JO5P,92.4
201510,2015-10-01,28,JO5P,97.1
201511,2015-11-01,28,JO5P,91.6
201512,2015-12-01,28,JO5P,88.5
201601,2016-01-01,28,JO5P,104.6
201602,2016-02-01,28,JO5P,98.7
201603,2016-03-01,28,JO5P,106.8
201604,2016-04-01,28,JO5P,120.2
201605,2016-05-01,28,JO5P,108.0
201606,2016-06-01,28,JO5P,105.1
201607,2016-07-01,28,JO5P,116.5
201608,2016-08-01,28,JO5P,109.1
201609,2016-09-01,28,JO5P,110.5
201610,2016-10-01,28,JO5P,111.7
201611,2016-11-01,28,JO5P,111.9
201612,2016-12-01,28,JO5P,123.2
201701,2017-01-01,28,JO5P,111.6
201702,2017-02-01,28,JO5P,119.7
201703,2017-03-01,28,JO5P,104.2
201704,2017-04-01,28,JO5P,107.3
201705,2017-05-01,28,JO5P,105.9
201706,2017-06-01,28,JO5P,124.9
201707,2017-07-01,28,JO5P,102.5
201708,2017-08-01,28,JO5P,129.2
201709,2017-09-01,28,JO5P,101.8
201710,2017-10-01,28,JO5P,105.8
201711,2017-11-01,28,JO5P,108.4
201712,2017-12-01,28,JO5P,124.0
201801,2018-01-01,28,JO5P,112.2
201802,2018-02-01,28,JO5P,107.6
201803,2018-03-01,28,JO5P,107.3
201804,2018-04-01,28,JO5P,120.5
201805,2018-05-01,28,JO5P,107.7
201806,2018-06-01,28,JO5P,99.8
201807,2018-07-01,28,JO5P,107.3
201808,2018-08-01,28,JO5P,118.5
201809,2018-09-01,28,JO5P,108.5
201810,2018-10-01,28,JO5P,103.3
201811,2018-11-01,28,JO5P,102.8
201812,2018-12-01,28,JO5P,110.2
201901,2019-01-01,28,JO5P,103.8
201902,2019-02-01,28,JO5P,118.8
201903,2019-03-01,28,JO5P,111.2
201904,2019-04-01,28,JO5P,130.3
201905,2019-05-01,28,JO5P,108.7
201906,2019-06-01,28,JO5P,113.5
201907,2019-07-01,28,JO5P,106.0
201908,2019-08-01,28,JO5P,109.6
201909,2019-09-01,28,JO5P,109.5
201910,2019-10-01,28,JO5P,103.9
201911,2019-11-01,28,JO5P,104.0
201912,2019-12-01,28,JO5P,102.7
202001,2020-01-01,28,JO5P,105.5
202002,2020-02-01,28,JO5P,104.9
202003,2020-03-01,28,JO5P,70.5
202004,2020-04-01,28,JO5P,38.2
202005,2020-05-01,28,JO5P,52.3
202006,2020-06-01,28,JO5P,102.3
202007,2020-07-01,28,JO5P,142.8
202008,2020-08-01,28,JO5P,129.8
202009,2020-09-01,28,JO5P,135.0
202010,2020-10-01,28,JO5P,116.5
202011,2020-11-01,28,JO5P,112.0
202012,2020-12-01,28,JO5P,117.5
202101,2021-01-01,28,JO5P,90.6
202102,2021-02-01,28,JO5P,88.6
202103,2021-03-01,28,JO5P,93.9
202104,2021-04-01,28,JO5P,108.5
202105,2021-05-01,28,JO5P,113.2
202106,2021-06-01,28,JO5P,111.3
202107,2021-07-01,28,JO5P,109.6
202108,2021-08-01,28,JO5P,119.4
202109,2021-09-01,28,JO5P,109.2
202110,2021-10-01,28,JO5P,101.1
202111,2021-11-01,28,JO5P,117.6
202112,2021-12-01,28,JO5P,109.7
202201,2022-01-01,28,JO5P,114.8
202202,2022-02-01,28,JO5P,107.7
202203,2022-03-01,28,JO5P,107.8
202204,2022-04-01,28,JO5P,114.6
202205,2022-05-01,28,JO5P,113.6
202206,2022-06-01,28,JO5P,111.8
202207,2022-07-01,28,JO5P,99.6
202208,2022-08-01,28,JO5P,102.6
202209,2022-09-01,28,JO5P,101.4
202210,2022-10-01,28,JO5P,105.1
202211,2022-11-01,28,JO5P,102.9
202212,2022-12-01,28,JO5P,98.4
202301,2023-01-01,28,JO5P,90.7
202302,2023-02-01,28,JO5P,94.6
202303,2023-03-01,28,JO5P,101.6
202304,2023-04-01,28,JO5P,107.8
202305,2023-05-01,28,JO5P,96.4
202306,2023-06-01,28,JO5P,97.0
202307,2023-07-01,28,JO5P,102.6
202308,2023-08-01,28,JO5P,105.5
202309,2023-09-01,28,JO5P,101.5
202310,2023-10-01,28,JO5P,105.3
202311,2023-11-01,28,JO5P,99.6
202312,2023-12-01,28,JO5P,98.1
202401,2024-01-01,28,JO5P,102.1
202402,2024-02-01,28,JO5P,119.2
202403,2024-03-01,28,JO5P,115.4
202404,2024-04-01,28,JO5P,110.6
202405,2024-05-01,28,JO5P,111.5
202406,2024-06-01,28,JO5P,108.9
202407,2024-07-01,28,JO5P,110.6
202408,2024-08-01,28,JO5P,106.2
202409,2024-09-01,28,JO5P,113.9
202410,2024-10-01,28,JO5P,104.3
202411,2024-11-01,28,JO5P,110.8
202412,2024-12-01,28,JO5P,112.8
202501,2025-01-01,28,JO5P,102.7
202502,2025-02-01,28,JO5P,110.1
202503,2025-03-01,28,JO5P,106.4
202504,2025-04-01,28,JO5P,109.1
202505,2025-05-01,28,JO5P,108.5
202506,2025-06-01,28,JO5P,102.4
202507,2025-07-01,28,JO5P,104.3
202508,2025-08-01,28,JO5P,102.4
202509,2025-09-01,28,JO5P,101.7
202510,2025-10-01,28,JO5P,100.9
202511,2025-11-01,28,JO5P,102.3
202512,2025-12-01,28,JO5P,99.5
202601,2026-01-01,28,JO5P,110.1
202602,2026-02-01,28,JO5P,117.2
202603,2026-03-01,28,JO5P,97.5
202604,2026-04-01,28,JO5P,98.5
202605,2026-05-01,28,JO5P,98.7
202606,2026-06-01,28,JO5P,105.0
198801,1988-01-01,29,JO5Q,56.5
198802,1988-02-01,29,JO5Q,55.7
198803,1988-03-01,29,JO5Q,54.2
198804,1988-04-01,29,JO5Q,57.1
198805,1988-05-01,29,JO5Q,57.8
198806,1988-06-01,29,JO5Q,57.8
198807,1988-07-01,29,JO5Q,62.6
198808,1988-08-01,29,JO5Q,61.7
198809,1988-09-01,29,JO5Q,60.7
198810,1988-10-01,29,JO5Q,63.4
198811,1988-11-01,29,JO5Q,63.0
198812,1988-12-01,29,JO5Q,67.6
198901,1989-01-01,29,JO5Q,62.7
198902,1989-02-01,29,JO5Q,61.2
198903,1989-03-01,29,JO5Q,59.0
198904,1989-04-01,29,JO5Q,61.3
198905,1989-05-01,29,JO5Q,59.9
198906,1989-06-01,29,JO5Q,55.6
198907,1989-07-01,29,JO5Q,58.0
198908,1989-08-01,29,JO5Q,62.2
198909,1989-09-01,29,JO5Q,62.2
198910,1989-10-01,29,JO5Q,61.8
198911,1989-11-01,29,JO5Q,62.9
198912,1989-12-01,29,JO5Q,66.0
199001,1990-01-01,29,JO5Q,65.8
199002,1990-02-01,29,JO5Q,61.8
199003,1990-03-01,29,JO5Q,61.0
199004,1990-04-01,29,JO5Q,58.8
199005,1990-05-01,29,JO5Q,56.7
199006,1990-06-01,29,JO5Q,56.2
199007,1990-07-01,29,JO5Q,59.5
199008,1990-08-01,29,JO5Q,64.1
199009,1990-09-01,29,JO5Q,60.3
199010,1990-10-01,29,JO5Q,60.7
199011,1990-11-01,29,JO5Q,59.7
199012,1990-12-01,29,JO5Q,63.4
199101,1991-01-01,29,JO5Q,67.2
199102,1991-02-01,29,JO5Q,65.3
199103,1991-03-01,29,JO5Q,74.7
199104,1991-04-01,29,JO5Q,66.8
199105,1991-05-01,29,JO5Q,66.5
199106,1991-06-01,29,JO5Q,69.2
199107,1991-07-01,29,JO5Q,67.9
199108,1991-08-01,29,JO5Q,62.7
199109,1991-09-01,29,JO5Q,61.5
199110,1991-10-01,29,JO5Q,64.7
199111,1991-11-01,29,JO5Q,62.9
199112,1991-12-01,29,JO5Q,66.3
199201,1992-01-01,29,JO5Q,73.6
199202,1992-02-01,29,JO5Q,79.5
199203,1992-03-01,29,JO5Q,78.6
199204,1992-04-01,29,JO5Q,87.9
199205,1992-05-01,29,JO5Q,89.4
199206,1992-06-01,29,JO5Q,93.9
199207,1992-07-01,29,JO5Q,82.0
199208,1992-08-01,29,JO5Q,67.1
199209,1992-09-01,29,JO5Q,68.8
199210,1992-10-01,29,JO5Q,78.9
199211,1992-11-01,29,JO5Q,78.1
199212,1992-12-01,29,JO5Q,77.9
199301,1993-01-01,29,JO5Q,75.5
199302,1993-02-01,29,JO5Q,80.0
199303,1993-03-01,29,JO5Q,85.6
199304,1993-04-01,29,JO5Q,78.9
199305,1993-05-01,29,JO5Q,82.3
199306,1993-06-01,29,JO5Q,87.4
199307,1993-07-01,29,JO5Q,87.3
199308,1993-08-01,29,JO5Q,81.3
199309,1993-09-01,29,JO5Q,91.8
199310,1993-10-01,29,JO5Q,84.2
199311,1993-11-01,29,JO5Q,96.2
199312,1993-12-01,29,JO5Q,84.3
199401,1994-01-01,29,JO5Q,92.4
199402,1994-02-01,29,JO5Q,104.3
199403,1994-03-01,29,JO5Q,110.7
199404,1994-04-01,29,JO5Q,108.6
199405,1994-05-01,29,JO5Q,121.6
199406,1994-06-01,29,JO5Q,128.7
199407,1994-07-01,29,JO5Q,121.4
199408,1994-08-01,29,JO5Q,133.7
199409,1994-09-01,29,JO5Q,137.4
199410,1994-10-01,29,JO5Q,137.2
199411,1994-11-01,29,JO5Q,132.9
199412,1994-12-01,29,JO5Q,126.0
199501,1995-01-01,29,JO5Q,108.5
199502,1995-02-01,29,JO5Q,100.0
199503,1995-03-01,29,JO5Q,121.7
199504,1995-04-01,29,JO5Q,110.3
199505,1995-05-01,29,JO5Q,107.8
199506,1995-06-01,29,JO5Q,105.2
199507,1995-07-01,29,JO5Q,106.9
199508,1995-08-01,29,JO5Q,102.0
199509,1995-09-01,29,JO5Q,105.6
199510,1995-10-01,29,JO5Q,115.0
199511,1995-11-01,29,JO5Q,117.8
199512,1995-12-01,29,JO5Q,105.8
199601,1996-01-01,29,JO5Q,109.2
199602,1996-02-01,29,JO5Q,99.9
199603,1996-03-01,29,JO5Q,97.0
199604,1996-04-01,29,JO5Q,101.0
199605,1996-05-01,29,JO5Q,100.2
199606,1996-06-01,29,JO5Q,101.4
199607,1996-07-01,29,JO5Q,89.1
199608,1996-08-01,29,JO5Q,89.0
199609,1996-09-01,29,JO5Q,90.4
199610,1996-10-01,29,JO5Q,90.3
199611,1996-11-01,29,JO5Q,86.5
199612,1996-12-01,29,JO5Q,90.3
199701,1997-01-01,29,JO5Q,84.5
199702,1997-02-01,29,JO5Q,84.6
199703,1997-03-01,29,JO5Q,79.9
199704,1997-04-01,29,JO5Q,86.7
199705,1997-05-01,29,JO5Q,80.7
199706,1997-06-01,29,JO5Q,84.4
199707,1997-07-01,29,JO5Q,90.1
199708,1997-08-01,29,JO5Q,92.8
199709,1997-09-01,29,JO5Q,95.1
199710,1997-10-01,29,JO5Q,91.7
199711,1997-11-01,29,JO5Q,91.5
199712,1997-12-01,29,JO5Q,96.9
199801,1998-01-01,29,JO5Q,97.7
199802,1998-02-01,29,JO5Q,97.1
199803,1998-03-01,29,JO5Q,103.2
199804,1998-04-01,29,JO5Q,100.1
199805,1998-05-01,29,JO5Q,94.0
199806,1998-06-01,29,JO5Q,90.3
199807,1998-07-01,29,JO5Q,95.8
199808,1998-08-01,29,JO5Q,101.2
199809,1998-09-01,29,JO5Q,91.2
199810,1998-10-01,29,JO5Q,90.3
199811,1998-11-01,29,JO5Q,86.7
199812,1998-12-01,29,JO5Q,86.6
199901,1999-01-01,29,JO5Q,90.3
199902,1999-02-01,29,JO5Q,84.5
199903,1999-03-01,29,JO5Q,82.4
199904,1999-04-01,29,JO5Q,92.2
199905,1999-05-01,29,JO5Q,78.7
199906,1999-06-01,29,JO5Q,67.2
199907,1999-07-01,29,JO5Q,72.4
199908,1999-08-01,29,JO5Q,77.7
199909,1999-09-01,29,JO5Q,75.1
199910,1999-10-01,29,JO5Q,77.1
199911,1999-11-01,29,JO5Q,75.2
199912,1999-12-01,29,JO5Q,82.0
200001,2000-01-01,29,JO5Q,74.4
200002,2000-02-01,29,JO5Q,84.0
200003,2000-03-01,29,JO5Q,93.2
200004,2000-04-01,29,JO5Q,78.0
200005,2000-05-01,29,JO5Q,78.8
200006,2000-06-01,29,JO5Q,90.6
200007,2000-07-01,29,JO5Q,94.4
200008,2000-08-01,29,JO5Q,83.6
200009,2000-09-01,29,JO5Q,85.6
200010,2000-10-01,29,JO5Q,79.4
200011,2000-11-01,29,JO5Q,85.2
200012,2000-12-01,29,JO5Q,77.1
200101,2001-01-01,29,JO5Q,80.4
200102,2001-02-01,29,JO5Q,77.3
200103,2001-03-01,29,JO5Q,77.6
200104,2001-04-01,29,JO5Q,77.5
200105,2001-05-01,29,JO5Q,88.5
200106,2001-06-01,29,JO5Q,79.4
200107,2001-07-01,29,JO5Q,97.6
200108,2001-08-01,29,JO5Q,85.1
200109,2001-09-01,29,JO5Q,78.6
200110,2001-10-01,29,JO5Q,69.4
200111,2001-11-01,29,JO5Q,81.9
200112,2001-12-01,29,JO5Q,80.4
200201,2002-01-01,29,JO5Q,87.1
200202,2002-02-01,29,JO5Q,89.4
200203,2002-03-01,29,JO5Q,82.9
200204,2002-04-01,29,JO5Q,94.4
200205,2002-05-01,29,JO5Q,89.9
200206,2002-06-01,29,JO5Q,95.6
200207,2002-07-01,29,JO5Q,86.4
200208,2002-08-01,29,JO5Q,91.1
200209,2002-09-01,29,JO5Q,91.2
200210,2002-10-01,29,JO5Q,87.8
200211,2002-11-01,29,JO5Q,81.2
200212,2002-12-01,29,JO5Q,71.3
200301,2003-01-01,29,JO5Q,105.4
200302,2003-02-01,29,JO5Q,79.4
200303,2003-03-01,29,JO5Q,77.9
200304,2003-04-01,29,JO5Q,71.0
200305,2003-05-01,29,JO5Q,74.8
200306,2003-06-01,29,JO5Q,70.0
200307,2003-07-01,29,JO5Q,65.9
200308,2003-08-01,29,JO5Q,64.1
200309,2003-09-01,29,JO5Q,69.0
200310,2003-10-01,29,JO5Q,70.8
200311,2003-11-01,29,JO5Q,82.3
200312,2003-12-01,29,JO5Q,65.6
200401,2004-01-01,29,JO5Q,67.9
200402,2004-02-01,29,JO5Q,73.2
200403,2004-03-01,29,JO5Q,77.7
200404,2004-04-01,29,JO5Q,74.4
200405,2004-05-01,29,JO5Q,70.7
200406,2004-06-01,29,JO5Q,65.7
200407,2004-07-01,29,JO5Q,68.9
200408,2004-08-01,29,JO5Q,66.0
200409,2004-09-01,29,JO5Q,62.8
200410,2004-10-01,29,JO5Q,60.1
200411,2004-11-01,29,JO5Q,55.7
200412,2004-12-01,29,JO5Q,65.2
200501,2005-01-01,29,JO5Q,60.7
200502,2005-02-01,29,JO5Q,53.4
200503,2005-03-01,29,JO5Q,55.8
200504,2005-04-01,29,JO5Q,64.7
200505,2005-05-01,29,JO5Q,62.3
200506,2005-06-01,29,JO5Q,68.0
200507,2005-07-01,29,JO5Q,69.2
200508,2005-08-01,29,JO5Q,58.3
200509,2005-09-01,29,JO5Q,62.3
200510,2005-10-01,29,JO5Q,78.9
200511,2005-11-01,29,JO5Q,71.9
200512,2005-12-01,29,JO5Q,83.1
200601,2006-01-01,29,JO5Q,62.5
200602,2006-02-01,29,JO5Q,66.6
200603,2006-03-01,29,JO5Q,66.2
200604,2006-04-01,29,JO5Q,56.8
200605,2006-05-01,29,JO5Q,57.6
200606,2006-06-01,29,JO5Q,56.9
200607,2006-07-01,29,JO5Q,54.5
200608,2006-08-01,29,JO5Q,56.3
200609,2006-09-01,29,JO5Q,73.2
200610,2006-10-01,29,JO5Q,59.7
200611,2006-11-01,29,JO5Q,67.9
200612,2006-12-01,29,JO5Q,71.6
200701,2007-01-01,29,JO5Q,66.6
200702,2007-02-01,29,JO5Q,65.3
200703,2007-03-01,29,JO5Q,57.7
200704,2007-04-01,29,JO5Q,60.2
200705,2007-05-01,29,JO5Q,60.1
200706,2007-06-01,29,JO5Q,64.0
200707,2007-07-01,29,JO5Q,61.2
200708,2007-08-01,29,JO5Q,65.8
200709,2007-09-01,29,JO5Q,59.2
200710,2007-10-01,29,JO5Q,69.3
200711,2007-11-01,29,JO5Q,67.3
200712,2007-12-01,29,JO5Q,59.5
200801,2008-01-01,29,JO5Q,65.1
200802,2008-02-01,29,JO5Q,60.5
200803,2008-03-01,29,JO5Q,71.0
200804,2008-04-01,29,JO5Q,66.6
200805,2008-05-01,29,JO5Q,67.3
200806,2008-06-01,29,JO5Q,58.1
200807,2008-07-01,29,JO5Q,58.3
200808,2008-08-01,29,JO5Q,57.6
200809,2008-09-01,29,JO5Q,58.8
200810,2008-10-01,29,JO5Q,55.1
200811,2008-11-01,29,JO5Q,57.3
200812,2008-12-01,29,JO5Q,59.3
200901,2009-01-01,29,JO5Q,69.2
200902,2009-02-01,29,JO5Q,59.7
200903,2009-03-01,29,JO5Q,60.9
200904,2009-04-01,29,JO5Q,61.1
200905,2009-05-01,29,JO5Q,64.2
200906,2009-06-01,29,JO5Q,68.5
200907,2009-07-01,29,JO5Q,67.9
200908,2009-08-01,29,JO5Q,77.9
200909,2009-09-01,29,JO5Q,76.4
200910,2009-10-01,29,JO5Q,65.6
200911,2009-11-01,29,JO5Q,62.2
200912,2009-12-01,29,JO5Q,77.8
201001,2010-01-01,29,JO5Q,63.8
201002,2010-02-01,29,JO5Q,72.1
201003,2010-03-01,29,JO5Q,64.5
201004,2010-04-01,29,JO5Q,74.4
201005,2010-05-01,29,JO5Q,66.0
201006,2010-06-01,29,JO5Q,67.6
201007,2010-07-01,29,JO5Q,71.0
201008,2010-08-01,29,JO5Q,65.3
201009,2010-09-01,29,JO5Q,66.7
201010,2010-10-01,29,JO5Q,86.9
201011,2010-11-01,29,JO5Q,66.8
201012,2010-12-01,29,JO5Q,66.3
201101,2011-01-01,29,JO5Q,69.4
201102,2011-02-01,29,JO5Q,70.8
201103,2011-03-01,29,JO5Q,71.4
201104,2011-04-01,29,JO5Q,70.4
201105,2011-05-01,29,JO5Q,72.6
201106,2011-06-01,29,JO5Q,80.3
201107,2011-07-01,29,JO5Q,78.4
201108,2011-08-01,29,JO5Q,75.2
201109,2011-09-01,29,JO5Q,79.0
201110,2011-10-01,29,JO5Q,69.3
201111,2011-11-01,29,JO5Q,81.6
201112,2011-12-01,29,JO5Q,74.1
201201,2012-01-01,29,JO5Q,83.2
201202,2012-02-01,29,JO5Q,75.1
201203,2012-03-01,29,JO5Q,85.1
201204,2012-04-01,29,JO5Q,71.9
201205,2012-05-01,29,JO5Q,73.8
201206,2012-06-01,29,JO5Q,71.5
201207,2012-07-01,29,JO5Q,77.6
201208,2012-08-01,29,JO5Q,69.9
201209,2012-09-01,29,JO5Q,67.5
201210,2012-10-01,29,JO5Q,77.9
201211,2012-11-01,29,JO5Q,72.3
201212,2012-12-01,29,JO5Q,72.7
201301,2013-01-01,29,JO5Q,71.3
201302,2013-02-01,29,JO5Q,72.0
201303,2013-03-01,29,JO5Q,74.7
201304,2013-04-01,29,JO5Q,87.3
201305,2013-05-01,29,JO5Q,76.4
201306,2013-06-01,29,JO5Q,82.3
201307,2013-07-01,29,JO5Q,73.1
201308,2013-08-01,29,JO5Q,78.2
201309,2013-09-01,29,JO5Q,91.0
201310,2013-10-01,29,JO5Q,86.4
201311,2013-11-01,29,JO5Q,77.2
201312,2013-12-01,29,JO5Q,92.0
201401,2014-01-01,29,JO5Q,80.0
201402,2014-02-01,29,JO5Q,93.0
201403,2014-03-01,29,JO5Q,71.6
201404,2014-04-01,29,JO5Q,72.6
201405,2014-05-01,29,JO5Q,90.8
201406,2014-06-01,29,JO5Q,78.8
201407,2014-07-01,29,JO5Q,88.9
201408,2014-08-01,29,JO5Q,88.1
201409,2014-09-01,29,JO5Q,74.1
201410,2014-10-01,29,JO5Q,72.1
201411,2014-11-01,29,JO5Q,79.5
201412,2014-12-01,29,JO5Q,76.6
201501,2015-01-01,29,JO5Q,77.1
201502,2015-02-01,29,JO5Q,83.6
201503,2015-03-01,29,JO5Q,76.2
201504,2015-04-01,29,JO5Q,75.3
201505,2015-05-01,29,JO5Q,81.8
201506,2015-06-01,29,JO5Q,91.6
201507,2015-07-01,29,JO5Q,70.1
201508,2015-08-01,29,JO5Q,73.1
201509,2015-09-01,29,JO5Q,75.6
201510,2015-10-01,29,JO5Q,78.3
201511,2015-11-01,29,JO5Q,77.3
201512,2015-12-01,29,JO5Q,69.7
201601,2016-01-01,29,JO5Q,85.3
201602,2016-02-01,29,JO5Q,84.9
201603,2016-03-01,29,JO5Q,89.4
201604,2016-04-01,29,JO5Q,85.5
201605,2016-05-01,29,JO5Q,64.9
201606,2016-06-01,29,JO5Q,82.5
201607,2016-07-01,29,JO5Q,79.8
201608,2016-08-01,29,JO5Q,84.3
201609,2016-09-01,29,JO5Q,79.0
201610,2016-10-01,29,JO5Q,81.4
201611,2016-11-01,29,JO5Q,82.7
201612,2016-12-01,29,JO5Q,80.3
201701,2017-01-01,29,JO5Q,79.8
201702,2017-02-01,29,JO5Q,72.7
201703,2017-03-01,29,JO5Q,82.6
201704,2017-04-01,29,JO5Q,82.4
201705,2017-05-01,29,JO5Q,86.2
201706,2017-06-01,29,JO5Q,83.1
201707,2017-07-01,29,JO5Q,92.4
201708,2017-08-01,29,JO5Q,92.8
201709,2017-09-01,29,JO5Q,96.5
201710,2017-10-01,29,JO5Q,86.9
201711,2017-11-01,29,JO5Q,85.8
201712,2017-12-01,29,JO5Q,89.4
201801,2018-01-01,29,JO5Q,91.1
201802,2018-02-01,29,JO5Q,89.3
201803,2018-03-01,29,JO5Q,79.8
201804,2018-04-01,29,JO5Q,96.2
201805,2018-05-01,29,JO5Q,88.9
201806,2018-06-01,29,JO5Q,88.0
201807,2018-07-01,29,JO5Q,94.1
201808,2018-08-01,29,JO5Q,87.8
201809,2018-09-01,29,JO5Q,85.8
201810,2018-10-01,29,JO5Q,58.1
201811,2018-11-01,29,JO5Q,98.2
201812,2018-12-01,29,JO5Q,104.1
201901,2019-01-01,29,JO5Q,94.6
201902,2019-02-01,29,JO5Q,138.0
201903,2019-03-01,29,JO5Q,133.2
201904,2019-04-01,29,JO5Q,77.1
201905,2019-05-01,29,JO5Q,99.9
201906,2019-06-01,29,JO5Q,138.5
201907,2019-07-01,29,JO5Q,82.4
201908,2019-08-01,29,JO5Q,91.1
201909,2019-09-01,29,JO5Q,91.4
201910,2019-10-01,29,JO5Q,109.5
201911,2019-11-01,29,JO5Q,106.7
201912,2019-12-01,29,JO5Q,101.0
202001,2020-01-01,29,JO5Q,100.3
202002,2020-02-01,29,JO5Q,153.6
202003,2020-03-01,29,JO5Q,72.7
202004,2020-04-01,29,JO5Q,30.8
202005,2020-05-01,29,JO5Q,48.6
202006,2020-06-01,29,JO5Q,75.2
202007,2020-07-01,29,JO5Q,97.6
202008,2020-08-01,29,JO5Q,84.7
202009,2020-09-01,29,JO5Q,108.8
202010,2020-10-01,29,JO5Q,59.9
202011,2020-11-01,29,JO5Q,86.0
202012,2020-12-01,29,JO5Q,117.4
202101,2021-01-01,29,JO5Q,86.0
202102,2021-02-01,29,JO5Q,39.2
202103,2021-03-01,29,JO5Q,94.4
202104,2021-04-01,29,JO5Q,92.0
202105,2021-05-01,29,JO5Q,95.8
202106,2021-06-01,29,JO5Q,180.6
202107,2021-07-01,29,JO5Q,112.1
202108,2021-08-01,29,JO5Q,107.9
202109,2021-09-01,29,JO5Q,95.6
202110,2021-10-01,29,JO5Q,153.7
202111,2021-11-01,29,JO5Q,120.7
202112,2021-12-01,29,JO5Q,108.8
202201,2022-01-01,29,JO5Q,133.5
202202,2022-02-01,29,JO5Q,96.3
202203,2022-03-01,29,JO5Q,178.4
202204,2022-04-01,29,JO5Q,97.8
202205,2022-05-01,29,JO5Q,98.4
202206,2022-06-01,29,JO5Q,147.2
202207,2022-07-01,29,JO5Q,99.2
202208,2022-08-01,29,JO5Q,97.2
202209,2022-09-01,29,JO5Q,101.0
202210,2022-10-01,29,JO5Q,103.7
202211,2022-11-01,29,JO5Q,81.6
202212,2022-12-01,29,JO5Q,82.4
202301,2023-01-01,29,JO5Q,85.5
202302,2023-02-01,29,JO5Q,157.1
202303,2023-03-01,29,JO5Q,79.8
202304,2023-04-01,29,JO5Q,86.7
202305,2023-05-01,29,JO5Q,94.1
202306,2023-06-01,29,JO5Q,109.9
202307,2023-07-01,29,JO5Q,98.6
202308,2023-08-01,29,JO5Q,104.1
202309,2023-09-01,29,JO5Q,104.6
202310,2023-10-01,29,JO5Q,93.0
202311,2023-11-01,29,JO5Q,92.5
202312,2023-12-01,29,JO5Q,96.3
202401,2024-01-01,29,JO5Q,98.4
202402,2024-02-01,29,JO5Q,102.1
202403,2024-03-01,29,JO5Q,138.8
202404,2024-04-01,29,JO5Q,115.6
202405,2024-05-01,29,JO5Q,102.3
202406,2024-06-01,29,JO5Q,90.6
202407,2024-07-01,29,JO5Q,91.8
202408,2024-08-01,29,JO5Q,95.9
202409,2024-09-01,29,JO5Q,95.7
202410,2024-10-01,29,JO5Q,106.0
202411,2024-11-01,29,JO5Q,108.2
202412,2024-12-01,29,JO5Q,103.4
202501,2025-01-01,29,JO5Q,97.7
202502,2025-02-01,29,JO5Q,103.9
202503,2025-03-01,29,JO5Q,138.8
202504,2025-04-01,29,JO5Q,98.8
202505,2025-05-01,29,JO5Q,114.7
202506,2025-06-01,29,JO5Q,109.2
202507,2025-07-01,29,JO5Q,91.0
202508,2025-08-01,29,JO5Q,114.8
202509,2025-09-01,29,JO5Q,108.7
202510,2025-10-01,29,JO5Q,141.8
202511,2025-11-01,29,JO5Q,103.8
202512,2025-12-01,29,JO5Q,114.0
202601,2026-01-01,29,JO5Q,131.0
202602,2026-02-01,29,JO5Q,109.2
202603,2026-03-01,29,JO5Q,122.9
202604,2026-04-01,29,JO5Q,161.0
202605,2026-05-01,29,JO5Q,115.7
202606,2026-06-01,29,JO5Q,118.6
198801,1988-01-01,30,J5DZ,28.1
198802,1988-02-01,30,J5DZ,26.8
198803,1988-03-01,30,J5DZ,26.9
198804,1988-04-01,30,J5DZ,28.5
198805,1988-05-01,30,J5DZ,28.2
198806,1988-06-01,30,J5DZ,28.4
198807,1988-07-01,30,J5DZ,28.8
198808,1988-08-01,30,J5DZ,28.6
198809,1988-09-01,30,J5DZ,27.9
198810,1988-10-01,30,J5DZ,28.7
198811,1988-11-01,30,J5DZ,28.7
198812,1988-12-01,30,J5DZ,30.2
198901,1989-01-01,30,J5DZ,27.9
198902,1989-02-01,30,J5DZ,28.4
198903,1989-03-01,30,J5DZ,29.1
198904,1989-04-01,30,J5DZ,27.6
198905,1989-05-01,30,J5DZ,28.9
198906,1989-06-01,30,J5DZ,28.5
198907,1989-07-01,30,J5DZ,28.2
198908,1989-08-01,30,J5DZ,28.3
198909,1989-09-01,30,J5DZ,28.6
198910,1989-10-01,30,J5DZ,28.1
198911,1989-11-01,30,J5DZ,27.9
198912,1989-12-01,30,J5DZ,31.1
199001,1990-01-01,30,J5DZ,27.9
199002,1990-02-01,30,J5DZ,28.2
199003,1990-03-01,30,J5DZ,28.5
199004,1990-04-01,30,J5DZ,29.0
199005,1990-05-01,30,J5DZ,29.0
199006,1990-06-01,30,J5DZ,28.9
199007,1990-07-01,30,J5DZ,29.1
199008,1990-08-01,30,J5DZ,28.7
199009,1990-09-01,30,J5DZ,28.0
199010,1990-10-01,30,J5DZ,27.7
199011,1990-11-01,30,J5DZ,27.6
199012,1990-12-01,30,J5DZ,31.8
199101,1991-01-01,30,J5DZ,27.8
199102,1991-02-01,30,J5DZ,27.1
199103,1991-03-01,30,J5DZ,27.3
199104,1991-04-01,30,J5DZ,25.9
199105,1991-05-01,30,J5DZ,26.5
199106,1991-06-01,30,J5DZ,26.8
199107,1991-07-01,30,J5DZ,27.0
199108,1991-08-01,30,J5DZ,26.5
199109,1991-09-01,30,J5DZ,27.0
199110,1991-10-01,30,J5DZ,26.8
199111,1991-11-01,30,J5DZ,26.8
199112,1991-12-01,30,J5DZ,27.0
199201,1992-01-01,30,J5DZ,27.4
199202,1992-02-01,30,J5DZ,26.8
199203,1992-03-01,30,J5DZ,24.7
199204,1992-04-01,30,J5DZ,25.2
199205,1992-05-01,30,J5DZ,25.4
199206,1992-06-01,30,J5DZ,25.4
199207,1992-07-01,30,J5DZ,25.0
199208,1992-08-01,30,J5DZ,25.5
199209,1992-09-01,30,J5DZ,26.9
199210,1992-10-01,30,J5DZ,26.6
199211,1992-11-01,30,J5DZ,27.0
199212,1992-12-01,30,J5DZ,24.0
199301,1993-01-01,30,J5DZ,26.7
199302,1993-02-01,30,J5DZ,27.0
199303,1993-03-01,30,J5DZ,27.4
199304,1993-04-01,30,J5DZ,26.5
199305,1993-05-01,30,J5DZ,26.3
199306,1993-06-01,30,J5DZ,26.4
199307,1993-07-01,30,J5DZ,26.1
199308,1993-08-01,30,J5DZ,26.5
199309,1993-09-01,30,J5DZ,26.8
199310,1993-10-01,30,J5DZ,26.9
199311,1993-11-01,30,J5DZ,26.9
199312,1993-12-01,30,J5DZ,25.9
199401,1994-01-01,30,J5DZ,26.6
199402,1994-02-01,30,J5DZ,27.7
199403,1994-03-01,30,J5DZ,26.7
199404,1994-04-01,30,J5DZ,27.9
199405,1994-05-01,30,J5DZ,28.1
199406,1994-06-01,30,J5DZ,26.5
199407,1994-07-01,30,J5DZ,25.9
199408,1994-08-01,30,J5DZ,27.5
199409,1994-09-01,30,J5DZ,26.7
199410,1994-10-01,30,J5DZ,26.3
199411,1994-11-01,30,J5DZ,26.4
199412,1994-12-01,30,J5DZ,27.1
199501,1995-01-01,30,J5DZ,24.8
199502,1995-02-01,30,J5DZ,26.0
199503,1995-03-01,30,J5DZ,26.0
199504,1995-04-01,30,J5DZ,24.0
199505,1995-05-01,30,J5DZ,25.2
199506,1995-06-01,30,J5DZ,25.9
199507,1995-07-01,30,J5DZ,25.8
199508,1995-08-01,30,J5DZ,24.9
199509,1995-09-01,30,J5DZ,24.1
199510,1995-10-01,30,J5DZ,24.5
199511,1995-11-01,30,J5DZ,24.8
199512,1995-12-01,30,J5DZ,24.1
199601,1996-01-01,30,J5DZ,24.3
199602,1996-02-01,30,J5DZ,25.6
199603,1996-03-01,30,J5DZ,24.3
199604,1996-04-01,30,J5DZ,25.0
199605,1996-05-01,30,J5DZ,24.6
199606,1996-06-01,30,J5DZ,24.8
199607,1996-07-01,30,J5DZ,25.2
199608,1996-08-01,30,J5DZ,24.7
199609,1996-09-01,30,J5DZ,25.4
199610,1996-10-01,30,J5DZ,25.1
199611,1996-11-01,30,J5DZ,24.3
199612,1996-12-01,30,J5DZ,24.3
199701,1997-01-01,30,J5DZ,25.3
199702,1997-02-01,30,J5DZ,24.2
199703,1997-03-01,30,J5DZ,25.3
199704,1997-04-01,30,J5DZ,24.6
199705,1997-05-01,30,J5DZ,25.1
199706,1997-06-01,30,J5DZ,25.1
199707,1997-07-01,30,J5DZ,25.9
199708,1997-08-01,30,J5DZ,24.6
199709,1997-09-01,30,J5DZ,24.6
199710,1997-10-01,30,J5DZ,24.9
199711,1997-11-01,30,J5DZ,24.3
199712,1997-12-01,30,J5DZ,24.8
199801,1998-01-01,30,J5DZ,24.8
199802,1998-02-01,30,J5DZ,24.8
199803,1998-03-01,30,J5DZ,24.7
199804,1998-04-01,30,J5DZ,25.2
199805,1998-05-01,30,J5DZ,24.6
199806,1998-06-01,30,J5DZ,25.3
199807,1998-07-01,30,J5DZ,25.2
199808,1998-08-01,30,J5DZ,25.2
199809,1998-09-01,30,J5DZ,24.9
199810,1998-10-01,30,J5DZ,24.8
199811,1998-11-01,30,J5DZ,24.8
199812,1998-12-01,30,J5DZ,24.7
199901,1999-01-01,30,J5DZ,25.4
199902,1999-02-01,30,J5DZ,25.1
199903,1999-03-01,30,J5DZ,25.5
199904,1999-04-01,30,J5DZ,25.3
199905,1999-05-01,30,J5DZ,24.8
199906,1999-06-01,30,J5DZ,25.1
199907,1999-07-01,30,J5DZ,24.5
199908,1999-08-01,30,J5DZ,25.4
199909,1999-09-01,30,J5DZ,24.4
199910,1999-10-01,30,J5DZ,24.5
199911,1999-11-01,30,J5DZ,25.0
199912,1999-12-01,30,J5DZ,23.9
200001,2000-01-01,30,J5DZ,25.5
200002,2000-02-01,30,J5DZ,26.2
200003,2000-03-01,30,J5DZ,26.7
200004,2000-04-01,30,J5DZ,24.8
200005,2000-05-01,30,J5DZ,26.6
200006,2000-06-01,30,J5DZ,25.4
200007,2000-07-01,30,J5DZ,25.5
200008,2000-08-01,30,J5DZ,26.6
200009,2000-09-01,30,J5DZ,26.7
200010,2000-10-01,30,J5DZ,27.2
200011,2000-11-01,30,J5DZ,27.4
200012,2000-12-01,30,J5DZ,29.1
200101,2001-01-01,30,J5DZ,24.7
200102,2001-02-01,30,J5DZ,23.5
200103,2001-03-01,30,J5DZ,25.7
200104,2001-04-01,30,J5DZ,25.7
200105,2001-05-01,30,J5DZ,26.7
200106,2001-06-01,30,J5DZ,26.3
200107,2001-07-01,30,J5DZ,27.8
200108,2001-08-01,30,J5DZ,26.3
200109,2001-09-01,30,J5DZ,27.4
200110,2001-10-01,30,J5DZ,27.5
200111,2001-11-01,30,J5DZ,26.9
200112,2001-12-01,30,J5DZ,27.5
200201,2002-01-01,30,J5DZ,26.5
200202,2002-02-01,30,J5DZ,27.0
200203,2002-03-01,30,J5DZ,26.6
200204,2002-04-01,30,J5DZ,26.7
200205,2002-05-01,30,J5DZ,27.1
200206,2002-06-01,30,J5DZ,28.1
200207,2002-07-01,30,J5DZ,28.9
200208,2002-08-01,30,J5DZ,29.8
200209,2002-09-01,30,J5DZ,28.4
200210,2002-10-01,30,J5DZ,28.5
200211,2002-11-01,30,J5DZ,28.2
200212,2002-12-01,30,J5DZ,25.7
200301,2003-01-01,30,J5DZ,24.9
200302,2003-02-01,30,J5DZ,23.2
200303,2003-03-01,30,J5DZ,23.4
200304,2003-04-01,30,J5DZ,24.4
200305,2003-05-01,30,J5DZ,24.4
200306,2003-06-01,30,J5DZ,24.7
200307,2003-07-01,30,J5DZ,25.0
200308,2003-08-01,30,J5DZ,24.8
200309,2003-09-01,30,J5DZ,25.7
200310,2003-10-01,30,J5DZ,25.8
200311,2003-11-01,30,J5DZ,26.5
200312,2003-12-01,30,J5DZ,25.2
200401,2004-01-01,30,J5DZ,26.7
200402,2004-02-01,30,J5DZ,26.1
200403,2004-03-01,30,J5DZ,27.0
200404,2004-04-01,30,J5DZ,27.0
200405,2004-05-01,30,J5DZ,27.1
200406,2004-06-01,30,J5DZ,27.9
200407,2004-07-01,30,J5DZ,27.4
200408,2004-08-01,30,J5DZ,25.7
200409,2004-09-01,30,J5DZ,27.8
200410,2004-10-01,30,J5DZ,26.6
200411,2004-11-01,30,J5DZ,26.6
200412,2004-12-01,30,J5DZ,26.1
200501,2005-01-01,30,J5DZ,27.0
200502,2005-02-01,30,J5DZ,27.3
200503,2005-03-01,30,J5DZ,26.4
200504,2005-04-01,30,J5DZ,26.6
200505,2005-05-01,30,J5DZ,25.8
200506,2005-06-01,30,J5DZ,25.6
200507,2005-07-01,30,J5DZ,25.2
200508,2005-08-01,30,J5DZ,25.1
200509,2005-09-01,30,J5DZ,24.8
200510,2005-10-01,30,J5DZ,25.4
200511,2005-11-01,30,J5DZ,25.1
200512,2005-12-01,30,J5DZ,25.5
200601,2006-01-01,30,J5DZ,25.0
200602,2006-02-01,30,J5DZ,24.8
200603,2006-03-01,30,J5DZ,26.9
200604,2006-04-01,30,J5DZ,25.3
200605,2006-05-01,30,J5DZ,25.9
200606,2006-06-01,30,J5DZ,26.1
200607,2006-07-01,30,J5DZ,24.5
200608,2006-08-01,30,J5DZ,26.6
200609,2006-09-01,30,J5DZ,25.8
200610,2006-10-01,30,J5DZ,26.2
200611,2006-11-01,30,J5DZ,26.3
200612,2006-12-01,30,J5DZ,26.5
200701,2007-01-01,30,J5DZ,25.9
200702,2007-02-01,30,J5DZ,26.4
200703,2007-03-01,30,J5DZ,26.2
200704,2007-04-01,30,J5DZ,26.8
200705,2007-05-01,30,J5DZ,26.8
200706,2007-06-01,30,J5DZ,27.0
200707,2007-07-01,30,J5DZ,27.3
200708,2007-08-01,30,J5DZ,26.6
200709,2007-09-01,30,J5DZ,26.3
200710,2007-10-01,30,J5DZ,26.5
200711,2007-11-01,30,J5DZ,27.3
200712,2007-12-01,30,J5DZ,26.7
200801,2008-01-01,30,J5DZ,27.4
200802,2008-02-01,30,J5DZ,28.0
200803,2008-03-01,30,J5DZ,26.9
200804,2008-04-01,30,J5DZ,26.2
200805,2008-05-01,30,J5DZ,26.2
200806,2008-06-01,30,J5DZ,25.9
200807,2008-07-01,30,J5DZ,25.3
200808,2008-08-01,30,J5DZ,25.8
200809,2008-09-01,30,J5DZ,26.5
200810,2008-10-01,30,J5DZ,26.6
200811,2008-11-01,30,J5DZ,28.2
200812,2008-12-01,30,J5DZ,29.0
200901,2009-01-01,30,J5DZ,28.2
200902,2009-02-01,30,J5DZ,26.0
200903,2009-03-01,30,J5DZ,27.7
200904,2009-04-01,30,J5DZ,28.2
200905,2009-05-01,30,J5DZ,28.1
200906,2009-06-01,30,J5DZ,27.8
200907,2009-07-01,30,J5DZ,29.7
200908,2009-08-01,30,J5DZ,29.8
200909,2009-09-01,30,J5DZ,30.6
200910,2009-10-01,30,J5DZ,30.0
200911,2009-11-01,30,J5DZ,31.4
200912,2009-12-01,30,J5DZ,29.7
201001,2010-01-01,30,J5DZ,29.1
201002,2010-02-01,30,J5DZ,29.8
201003,2010-03-01,30,J5DZ,30.1
201004,2010-04-01,30,J5DZ,30.1
201005,2010-05-01,30,J5DZ,29.6
201006,2010-06-01,30,J5DZ,29.5
201007,2010-07-01,30,J5DZ,31.7
201008,2010-08-01,30,J5DZ,32.4
201009,2010-09-01,30,J5DZ,31.8
201010,2010-10-01,30,J5DZ,32.0
201011,2010-11-01,30,J5DZ,31.5
201012,2010-12-01,30,J5DZ,31.9
201101,2011-01-01,30,J5DZ,33.0
201102,2011-02-01,30,J5DZ,32.7
201103,2011-03-01,30,J5DZ,32.1
201104,2011-04-01,30,J5DZ,31.8
201105,2011-05-01,30,J5DZ,33.0
201106,2011-06-01,30,J5DZ,34.0
201107,2011-07-01,30,J5DZ,33.9
201108,2011-08-01,30,J5DZ,34.6
201109,2011-09-01,30,J5DZ,34.5
201110,2011-10-01,30,J5DZ,34.4
201111,2011-11-01,30,J5DZ,35.6
201112,2011-12-01,30,J5DZ,35.8
201201,2012-01-01,30,J5DZ,35.3
201202,2012-02-01,30,J5DZ,34.6
201203,2012-03-01,30,J5DZ,35.3
201204,2012-04-01,30,J5DZ,35.7
201205,2012-05-01,30,J5DZ,36.6
201206,2012-06-01,30,J5DZ,36.1
201207,2012-07-01,30,J5DZ,37.9
201208,2012-08-01,30,J5DZ,35.3
201209,2012-09-01,30,J5DZ,36.9
201210,2012-10-01,30,J5DZ,37.5
201211,2012-11-01,30,J5DZ,37.5
201212,2012-12-01,30,J5DZ,40.3
201301,2013-01-01,30,J5DZ,39.5
201302,2013-02-01,30,J5DZ,40.4
201303,2013-03-01,30,J5DZ,41.0
201304,2013-04-01,30,J5DZ,40.8
201305,2013-05-01,30,J5DZ,41.8
201306,2013-06-01,30,J5DZ,42.9
201307,2013-07-01,30,J5DZ,43.3
201308,2013-08-01,30,J5DZ,45.0
201309,2013-09-01,30,J5DZ,42.6
201310,2013-10-01,30,J5DZ,42.8
201311,2013-11-01,30,J5DZ,44.4
201312,2013-12-01,30,J5DZ,44.4
201401,2014-01-01,30,J5DZ,42.5
201402,2014-02-01,30,J5DZ,47.8
201403,2014-03-01,30,J5DZ,46.2
201404,2014-04-01,30,J5DZ,47.6
201405,2014-05-01,30,J5DZ,49.9
201406,2014-06-01,30,J5DZ,47.6
201407,2014-07-01,30,J5DZ,47.2
201408,2014-08-01,30,J5DZ,46.7
201409,2014-09-01,30,J5DZ,47.9
201410,2014-10-01,30,J5DZ,48.0
201411,2014-11-01,30,J5DZ,48.2
201412,2014-12-01,30,J5DZ,52.0
201501,2015-01-01,30,J5DZ,52.5
201502,2015-02-01,30,J5DZ,51.3
201503,2015-03-01,30,J5DZ,52.3
201504,2015-04-01,30,J5DZ,53.6
201505,2015-05-01,30,J5DZ,52.3
201506,2015-06-01,30,J5DZ,54.1
201507,2015-07-01,30,J5DZ,55.8
201508,2015-08-01,30,J5DZ,53.3
201509,2015-09-01,30,J5DZ,55.2
201510,2015-10-01,30,J5DZ,54.8
201511,2015-11-01,30,J5DZ,55.4
201512,2015-12-01,30,J5DZ,54.1
201601,2016-01-01,30,J5DZ,59.0
201602,2016-02-01,30,J5DZ,57.4
201603,2016-03-01,30,J5DZ,59.0
201604,2016-04-01,30,J5DZ,58.6
201605,2016-05-01,30,J5DZ,62.7
201606,2016-06-01,30,J5DZ,61.8
201607,2016-07-01,30,J5DZ,62.2
201608,2016-08-01,30,J5DZ,64.4
201609,2016-09-01,30,J5DZ,67.0
201610,2016-10-01,30,J5DZ,68.7
201611,2016-11-01,30,J5DZ,70.1
201612,2016-12-01,30,J5DZ,69.8
201701,2017-01-01,30,J5DZ,68.5
201702,2017-02-01,30,J5DZ,67.7
201703,2017-03-01,30,J5DZ,67.8
201704,2017-04-01,30,J5DZ,70.4
201705,2017-05-01,30,J5DZ,68.8
201706,2017-06-01,30,J5DZ,71.9
201707,2017-07-01,30,J5DZ,70.7
201708,2017-08-01,30,J5DZ,73.9
201709,2017-09-01,30,J5DZ,78.1
201710,2017-10-01,30,J5DZ,75.6
201711,2017-11-01,30,J5DZ,75.8
201712,2017-12-01,30,J5DZ,75.0
201801,2018-01-01,30,J5DZ,72.3
201802,2018-02-01,30,J5DZ,74.1
201803,2018-03-01,30,J5DZ,72.5
201804,2018-04-01,30,J5DZ,74.6
201805,2018-05-01,30,J5DZ,78.0
201806,2018-06-01,30,J5DZ,77.7
201807,2018-07-01,30,J5DZ,80.9
201808,2018-08-01,30,J5DZ,82.0
201809,2018-09-01,30,J5DZ,81.9
201810,2018-10-01,30,J5DZ,80.8
201811,2018-11-01,30,J5DZ,82.5
201812,2018-12-01,30,J5DZ,82.2
201901,2019-01-01,30,J5DZ,81.5
201902,2019-02-01,30,J5DZ,84.3
201903,2019-03-01,30,J5DZ,87.5
201904,2019-04-01,30,J5DZ,87.1
201905,2019-05-01,30,J5DZ,87.0
201906,2019-06-01,30,J5DZ,88.1
201907,2019-07-01,30,J5DZ,97.5
201908,2019-08-01,30,J5DZ,93.6
201909,2019-09-01,30,J5DZ,93.0
201910,2019-10-01,30,J5DZ,91.3
201911,2019-11-01,30,J5DZ,91.2
201912,2019-12-01,30,J5DZ,91.8
202001,2020-01-01,30,J5DZ,90.7
202002,2020-02-01,30,J5DZ,89.9
202003,2020-03-01,30,J5DZ,93.7
202004,2020-04-01,30,J5DZ,112.2
202005,2020-05-01,30,J5DZ,137.3
202006,2020-06-01,30,J5DZ,137.1
202007,2020-07-01,30,J5DZ,131.6
202008,2020-08-01,30,J5DZ,127.6
202009,2020-09-01,30,J5DZ,126.1
202010,2020-10-01,30,J5DZ,134.1
202011,2020-11-01,30,J5DZ,133.3
202012,2020-12-01,30,J5DZ,123.9
202101,2021-01-01,30,J5DZ,136.4
202102,2021-02-01,30,J5DZ,131.8
202103,2021-03-01,30,J5DZ,130.5
202104,2021-04-01,30,J5DZ,129.9
202105,2021-05-01,30,J5DZ,122.0
202106,2021-06-01,30,J5DZ,120.3
202107,2021-07-01,30,J5DZ,114.8
202108,2021-08-01,30,J5DZ,114.3
202109,2021-09-01,30,J5DZ,115.9
202110,2021-10-01,30,J5DZ,112.5
202111,2021-11-01,30,J5DZ,113.4
202112,2021-12-01,30,J5DZ,117.5
202201,2022-01-01,30,J5DZ,122.1
202202,2022-02-01,30,J5DZ,113.9
202203,2022-03-01,30,J5DZ,103.1
202204,2022-04-01,30,J5DZ,107.7
202205,2022-05-01,30,J5DZ,104.8
202206,2022-06-01,30,J5DZ,100.2
202207,2022-07-01,30,J5DZ,100.6
202208,2022-08-01,30,J5DZ,99.6
202209,2022-09-01,30,J5DZ,97.9
202210,2022-10-01,30,J5DZ,98.5
202211,2022-11-01,30,J5DZ,94.9
202212,2022-12-01,30,J5DZ,96.0
202301,2023-01-01,30,J5DZ,99.1
202302,2023-02-01,30,J5DZ,99.7
202303,2023-03-01,30,J5DZ,99.5
202304,2023-04-01,30,J5DZ,100.1
202305,2023-05-01,30,J5DZ,100.0
202306,2023-06-01,30,J5DZ,99.9
202307,2023-07-01,30,J5DZ,101.2
202308,2023-08-01,30,J5DZ,101.1
202309,2023-09-01,30,J5DZ,98.4
202310,2023-10-01,30,J5DZ,100.2
202311,2023-11-01,30,J5DZ,101.8
202312,2023-12-01,30,J5DZ,99.7
202401,2024-01-01,30,J5DZ,100.1
202402,2024-02-01,30,J5DZ,101.0
202403,2024-03-01,30,J5DZ,100.2
202404,2024-04-01,30,J5DZ,100.3
202405,2024-05-01,30,J5DZ,106.6
202406,2024-06-01,30,J5DZ,104.0
202407,2024-07-01,30,J5DZ,104.6
202408,2024-08-01,30,J5DZ,102.2
202409,2024-09-01,30,J5DZ,102.5
202410,2024-10-01,30,J5DZ,102.2
202411,2024-11-01,30,J5DZ,102.9
202412,2024-12-01,30,J5DZ,99.9
202501,2025-01-01,30,J5DZ,95.6
202502,2025-02-01,30,J5DZ,101.6
202503,2025-03-01,30,J5DZ,105.2
202504,2025-04-01,30,J5DZ,105.9
202505,2025-05-01,30,J5DZ,105.9
202506,2025-06-01,30,J5DZ,105.9
202507,2025-07-01,30,J5DZ,108.0
202508,2025-08-01,30,J5DZ,109.7
202509,2025-09-01,30,J5DZ,111.3
202510,2025-10-01,30,J5DZ,108.3
202511,2025-11-01,30,J5DZ,104.6
202512,2025-12-01,30,J5DZ,109.5
202601,2026-01-01,30,J5DZ,111.2
202602,2026-02-01,30,J5DZ,110.3
202603,2026-03-01,30,J5DZ,111.3
202604,2026-04-01,30,J5DZ,108.8
202605,2026-05-01,30,J5DZ,115.1
202606,2026-06-01,30,J5DZ,120.2
198801,1988-01-01,31,JO5R,16.2
198802,1988-02-01,31,JO5R,15.2
198803,1988-03-01,31,JO5R,15.4
198804,1988-04-01,31,JO5R,16.5
198805,1988-05-01,31,JO5R,15.9
198806,1988-06-01,31,JO5R,16.4
198807,1988-07-01,31,JO5R,16.6
198808,1988-08-01,31,JO5R,16.5
198809,1988-09-01,31,JO5R,16.0
198810,1988-10-01,31,JO5R,16.6
198811,1988-11-01,31,JO5R,16.8
198812,1988-12-01,31,JO5R,18.1
198901,1989-01-01,31,JO5R,16.2
198902,1989-02-01,31,JO5R,16.7
198903,1989-03-01,31,JO5R,17.1
198904,1989-04-01,31,JO5R,15.9
198905,1989-05-01,31,JO5R,17.0
198906,1989-06-01,31,JO5R,16.7
198907,1989-07-01,31,JO5R,16.4
198908,1989-08-01,31,JO5R,16.6
198909,1989-09-01,31,JO5R,16.7
198910,1989-10-01,31,JO5R,16.4
198911,1989-11-01,31,JO5R,16.4
198912,1989-12-01,31,JO5R,19.1
199001,1990-01-01,31,JO5R,16.7
199002,1990-02-01,31,JO5R,16.7
199003,1990-03-01,31,JO5R,17.0
199004,1990-04-01,31,JO5R,17.4
199005,1990-05-01,31,JO5R,17.5
199006,1990-06-01,31,JO5R,17.3
199007,1990-07-01,31,JO5R,17.5
199008,1990-08-01,31,JO5R,17.2
199009,1990-09-01,31,JO5R,16.7
199010,1990-10-01,31,JO5R,16.5
199011,1990-11-01,31,JO5R,16.4
199012,1990-12-01,31,JO5R,20.0
199101,1991-01-01,31,JO5R,17.0
199102,1991-02-01,31,JO5R,16.0
199103,1991-03-01,31,JO5R,16.4
199104,1991-04-01,31,JO5R,15.3
199105,1991-05-01,31,JO5R,16.0
199106,1991-06-01,31,JO5R,16.1
199107,1991-07-01,31,JO5R,16.3
199108,1991-08-01,31,JO5R,15.8
199109,1991-09-01,31,JO5R,16.1
199110,1991-10-01,31,JO5R,16.3
199111,1991-11-01,31,JO5R,16.4
199112,1991-12-01,31,JO5R,16.4
199201,1992-01-01,31,JO5R,16.8
199202,1992-02-01,31,JO5R,16.1
199203,1992-03-01,31,JO5R,14.6
199204,1992-04-01,31,JO5R,15.2
199205,1992-05-01,31,JO5R,15.5
199206,1992-06-01,31,JO5R,15.4
199207,1992-07-01,31,JO5R,15.3
199208,1992-08-01,31,JO5R,15.6
199209,1992-09-01,31,JO5R,16.9
199210,1992-10-01,31,JO5R,16.7
199211,1992-11-01,31,JO5R,16.9
199212,1992-12-01,31,JO5R,14.3
199301,1993-01-01,31,JO5R,16.6
199302,1993-02-01,31,JO5R,16.9
199303,1993-03-01,31,JO5R,17.2
199304,1993-04-01,31,JO5R,16.4
199305,1993-05-01,31,JO5R,16.2
199306,1993-06-01,31,JO5R,16.6
199307,1993-07-01,31,JO5R,16.4
199308,1993-08-01,31,JO5R,16.8
199309,1993-09-01,31,JO5R,17.1
199310,1993-10-01,31,JO5R,17.2
199311,1993-11-01,31,JO5R,17.1
199312,1993-12-01,31,JO5R,16.1
199401,1994-01-01,31,JO5R,16.9
199402,1994-02-01,31,JO5R,18.2
199403,1994-03-01,31,JO5R,17.1
199404,1994-04-01,31,JO5R,18.4
199405,1994-05-01,31,JO5R,18.4
199406,1994-06-01,31,JO5R,17.2
199407,1994-07-01,31,JO5R,16.5
199408,1994-08-01,31,JO5R,18.0
199409,1994-09-01,31,JO5R,17.2
199410,1994-10-01,31,JO5R,16.8
199411,1994-11-01,31,JO5R,17.1
199412,1994-12-01,31,JO5R,17.7
199501,1995-01-01,31,JO5R,16.1
199502,1995-02-01,31,JO5R,17.4
199503,1995-03-01,31,JO5R,17.4
199504,1995-04-01,31,JO5R,15.5
199505,1995-05-01,31,JO5R,16.7
199506,1995-06-01,31,JO5R,17.3
199507,1995-07-01,31,JO5R,17.2
199508,1995-08-01,31,JO5R,16.5
199509,1995-09-01,31,JO5R,16.0
199510,1995-10-01,31,JO5R,16.3
199511,1995-11-01,31,JO5R,16.5
199512,1995-12-01,31,JO5R,16.1
199601,1996-01-01,31,JO5R,16.3
199602,1996-02-01,31,JO5R,17.4
199603,1996-03-01,31,JO5R,16.2
199604,1996-04-01,31,JO5R,16.8
199605,1996-05-01,31,JO5R,16.6
199606,1996-06-01,31,JO5R,16.6
199607,1996-07-01,31,JO5R,17.1
199608,1996-08-01,31,JO5R,16.7
199609,1996-09-01,31,JO5R,17.2
199610,1996-10-01,31,JO5R,17.2
199611,1996-11-01,31,JO5R,16.4
199612,1996-12-01,31,JO5R,16.4
199701,1997-01-01,31,JO5R,17.2
199702,1997-02-01,31,JO5R,16.1
199703,1997-03-01,31,JO5R,17.2
199704,1997-04-01,31,JO5R,16.6
199705,1997-05-01,31,JO5R,17.1
199706,1997-06-01,31,JO5R,17.1
199707,1997-07-01,31,JO5R,18.1
199708,1997-08-01,31,JO5R,16.8
199709,1997-09-01,31,JO5R,16.9
199710,1997-10-01,31,JO5R,17.2
199711,1997-11-01,31,JO5R,16.7
199712,1997-12-01,31,JO5R,17.3
199801,1998-01-01,31,JO5R,17.2
199802,1998-02-01,31,JO5R,17.3
199803,1998-03-01,31,JO5R,17.3
199804,1998-04-01,31,JO5R,17.8
199805,1998-05-01,31,JO5R,17.3
199806,1998-06-01,31,JO5R,17.9
199807,1998-07-01,31,JO5R,17.8
199808,1998-08-01,31,JO5R,17.8
199809,1998-09-01,31,JO5R,17.5
199810,1998-10-01,31,JO5R,17.5
199811,1998-11-01,31,JO5R,17.8
199812,1998-12-01,31,JO5R,17.9
199901,1999-01-01,31,JO5R,18.4
199902,1999-02-01,31,JO5R,18.3
199903,1999-03-01,31,JO5R,18.8
199904,1999-04-01,31,JO5R,18.7
199905,1999-05-01,31,JO5R,18.3
199906,1999-06-01,31,JO5R,18.5
199907,1999-07-01,31,JO5R,18.1
199908,1999-08-01,31,JO5R,19.2
199909,1999-09-01,31,JO5R,18.0
199910,1999-10-01,31,JO5R,18.2
199911,1999-11-01,31,JO5R,18.5
199912,1999-12-01,31,JO5R,17.8
200001,2000-01-01,31,JO5R,18.5
200002,2000-02-01,31,JO5R,19.4
200003,2000-03-01,31,JO5R,19.6
200004,2000-04-01,31,JO5R,17.7
200005,2000-05-01,31,JO5R,19.5
200006,2000-06-01,31,JO5R,18.7
200007,2000-07-01,31,JO5R,19.1
200008,2000-08-01,31,JO5R,20.1
200009,2000-09-01,31,JO5R,20.1
200010,2000-10-01,31,JO5R,19.8
200011,2000-11-01,31,JO5R,20.2
200012,2000-12-01,31,JO5R,22.6
200101,2001-01-01,31,JO5R,18.5
200102,2001-02-01,31,JO5R,17.9
200103,2001-03-01,31,JO5R,19.0
200104,2001-04-01,31,JO5R,19.2
200105,2001-05-01,31,JO5R,20.1
200106,2001-06-01,31,JO5R,20.1
200107,2001-07-01,31,JO5R,21.4
200108,2001-08-01,31,JO5R,19.7
200109,2001-09-01,31,JO5R,20.9
200110,2001-10-01,31,JO5R,20.6
200111,2001-11-01,31,JO5R,19.6
200112,2001-12-01,31,JO5R,20.2
200201,2002-01-01,31,JO5R,19.2
200202,2002-02-01,31,JO5R,19.7
200203,2002-03-01,31,JO5R,19.5
200204,2002-04-01,31,JO5R,19.7
200205,2002-05-01,31,JO5R,19.7
200206,2002-06-01,31,JO5R,20.1
200207,2002-07-01,31,JO5R,20.6
200208,2002-08-01,31,JO5R,21.7
200209,2002-09-01,31,JO5R,20.7
200210,2002-10-01,31,JO5R,20.6
200211,2002-11-01,31,JO5R,20.7
200212,2002-12-01,31,JO5R,18.1
200301,2003-01-01,31,JO5R,17.9
200302,2003-02-01,31,JO5R,17.2
200303,2003-03-01,31,JO5R,17.7
200304,2003-04-01,31,JO5R,17.8
200305,2003-05-01,31,JO5R,18.1
200306,2003-06-01,31,JO5R,18.8
200307,2003-07-01,31,JO5R,18.8
200308,2003-08-01,31,JO5R,18.9
200309,2003-09-01,31,JO5R,19.2
200310,2003-10-01,31,JO5R,19.5
200311,2003-11-01,31,JO5R,19.9
200312,2003-12-01,31,JO5R,18.7
200401,2004-01-01,31,JO5R,19.8
200402,2004-02-01,31,JO5R,19.7
200403,2004-03-01,31,JO5R,20.2
200404,2004-04-01,31,JO5R,20.0
200405,2004-05-01,31,JO5R,20.5
200406,2004-06-01,31,JO5R,20.9
200407,2004-07-01,31,JO5R,20.7
200408,2004-08-01,31,JO5R,20.0
200409,2004-09-01,31,JO5R,21.1
200410,2004-10-01,31,JO5R,20.3
200411,2004-11-01,31,JO5R,20.8
200412,2004-12-01,31,JO5R,20.3
200501,2005-01-01,31,JO5R,20.9
200502,2005-02-01,31,JO5R,21.0
200503,2005-03-01,31,JO5R,20.6
200504,2005-04-01,31,JO5R,21.2
200505,2005-05-01,31,JO5R,20.3
200506,2005-06-01,31,JO5R,20.5
200507,2005-07-01,31,JO5R,20.2
200508,2005-08-01,31,JO5R,20.1
200509,2005-09-01,31,JO5R,20.0
200510,2005-10-01,31,JO5R,20.7
200511,2005-11-01,31,JO5R,19.8
200512,2005-12-01,31,JO5R,20.3
200601,2006-01-01,31,JO5R,20.6
200602,2006-02-01,31,JO5R,20.4
200603,2006-03-01,31,JO5R,22.1
200604,2006-04-01,31,JO5R,20.9
200605,2006-05-01,31,JO5R,21.1
200606,2006-06-01,31,JO5R,20.0
200607,2006-07-01,31,JO5R,19.7
200608,2006-08-01,31,JO5R,20.9
200609,2006-09-01,31,JO5R,20.4
200610,2006-10-01,31,JO5R,21.0
200611,2006-11-01,31,JO5R,21.1
200612,2006-12-01,31,JO5R,21.2
200701,2007-01-01,31,JO5R,20.6
200702,2007-02-01,31,JO5R,21.0
200703,2007-03-01,31,JO5R,21.2
200704,2007-04-01,31,JO5R,21.9
200705,2007-05-01,31,JO5R,22.2
200706,2007-06-01,31,JO5R,22.4
200707,2007-07-01,31,JO5R,22.9
200708,2007-08-01,31,JO5R,22.7
200709,2007-09-01,31,JO5R,22.3
200710,2007-10-01,31,JO5R,22.4
200711,2007-11-01,31,JO5R,23.3
200712,2007-12-01,31,JO5R,22.8
200801,2008-01-01,31,JO5R,23.0
200802,2008-02-01,31,JO5R,22.9
200803,2008-03-01,31,JO5R,22.4
200804,2008-04-01,31,JO5R,21.8
200805,2008-05-01,31,JO5R,21.9
200806,2008-06-01,31,JO5R,21.9
200807,2008-07-01,31,JO5R,21.6
200808,2008-08-01,31,JO5R,22.0
200809,2008-09-01,31,JO5R,22.3
200810,2008-10-01,31,JO5R,22.1
200811,2008-11-01,31,JO5R,22.2
200812,2008-12-01,31,JO5R,23.2
200901,2009-01-01,31,JO5R,23.9
200902,2009-02-01,31,JO5R,22.2
200903,2009-03-01,31,JO5R,23.7
200904,2009-04-01,31,JO5R,23.6
200905,2009-05-01,31,JO5R,23.7
200906,2009-06-01,31,JO5R,23.1
200907,2009-07-01,31,JO5R,23.9
200908,2009-08-01,31,JO5R,23.9
200909,2009-09-01,31,JO5R,24.4
200910,2009-10-01,31,JO5R,25.0
200911,2009-11-01,31,JO5R,25.0
200912,2009-12-01,31,JO5R,24.0
201001,2010-01-01,31,JO5R,24.4
201002,2010-02-01,31,JO5R,25.2
201003,2010-03-01,31,JO5R,25.2
201004,2010-04-01,31,JO5R,25.4
201005,2010-05-01,31,JO5R,24.9
201006,2010-06-01,31,JO5R,25.0
201007,2010-07-01,31,JO5R,26.2
201008,2010-08-01,31,JO5R,27.5
201009,2010-09-01,31,JO5R,27.3
201010,2010-10-01,31,JO5R,27.8
201011,2010-11-01,31,JO5R,26.7
201012,2010-12-01,31,JO5R,27.6
201101,2011-01-01,31,JO5R,28.4
201102,2011-02-01,31,JO5R,27.9
201103,2011-03-01,31,JO5R,27.6
201104,2011-04-01,31,JO5R,27.3
201105,2011-05-01,31,JO5R,28.6
201106,2011-06-01,31,JO5R,29.6
201107,2011-07-01,31,JO5R,29.9
201108,2011-08-01,31,JO5R,30.7
201109,2011-09-01,31,JO5R,30.6
201110,2011-10-01,31,JO5R,30.1
201111,2011-11-01,31,JO5R,32.0
201112,2011-12-01,31,JO5R,31.9
201201,2012-01-01,31,JO5R,31.4
201202,2012-02-01,31,JO5R,30.9
201203,2012-03-01,31,JO5R,31.7
201204,2012-04-01,31,JO5R,32.2
201205,2012-05-01,31,JO5R,32.5
201206,2012-06-01,31,JO5R,32.9
201207,2012-07-01,31,JO5R,34.5
201208,2012-08-01,31,JO5R,31.7
201209,2012-09-01,31,JO5R,33.4
201210,2012-10-01,31,JO5R,33.6
201211,2012-11-01,31,JO5R,33.8
201212,2012-12-01,31,JO5R,37.1
201301,2013-01-01,31,JO5R,35.9
201302,2013-02-01,31,JO5R,37.0
201303,2013-03-01,31,JO5R,37.2
201304,2013-04-01,31,JO5R,37.2
201305,2013-05-01,31,JO5R,37.6
201306,2013-06-01,31,JO5R,38.6
201307,2013-07-01,31,JO5R,38.7
201308,2013-08-01,31,JO5R,40.5
201309,2013-09-01,31,JO5R,38.6
201310,2013-10-01,31,JO5R,39.6
201311,2013-11-01,31,JO5R,40.5
201312,2013-12-01,31,JO5R,40.3
201401,2014-01-01,31,JO5R,39.0
201402,2014-02-01,31,JO5R,44.2
201403,2014-03-01,31,JO5R,43.4
201404,2014-04-01,31,JO5R,44.5
201405,2014-05-01,31,JO5R,47.0
201406,2014-06-01,31,JO5R,44.4
201407,2014-07-01,31,JO5R,44.2
201408,2014-08-01,31,JO5R,44.2
201409,2014-09-01,31,JO5R,45.0
201410,2014-10-01,31,JO5R,45.5
201411,2014-11-01,31,JO5R,45.6
201412,2014-12-01,31,JO5R,49.3
201501,2015-01-01,31,JO5R,50.2
201502,2015-02-01,31,JO5R,48.7
201503,2015-03-01,31,JO5R,50.0
201504,2015-04-01,31,JO5R,51.2
201505,2015-05-01,31,JO5R,50.2
201506,2015-06-01,31,JO5R,51.6
201507,2015-07-01,31,JO5R,53.5
201508,2015-08-01,31,JO5R,51.2
201509,2015-09-01,31,JO5R,53.0
201510,2015-10-01,31,JO5R,52.5
201511,2015-11-01,31,JO5R,53.0
201512,2015-12-01,31,JO5R,51.9
201601,2016-01-01,31,JO5R,56.7
201602,2016-02-01,31,JO5R,54.7
201603,2016-03-01,31,JO5R,56.8
201604,2016-04-01,31,JO5R,55.7
201605,2016-05-01,31,JO5R,60.1
201606,2016-06-01,31,JO5R,59.2
201607,2016-07-01,31,JO5R,59.9
201608,2016-08-01,31,JO5R,62.4
201609,2016-09-01,31,JO5R,64.9
201610,2016-10-01,31,JO5R,66.8
201611,2016-11-01,31,JO5R,67.8
201612,2016-12-01,31,JO5R,67.8
201701,2017-01-01,31,JO5R,66.7
201702,2017-02-01,31,JO5R,66.9
201703,2017-03-01,31,JO5R,65.9
201704,2017-04-01,31,JO5R,68.9
201705,2017-05-01,31,JO5R,67.3
201706,2017-06-01,31,JO5R,71.0
201707,2017-07-01,31,JO5R,69.5
201708,2017-08-01,31,JO5R,72.0
201709,2017-09-01,31,JO5R,77.1
201710,2017-10-01,31,JO5R,74.4
201711,2017-11-01,31,JO5R,74.8
201712,2017-12-01,31,JO5R,73.9
201801,2018-01-01,31,JO5R,70.9
201802,2018-02-01,31,JO5R,72.9
201803,2018-03-01,31,JO5R,70.5
201804,2018-04-01,31,JO5R,73.5
201805,2018-05-01,31,JO5R,77.2
201806,2018-06-01,31,JO5R,76.9
201807,2018-07-01,31,JO5R,80.2
201808,2018-08-01,31,JO5R,81.0
201809,2018-09-01,31,JO5R,81.1
201810,2018-10-01,31,JO5R,79.8
201811,2018-11-01,31,JO5R,81.8
201812,2018-12-01,31,JO5R,81.2
201901,2019-01-01,31,JO5R,81.7
201902,2019-02-01,31,JO5R,83.2
201903,2019-03-01,31,JO5R,86.6
201904,2019-04-01,31,JO5R,85.1
201905,2019-05-01,31,JO5R,85.9
201906,2019-06-01,31,JO5R,87.6
201907,2019-07-01,31,JO5R,96.8
201908,2019-08-01,31,JO5R,93.0
201909,2019-09-01,31,JO5R,91.9
201910,2019-10-01,31,JO5R,90.4
201911,2019-11-01,31,JO5R,90.4
201912,2019-12-01,31,JO5R,91.2
202001,2020-01-01,31,JO5R,90.1
202002,2020-02-01,31,JO5R,87.5
202003,2020-03-01,31,JO5R,93.8
202004,2020-04-01,31,JO5R,114.0
202005,2020-05-01,31,JO5R,139.1
202006,2020-06-01,31,JO5R,138.6
202007,2020-07-01,31,JO5R,131.1
202008,2020-08-01,31,JO5R,127.0
202009,2020-09-01,31,JO5R,125.4
202010,2020-10-01,31,JO5R,132.7
202011,2020-11-01,31,JO5R,133.5
202012,2020-12-01,31,JO5R,123.0
202101,2021-01-01,31,JO5R,136.1
202102,2021-02-01,31,JO5R,131.7
202103,2021-03-01,31,JO5R,130.1
202104,2021-04-01,31,JO5R,129.7
202105,2021-05-01,31,JO5R,121.3
202106,2021-06-01,31,JO5R,119.3
202107,2021-07-01,31,JO5R,113.6
202108,2021-08-01,31,JO5R,113.3
202109,2021-09-01,31,JO5R,115.5
202110,2021-10-01,31,JO5R,111.8
202111,2021-11-01,31,JO5R,113.0
202112,2021-12-01,31,JO5R,117.4
202201,2022-01-01,31,JO5R,122.4
202202,2022-02-01,31,JO5R,114.0
202203,2022-03-01,31,JO5R,101.9
202204,2022-04-01,31,JO5R,107.6
202205,2022-05-01,31,JO5R,104.8
202206,2022-06-01,31,JO5R,100.0
202207,2022-07-01,31,JO5R,100.8
202208,2022-08-01,31,JO5R,99.5
202209,2022-09-01,31,JO5R,97.6
202210,2022-10-01,31,JO5R,98.5
202211,2022-11-01,31,JO5R,94.3
202212,2022-12-01,31,JO5R,95.5
202301,2023-01-01,31,JO5R,98.7
202302,2023-02-01,31,JO5R,99.5
202303,2023-03-01,31,JO5R,99.2
202304,2023-04-01,31,JO5R,100.0
202305,2023-05-01,31,JO5R,99.7
202306,2023-06-01,31,JO5R,100.1
202307,2023-07-01,31,JO5R,101.3
202308,2023-08-01,31,JO5R,101.2
202309,2023-09-01,31,JO5R,98.6
202310,2023-10-01,31,JO5R,100.3
202311,2023-11-01,31,JO5R,102.1
202312,2023-12-01,31,JO5R,100.0
202401,2024-01-01,31,JO5R,100.2
202402,2024-02-01,31,JO5R,100.5
202403,2024-03-01,31,JO5R,100.3
202404,2024-04-01,31,JO5R,100.5
202405,2024-05-01,31,JO5R,107.0
202406,2024-06-01,31,JO5R,104.4
202407,2024-07-01,31,JO5R,104.9
202408,2024-08-01,31,JO5R,102.6
202409,2024-09-01,31,JO5R,102.6
202410,2024-10-01,31,JO5R,102.7
202411,2024-11-01,31,JO5R,101.8
202412,2024-12-01,31,JO5R,99.5
202501,2025-01-01,31,JO5R,95.3
202502,2025-02-01,31,JO5R,101.8
202503,2025-03-01,31,JO5R,104.2
202504,2025-04-01,31,JO5R,105.5
202505,2025-05-01,31,JO5R,105.8
202506,2025-06-01,31,JO5R,105.6
202507,2025-07-01,31,JO5R,107.8
202508,2025-08-01,31,JO5R,109.0
202509,2025-09-01,31,JO5R,110.5
202510,2025-10-01,31,JO5R,108.1
202511,2025-11-01,31,JO5R,104.3
202512,2025-12-01,31,JO5R,109.4
202601,2026-01-01,31,JO5R,110.8
202602,2026-02-01,31,JO5R,110.0
202603,2026-03-01,31,JO5R,111.3
202604,2026-04-01,31,JO5R,108.3
202605,2026-05-01,31,JO5R,114.8
202606,2026-06-01,31,JO5R,120.5
198801,1988-01-01,32,JO5S,412.9
198802,1988-02-01,32,JO5S,402.9
198803,1988-03-01,32,JO5S,400.4
198804,1988-04-01,32,JO5S,416.4
198805,1988-05-01,32,JO5S,432.8
198806,1988-06-01,32,JO5S,418.1
198807,1988-07-01,32,JO5S,421.7
198808,1988-08-01,32,JO5S,416.9
198809,1988-09-01,32,JO5S,409.7
198810,1988-10-01,32,JO5S,418.1
198811,1988-11-01,32,JO5S,410.8
198812,1988-12-01,32,JO5S,408.3
198901,1989-01-01,32,JO5S,402.6
198902,1989-02-01,32,JO5S,403.1
198903,1989-03-01,32,JO5S,409.0
198904,1989-04-01,32,JO5S,408.0
198905,1989-05-01,32,JO5S,411.3
198906,1989-06-01,32,JO5S,406.3
198907,1989-07-01,32,JO5S,406.3
198908,1989-08-01,32,JO5S,400.9
198909,1989-09-01,32,JO5S,408.8
198910,1989-10-01,32,JO5S,402.2
198911,1989-11-01,32,JO5S,394.3
198912,1989-12-01,32,JO5S,400.2
199001,1990-01-01,32,JO5S,379.0
199002,1990-02-01,32,JO5S,392.5
199003,1990-03-01,32,JO5S,389.6
199004,1990-04-01,32,JO5S,392.1
199005,1990-05-01,32,JO5S,386.1
199006,1990-06-01,32,JO5S,387.9
199007,1990-07-01,32,JO5S,388.2
199008,1990-08-01,32,JO5S,388.3
199009,1990-09-01,32,JO5S,385.1
199010,1990-10-01,32,JO5S,380.8
199011,1990-11-01,32,JO5S,380.3
199012,1990-12-01,32,JO5S,384.6
199101,1991-01-01,32,JO5S,362.2
199102,1991-02-01,32,JO5S,377.0
199103,1991-03-01,32,JO5S,368.4
199104,1991-04-01,32,JO5S,360.7
199105,1991-05-01,32,JO5S,353.7
199106,1991-06-01,32,JO5S,360.2
199107,1991-07-01,32,JO5S,361.8
199108,1991-08-01,32,JO5S,363.6
199109,1991-09-01,32,JO5S,369.3
199110,1991-10-01,32,JO5S,350.9
199111,1991-11-01,32,JO5S,350.2
199112,1991-12-01,32,JO5S,353.8
199201,1992-01-01,32,JO5S,353.0
199202,1992-02-01,32,JO5S,361.0
199203,1992-03-01,32,JO5S,343.2
199204,1992-04-01,32,JO5S,335.7
199205,1992-05-01,32,JO5S,331.8
199206,1992-06-01,32,JO5S,337.8
199207,1992-07-01,32,JO5S,325.7
199208,1992-08-01,32,JO5S,329.1
199209,1992-09-01,32,JO5S,329.2
199210,1992-10-01,32,JO5S,328.1
199211,1992-11-01,32,JO5S,330.9
199212,1992-12-01,32,JO5S,324.7
199301,1993-01-01,32,JO5S,334.1
199302,1993-02-01,32,JO5S,332.3
199303,1993-03-01,32,JO5S,333.5
199304,1993-04-01,32,JO5S,335.8
199305,1993-05-01,32,JO5S,333.7
199306,1993-06-01,32,JO5S,321.9
199307,1993-07-01,32,JO5S,318.5
199308,1993-08-01,32,JO5S,314.4
199309,1993-09-01,32,JO5S,313.6
199310,1993-10-01,32,JO5S,317.4
199311,1993-11-01,32,JO5S,318.3
199312,1993-12-01,32,JO5S,322.6
199401,1994-01-01,32,JO5S,316.8
199402,1994-02-01,32,JO5S,301.5
199403,1994-03-01,32,JO5S,311.7
199404,1994-04-01,32,JO5S,301.6
199405,1994-05-01,32,JO5S,308.9
199406,1994-06-01,32,JO5S,300.4
199407,1994-07-01,32,JO5S,305.7
199408,1994-08-01,32,JO5S,304.5
199409,1994-09-01,32,JO5S,303.6
199410,1994-10-01,32,JO5S,306.4
199411,1994-11-01,32,JO5S,298.7
199412,1994-12-01,32,JO5S,300.7
199501,1995-01-01,32,JO5S,281.1
199502,1995-02-01,32,JO5S,273.9
199503,1995-03-01,32,JO5S,270.5
199504,1995-04-01,32,JO5S,273.3
199505,1995-05-01,32,JO5S,269.3
199506,1995-06-01,32,JO5S,269.2
199507,1995-07-01,32,JO5S,273.2
199508,1995-08-01,32,JO5S,264.8
199509,1995-09-01,32,JO5S,258.5
199510,1995-10-01,32,JO5S,258.9
199511,1995-11-01,32,JO5S,260.6
199512,1995-12-01,32,JO5S,253.7
199601,1996-01-01,32,JO5S,251.9
199602,1996-02-01,32,JO5S,258.5
199603,1996-03-01,32,JO5S,255.5
199604,1996-04-01,32,JO5S,255.2
199605,1996-05-01,32,JO5S,253.8
199606,1996-06-01,32,JO5S,255.9
199607,1996-07-01,32,JO5S,254.8
199608,1996-08-01,32,JO5S,251.0
199609,1996-09-01,32,JO5S,254.1
199610,1996-10-01,32,JO5S,247.5
199611,1996-11-01,32,JO5S,248.0
199612,1996-12-01,32,JO5S,248.0
199701,1997-01-01,32,JO5S,251.6
199702,1997-02-01,32,JO5S,254.3
199703,1997-03-01,32,JO5S,253.3
199704,1997-04-01,32,JO5S,252.6
199705,1997-05-01,32,JO5S,249.2
199706,1997-06-01,32,JO5S,249.3
199707,1997-07-01,32,JO5S,239.1
199708,1997-08-01,32,JO5S,244.9
199709,1997-09-01,32,JO5S,239.0
199710,1997-10-01,32,JO5S,236.2
199711,1997-11-01,32,JO5S,236.3
199712,1997-12-01,32,JO5S,233.8
199801,1998-01-01,32,JO5S,234.2
199802,1998-02-01,32,JO5S,229.0
199803,1998-03-01,32,JO5S,227.2
199804,1998-04-01,32,JO5S,224.2
199805,1998-05-01,32,JO5S,221.4
199806,1998-06-01,32,JO5S,226.1
199807,1998-07-01,32,JO5S,223.8
199808,1998-08-01,32,JO5S,225.7
199809,1998-09-01,32,JO5S,227.5
199810,1998-10-01,32,JO5S,222.7
199811,1998-11-01,32,JO5S,211.4
199812,1998-12-01,32,JO5S,204.5
199901,1999-01-01,32,JO5S,211.2
199902,1999-02-01,32,JO5S,203.5
199903,1999-03-01,32,JO5S,199.1
199904,1999-04-01,32,JO5S,195.7
199905,1999-05-01,32,JO5S,191.5
199906,1999-06-01,32,JO5S,194.4
199907,1999-07-01,32,JO5S,190.8
199908,1999-08-01,32,JO5S,181.4
199909,1999-09-01,32,JO5S,188.7
199910,1999-10-01,32,JO5S,185.9
199911,1999-11-01,32,JO5S,189.5
199912,1999-12-01,32,JO5S,179.7
200001,2000-01-01,32,JO5S,208.8
200002,2000-02-01,32,JO5S,199.7
200003,2000-03-01,32,JO5S,209.9
200004,2000-04-01,32,JO5S,211.6
200005,2000-05-01,32,JO5S,209.5
200006,2000-06-01,32,JO5S,197.6
200007,2000-07-01,32,JO5S,189.4
200008,2000-08-01,32,JO5S,191.5
200009,2000-09-01,32,JO5S,193.0
200010,2000-10-01,32,JO5S,219.9
200011,2000-11-01,32,JO5S,215.3
200012,2000-12-01,32,JO5S,189.9
200101,2001-01-01,32,JO5S,182.8
200102,2001-02-01,32,JO5S,165.0
200103,2001-03-01,32,JO5S,199.7
200104,2001-04-01,32,JO5S,191.5
200105,2001-05-01,32,JO5S,192.8
200106,2001-06-01,32,JO5S,178.9
200107,2001-07-01,32,JO5S,187.7
200108,2001-08-01,32,JO5S,195.3
200109,2001-09-01,32,JO5S,189.0
200110,2001-10-01,32,JO5S,203.7
200111,2001-11-01,32,JO5S,217.3
200112,2001-12-01,32,JO5S,217.4
200201,2002-01-01,32,JO5S,218.3
200202,2002-02-01,32,JO5S,218.5
200203,2002-03-01,32,JO5S,210.7
200204,2002-04-01,32,JO5S,209.1
200205,2002-05-01,32,JO5S,219.8
200206,2002-06-01,32,JO5S,238.9
200207,2002-07-01,32,JO5S,247.1
200208,2002-08-01,32,JO5S,244.0
200209,2002-09-01,32,JO5S,229.7
200210,2002-10-01,32,JO5S,234.3
200211,2002-11-01,32,JO5S,220.5
200212,2002-12-01,32,JO5S,230.8
200301,2003-01-01,32,JO5S,208.5
200302,2003-02-01,32,JO5S,178.7
200303,2003-03-01,32,JO5S,164.5
200304,2003-04-01,32,JO5S,197.4
200305,2003-05-01,32,JO5S,185.9
200306,2003-06-01,32,JO5S,171.5
200307,2003-07-01,32,JO5S,179.8
200308,2003-08-01,32,JO5S,175.3
200309,2003-09-01,32,JO5S,189.7
200310,2003-10-01,32,JO5S,185.8
200311,2003-11-01,32,JO5S,193.9
200312,2003-12-01,32,JO5S,189.1
200401,2004-01-01,32,JO5S,204.6
200402,2004-02-01,32,JO5S,187.6
200403,2004-03-01,32,JO5S,199.9
200404,2004-04-01,32,JO5S,206.6
200405,2004-05-01,32,JO5S,192.7
200406,2004-06-01,32,JO5S,205.2
200407,2004-07-01,32,JO5S,196.4
200408,2004-08-01,32,JO5S,166.2
200409,2004-09-01,32,JO5S,196.0
200410,2004-10-01,32,JO5S,181.4
200411,2004-11-01,32,JO5S,168.1
200412,2004-12-01,32,JO5S,169.9
200501,2005-01-01,32,JO5S,176.4
200502,2005-02-01,32,JO5S,184.6
200503,2005-03-01,32,JO5S,170.2
200504,2005-04-01,32,JO5S,157.9
200505,2005-05-01,32,JO5S,159.4
200506,2005-06-01,32,JO5S,146.8
200507,2005-07-01,32,JO5S,147.0
200508,2005-08-01,32,JO5S,144.6
200509,2005-09-01,32,JO5S,137.6
200510,2005-10-01,32,JO5S,136.9
200511,2005-11-01,32,JO5S,151.1
200512,2005-12-01,32,JO5S,152.1
200601,2006-01-01,32,JO5S,126.2
200602,2006-02-01,32,JO5S,125.9
200603,2006-03-01,32,JO5S,138.2
200604,2006-04-01,32,JO5S,128.7
200605,2006-05-01,32,JO5S,140.6
200606,2006-06-01,32,JO5S,177.8
200607,2006-07-01,32,JO5S,139.9
200608,2006-08-01,32,JO5S,166.7
200609,2006-09-01,32,JO5S,156.7
200610,2006-10-01,32,JO5S,149.7
200611,2006-11-01,32,JO5S,150.4
200612,2006-12-01,32,JO5S,155.7
200701,2007-01-01,32,JO5S,153.1
200702,2007-02-01,32,JO5S,154.9
200703,2007-03-01,32,JO5S,145.5
200704,2007-04-01,32,JO5S,142.3
200705,2007-05-01,32,JO5S,132.6
200706,2007-06-01,32,JO5S,133.9
200707,2007-07-01,32,JO5S,127.7
200708,2007-08-01,32,JO5S,116.4
200709,2007-09-01,32,JO5S,116.5
200710,2007-10-01,32,JO5S,119.7
200711,2007-11-01,32,JO5S,117.5
200712,2007-12-01,32,JO5S,114.7
200801,2008-01-01,32,JO5S,127.0
200802,2008-02-01,32,JO5S,147.2
200803,2008-03-01,32,JO5S,131.4
200804,2008-04-01,32,JO5S,128.4
200805,2008-05-01,32,JO5S,126.1
200806,2008-06-01,32,JO5S,116.7
200807,2008-07-01,32,JO5S,107.6
200808,2008-08-01,32,JO5S,112.3
200809,2008-09-01,32,JO5S,122.1
200810,2008-10-01,32,JO5S,130.7
200811,2008-11-01,32,JO5S,169.2
200812,2008-12-01,32,JO5S,166.0
200901,2009-01-01,32,JO5S,127.8
200902,2009-02-01,32,JO5S,113.0
200903,2009-03-01,32,JO5S,119.4
200904,2009-04-01,32,JO5S,135.6
200905,2009-05-01,32,JO5S,129.4
200906,2009-06-01,32,JO5S,134.8
200907,2009-07-01,32,JO5S,164.0
200908,2009-08-01,32,JO5S,168.8
200909,2009-09-01,32,JO5S,176.0
200910,2009-10-01,32,JO5S,146.6
200911,2009-11-01,32,JO5S,181.5
200912,2009-12-01,32,JO5S,164.1
201001,2010-01-01,32,JO5S,138.8
201002,2010-02-01,32,JO5S,133.8
201003,2010-03-01,32,JO5S,141.6
201004,2010-04-01,32,JO5S,138.3
201005,2010-05-01,32,JO5S,138.8
201006,2010-06-01,32,JO5S,131.2
201007,2010-07-01,32,JO5S,159.4
201008,2010-08-01,32,JO5S,144.8
201009,2010-09-01,32,JO5S,134.2
201010,2010-10-01,32,JO5S,128.4
201011,2010-11-01,32,JO5S,140.1
201012,2010-12-01,32,JO5S,128.9
201101,2011-01-01,32,JO5S,139.5
201102,2011-02-01,32,JO5S,144.5
201103,2011-03-01,32,JO5S,134.5
201104,2011-04-01,32,JO5S,133.3
201105,2011-05-01,32,JO5S,132.2
201106,2011-06-01,32,JO5S,134.1
201107,2011-07-01,32,JO5S,125.9
201108,2011-08-01,32,JO5S,123.3
201109,2011-09-01,32,JO5S,122.3
201110,2011-10-01,32,JO5S,130.0
201111,2011-11-01,32,JO5S,118.0
201112,2011-12-01,32,JO5S,124.6
201201,2012-01-01,32,JO5S,123.5
201202,2012-02-01,32,JO5S,119.0
201203,2012-03-01,32,JO5S,118.9
201204,2012-04-01,32,JO5S,115.7
201205,2012-05-01,32,JO5S,130.0
201206,2012-06-01,32,JO5S,108.6
201207,2012-07-01,32,JO5S,115.2
201208,2012-08-01,32,JO5S,118.0
201209,2012-09-01,32,JO5S,115.5
201210,2012-10-01,32,JO5S,125.1
201211,2012-11-01,32,JO5S,122.4
201212,2012-12-01,32,JO5S,114.1
201301,2013-01-01,32,JO5S,122.8
201302,2013-02-01,32,JO5S,120.2
201303,2013-03-01,32,JO5S,128.3
201304,2013-04-01,32,JO5S,123.9
201305,2013-05-01,32,JO5S,137.0
201306,2013-06-01,32,JO5S,142.6
201307,2013-07-01,32,JO5S,147.0
201308,2013-08-01,32,JO5S,147.5
201309,2013-09-01,32,JO5S,134.7
201310,2013-10-01,32,JO5S,116.6
201311,2013-11-01,32,JO5S,132.2
201312,2013-12-01,32,JO5S,137.8
201401,2014-01-01,32,JO5S,123.7
201402,2014-02-01,32,JO5S,130.5
201403,2014-03-01,32,JO5S,110.1
201404,2014-04-01,32,JO5S,119.2
201405,2014-05-01,32,JO5S,118.5
201406,2014-06-01,32,JO5S,120.6
201407,2014-07-01,32,JO5S,117.4
201408,2014-08-01,32,JO5S,105.7
201409,2014-09-01,32,JO5S,113.7
201410,2014-10-01,32,JO5S,106.0
201411,2014-11-01,32,JO5S,108.8
201412,2014-12-01,32,JO5S,114.8
201501,2015-01-01,32,JO5S,107.2
201502,2015-02-01,32,JO5S,113.3
201503,2015-03-01,32,JO5S,107.3
201504,2015-04-01,32,JO5S,108.3
201505,2015-05-01,32,JO5S,102.1
201506,2015-06-01,32,JO5S,111.6
201507,2015-07-01,32,JO5S,110.3
201508,2015-08-01,32,JO5S,103.8
201509,2015-09-01,32,JO5S,108.1
201510,2015-10-01,32,JO5S,108.6
201511,2015-11-01,32,JO5S,109.8
201512,2015-12-01,32,JO5S,105.3
201601,2016-01-01,32,JO5S,114.2
201602,2016-02-01,32,JO5S,120.2
201603,2016-03-01,32,JO5S,111.5
201604,2016-04-01,32,JO5S,126.7
201605,2016-05-01,32,JO5S,122.9
201606,2016-06-01,32,JO5S,122.9
201607,2016-07-01,32,JO5S,114.1
201608,2016-08-01,32,JO5S,112.9
201609,2016-09-01,32,JO5S,114.8
201610,2016-10-01,32,JO5S,111.3
201611,2016-11-01,32,JO5S,124.4
201612,2016-12-01,32,JO5S,117.4
201701,2017-01-01,32,JO5S,109.6
201702,2017-02-01,32,JO5S,84.6
201703,2017-03-01,32,JO5S,111.9
201704,2017-04-01,32,JO5S,104.8
201705,2017-05-01,32,JO5S,101.2
201706,2017-06-01,32,JO5S,92.7
201707,2017-07-01,32,JO5S,96.7
201708,2017-08-01,32,JO5S,115.5
201709,2017-09-01,32,JO5S,99.7
201710,2017-10-01,32,JO5S,101.4
201711,2017-11-01,32,JO5S,97.5
201712,2017-12-01,32,JO5S,98.4
201801,2018-01-01,32,JO5S,103.9
201802,2018-02-01,32,JO5S,99.9
201803,2018-03-01,32,JO5S,116.2
201804,2018-04-01,32,JO5S,97.8
201805,2018-05-01,32,JO5S,96.0
201806,2018-06-01,32,JO5S,93.6
201807,2018-07-01,32,JO5S,97.0
201808,2018-08-01,32,JO5S,103.2
201809,2018-09-01,32,JO5S,97.7
201810,2018-10-01,32,JO5S,103.2
201811,2018-11-01,32,JO5S,96.0
201812,2018-12-01,32,JO5S,102.6
201901,2019-01-01,32,JO5S,76.1
201902,2019-02-01,32,JO5S,109.3
201903,2019-03-01,32,JO5S,108.3
201904,2019-04-01,32,JO5S,130.3
201905,2019-05-01,32,JO5S,109.8
201906,2019-06-01,32,JO5S,99.1
201907,2019-07-01,32,JO5S,112.9
201908,2019-08-01,32,JO5S,106.4
201909,2019-09-01,32,JO5S,117.6
201910,2019-10-01,32,JO5S,111.2
201911,2019-11-01,32,JO5S,109.0
201912,2019-12-01,32,JO5S,103.0
202001,2020-01-01,32,JO5S,102.8
202002,2020-02-01,32,JO5S,144.6
202003,2020-03-01,32,JO5S,91.8
202004,2020-04-01,32,JO5S,71.1
202005,2020-05-01,32,JO5S,95.7
202006,2020-06-01,32,JO5S,102.1
202007,2020-07-01,32,JO5S,142.1
202008,2020-08-01,32,JO5S,141.7
202009,2020-09-01,32,JO5S,141.4
202010,2020-10-01,32,JO5S,164.9
202011,2020-11-01,32,JO5S,128.6
202012,2020-12-01,32,JO5S,142.2
202101,2021-01-01,32,JO5S,141.1
202102,2021-02-01,32,JO5S,132.8
202103,2021-03-01,32,JO5S,138.9
202104,2021-04-01,32,JO5S,132.9
202105,2021-05-01,32,JO5S,136.2
202106,2021-06-01,32,JO5S,143.1
202107,2021-07-01,32,JO5S,143.3
202108,2021-08-01,32,JO5S,137.2
202109,2021-09-01,32,JO5S,125.7
202110,2021-10-01,32,JO5S,126.9
202111,2021-11-01,32,JO5S,123.5
202112,2021-12-01,32,JO5S,120.0
202201,2022-01-01,32,JO5S,115.7
202202,2022-02-01,32,JO5S,111.2
202203,2022-03-01,32,JO5S,128.4
202204,2022-04-01,32,JO5S,110.8
202205,2022-05-01,32,JO5S,104.4
202206,2022-06-01,32,JO5S,105.3
202207,2022-07-01,32,JO5S,97.1
202208,2022-08-01,32,JO5S,102.5
202209,2022-09-01,32,JO5S,103.7
202210,2022-10-01,32,JO5S,100.2
202211,2022-11-01,32,JO5S,107.6
202212,2022-12-01,32,JO5S,106.4
202301,2023-01-01,32,JO5S,106.8
202302,2023-02-01,32,JO5S,102.8
202303,2023-03-01,32,JO5S,106.4
202304,2023-04-01,32,JO5S,102.1
202305,2023-05-01,32,JO5S,106.4
202306,2023-06-01,32,JO5S,96.2
202307,2023-07-01,32,JO5S,99.5
202308,2023-08-01,32,JO5S,100.4
202309,2023-09-01,32,JO5S,94.3
202310,2023-10-01,32,JO5S,98.4
202311,2023-11-01,32,JO5S,96.2
202312,2023-12-01,32,JO5S,92.9
202401,2024-01-01,32,JO5S,98.8
202402,2024-02-01,32,JO5S,110.0
202403,2024-03-01,32,JO5S,96.3
202404,2024-04-01,32,JO5S,96.0
202405,2024-05-01,32,JO5S,98.3
202406,2024-06-01,32,JO5S,96.6
202407,2024-07-01,32,JO5S,97.2
202408,2024-08-01,32,JO5S,94.0
202409,2024-09-01,32,JO5S,100.9
202410,2024-10-01,32,JO5S,92.3
202411,2024-11-01,32,JO5S,127.2
202412,2024-12-01,32,JO5S,108.3
202501,2025-01-01,32,JO5S,103.0
202502,2025-02-01,32,JO5S,98.0
202503,2025-03-01,32,JO5S,126.0
202504,2025-04-01,32,JO5S,114.6
202505,2025-05-01,32,JO5S,107.3
202506,2025-06-01,32,JO5S,113.2
202507,2025-07-01,32,JO5S,113.6
202508,2025-08-01,32,JO5S,123.3
202509,2025-09-01,32,JO5S,127.2
202510,2025-10-01,32,JO5S,113.7
202511,2025-11-01,32,JO5S,110.9
202512,2025-12-01,32,JO5S,111.3
202601,2026-01-01,32,JO5S,118.6
202602,2026-02-01,32,JO5S,117.8
202603,2026-03-01,32,JO5S,112.4
202604,2026-04-01,32,JO5S,118.9
202605,2026-05-01,32,JO5S,121.3
202606,2026-06-01,32,JO5S,114.7
198801,1988-01-01,33,JO5A,
198802,1988-02-01,33,JO5A,
198803,1988-03-01,33,JO5A,
198804,1988-04-01,33,JO5A,
198805,1988-05-01,33,JO5A,
198806,1988-06-01,33,JO5A,
198807,1988-07-01,33,JO5A,
198808,1988-08-01,33,JO5A,
198809,1988-09-01,33,JO5A,
198810,1988-10-01,33,JO5A,
198811,1988-11-01,33,JO5A,
198812,1988-12-01,33,JO5A,
198901,1989-01-01,33,JO5A,
198902,1989-02-01,33,JO5A,
198903,1989-03-01,33,JO5A,
198904,1989-04-01,33,JO5A,
198905,1989-05-01,33,JO5A,
198906,1989-06-01,33,JO5A,
198907,1989-07-01,33,JO5A,
198908,1989-08-01,33,JO5A,
198909,1989-09-01,33,JO5A,
198910,1989-10-01,33,JO5A,
198911,1989-11-01,33,JO5A,
198912,1989-12-01,33,JO5A,
199001,1990-01-01,33,JO5A,
199002,1990-02-01,33,JO5A,
199003,1990-03-01,33,JO5A,
199004,1990-04-01,33,JO5A,
199005,1990-05-01,33,JO5A,
199006,1990-06-01,33,JO5A,
199007,1990-07-01,33,JO5A,
199008,1990-08-01,33,JO5A,
199009,1990-09-01,33,JO5A,
199010,1990-10-01,33,JO5A,
199011,1990-11-01,33,JO5A,
199012,1990-12-01,33,JO5A,
199101,1991-01-01,33,JO5A,
199102,1991-02-01,33,JO5A,
199103,1991-03-01,33,JO5A,
199104,1991-04-01,33,JO5A,
199105,1991-05-01,33,JO5A,
199106,1991-06-01,33,JO5A,
199107,1991-07-01,33,JO5A,
199108,1991-08-01,33,JO5A,
199109,1991-09-01,33,JO5A,
199110,1991-10-01,33,JO5A,
199111,1991-11-01,33,JO5A,
199112,1991-12-01,33,JO5A,
199201,1992-01-01,33,JO5A,
199202,1992-02-01,33,JO5A,
199203,1992-03-01,33,JO5A,
199204,1992-04-01,33,JO5A,
199205,1992-05-01,33,JO5A,
199206,1992-06-01,33,JO5A,
199207,1992-07-01,33,JO5A,
199208,1992-08-01,33,JO5A,
199209,1992-09-01,33,JO5A,
199210,1992-10-01,33,JO5A,
199211,1992-11-01,33,JO5A,
199212,1992-12-01,33,JO5A,
199301,1993-01-01,33,JO5A,
199302,1993-02-01,33,JO5A,
199303,1993-03-01,33,JO5A,
199304,1993-04-01,33,JO5A,
199305,1993-05-01,33,JO5A,
199306,1993-06-01,33,JO5A,
199307,1993-07-01,33,JO5A,
199308,1993-08-01,33,JO5A,
199309,1993-09-01,33,JO5A,
199310,1993-10-01,33,JO5A,
199311,1993-11-01,33,JO5A,
199312,1993-12-01,33,JO5A,
199401,1994-01-01,33,JO5A,
199402,1994-02-01,33,JO5A,
199403,1994-03-01,33,JO5A,
199404,1994-04-01,33,JO5A,
199405,1994-05-01,33,JO5A,
199406,1994-06-01,33,JO5A,
199407,1994-07-01,33,JO5A,
199408,1994-08-01,33,JO5A,
199409,1994-09-01,33,JO5A,
199410,1994-10-01,33,JO5A,
199411,1994-11-01,33,JO5A,
199412,1994-12-01,33,JO5A,
199501,1995-01-01,33,JO5A,
199502,1995-02-01,33,JO5A,
199503,1995-03-01,33,JO5A,
199504,1995-04-01,33,JO5A,
199505,1995-05-01,33,JO5A,
199506,1995-06-01,33,JO5A,
199507,1995-07-01,33,JO5A,
199508,1995-08-01,33,JO5A,
199509,1995-09-01,33,JO5A,
199510,1995-10-01,33,JO5A,
199511,1995-11-01,33,JO5A,
199512,1995-12-01,33,JO5A,
199601,1996-01-01,33,JO5A,88.5
199602,1996-02-01,33,JO5A,93.1
199603,1996-03-01,33,JO5A,98.0
199604,1996-04-01,33,JO5A,95.1
199605,1996-05-01,33,JO5A,94.1
199606,1996-06-01,33,JO5A,91.6
199607,1996-07-01,33,JO5A,93.0
199608,1996-08-01,33,JO5A,92.5
199609,1996-09-01,33,JO5A,91.2
199610,1996-10-01,33,JO5A,88.4
199611,1996-11-01,33,JO5A,86.1
199612,1996-12-01,33,JO5A,83.9
199701,1997-01-01,33,JO5A,84.3
199702,1997-02-01,33,JO5A,85.4
199703,1997-03-01,33,JO5A,89.4
199704,1997-04-01,33,JO5A,89.1
199705,1997-05-01,33,JO5A,93.9
199706,1997-06-01,33,JO5A,92.2
199707,1997-07-01,33,JO5A,87.9
199708,1997-08-01,33,JO5A,86.9
199709,1997-09-01,33,JO5A,87.4
199710,1997-10-01,33,JO5A,90.5
199711,1997-11-01,33,JO5A,92.9
199712,1997-12-01,33,JO5A,94.6
199801,1998-01-01,33,JO5A,91.7
199802,1998-02-01,33,JO5A,90.7
199803,1998-03-01,33,JO5A,87.6
199804,1998-04-01,33,JO5A,82.7
199805,1998-05-01,33,JO5A,84.9
199806,1998-06-01,33,JO5A,85.4
199807,1998-07-01,33,JO5A,88.6
199808,1998-08-01,33,JO5A,91.9
199809,1998-09-01,33,JO5A,92.7
199810,1998-10-01,33,JO5A,90.1
199811,1998-11-01,33,JO5A,87.6
199812,1998-12-01,33,JO5A,84.5
199901,1999-01-01,33,JO5A,85.3
199902,1999-02-01,33,JO5A,86.3
199903,1999-03-01,33,JO5A,81.4
199904,1999-04-01,33,JO5A,83.3
199905,1999-05-01,33,JO5A,84.8
199906,1999-06-01,33,JO5A,89.5
199907,1999-07-01,33,JO5A,85.5
199908,1999-08-01,33,JO5A,84.8
199909,1999-09-01,33,JO5A,85.3
199910,1999-10-01,33,JO5A,87.6
199911,1999-11-01,33,JO5A,89.7
199912,1999-12-01,33,JO5A,92.6
200001,2000-01-01,33,JO5A,92.3
200002,2000-02-01,33,JO5A,91.6
200003,2000-03-01,33,JO5A,86.1
200004,2000-04-01,33,JO5A,111.5
200005,2000-05-01,33,JO5A,95.9
200006,2000-06-01,33,JO5A,93.0
200007,2000-07-01,33,JO5A,86.0
200008,2000-08-01,33,JO5A,90.9
200009,2000-09-01,33,JO5A,90.9
200010,2000-10-01,33,JO5A,90.0
200011,2000-11-01,33,JO5A,91.9
200012,2000-12-01,33,JO5A,90.7
200101,2001-01-01,33,JO5A,92.1
200102,2001-02-01,33,JO5A,89.1
200103,2001-03-01,33,JO5A,89.1
200104,2001-04-01,33,JO5A,90.9
200105,2001-05-01,33,JO5A,90.6
200106,2001-06-01,33,JO5A,94.0
200107,2001-07-01,33,JO5A,93.0
200108,2001-08-01,33,JO5A,93.3
200109,2001-09-01,33,JO5A,91.2
200110,2001-10-01,33,JO5A,92.3
200111,2001-11-01,33,JO5A,95.0
200112,2001-12-01,33,JO5A,96.2
200201,2002-01-01,33,JO5A,94.7
200202,2002-02-01,33,JO5A,95.9
200203,2002-03-01,33,JO5A,97.4
200204,2002-04-01,33,JO5A,96.7
200205,2002-05-01,33,JO5A,95.1
200206,2002-06-01,33,JO5A,89.9
200207,2002-07-01,33,JO5A,88.3
200208,2002-08-01,33,JO5A,88.8
200209,2002-09-01,33,JO5A,93.3
200210,2002-10-01,33,JO5A,92.7
200211,2002-11-01,33,JO5A,91.0
200212,2002-12-01,33,JO5A,92.4
200301,2003-01-01,33,JO5A,97.3
200302,2003-02-01,33,JO5A,98.4
200303,2003-03-01,33,JO5A,97.0
200304,2003-04-01,33,JO5A,94.8
200305,2003-05-01,33,JO5A,96.8
200306,2003-06-01,33,JO5A,98.6
200307,2003-07-01,33,JO5A,100.5
200308,2003-08-01,33,JO5A,101.5
200309,2003-09-01,33,JO5A,102.3
200310,2003-10-01,33,JO5A,101.2
200311,2003-11-01,33,JO5A,99.1
200312,2003-12-01,33,JO5A,96.9
200401,2004-01-01,33,JO5A,94.0
200402,2004-02-01,33,JO5A,94.7
200403,2004-03-01,33,JO5A,96.3
200404,2004-04-01,33,JO5A,97.3
200405,2004-05-01,33,JO5A,94.0
200406,2004-06-01,33,JO5A,99.0
200407,2004-07-01,33,JO5A,99.6
200408,2004-08-01,33,JO5A,102.7
200409,2004-09-01,33,JO5A,100.3
200410,2004-10-01,33,JO5A,107.5
200411,2004-11-01,33,JO5A,99.5
200412,2004-12-01,33,JO5A,101.9
200501,2005-01-01,33,JO5A,93.5
200502,2005-02-01,33,JO5A,96.4
200503,2005-03-01,33,JO5A,94.3
200504,2005-04-01,33,JO5A,95.8
200505,2005-05-01,33,JO5A,98.5
200506,2005-06-01,33,JO5A,100.6
200507,2005-07-01,33,JO5A,98.9
200508,2005-08-01,33,JO5A,92.5
200509,2005-09-01,33,JO5A,90.7
200510,2005-10-01,33,JO5A,88.4
200511,2005-11-01,33,JO5A,91.7
200512,2005-12-01,33,JO5A,93.6
200601,2006-01-01,33,JO5A,105.7
200602,2006-02-01,33,JO5A,102.3
200603,2006-03-01,33,JO5A,105.2
200604,2006-04-01,33,JO5A,103.0
200605,2006-05-01,33,JO5A,104.5
200606,2006-06-01,33,JO5A,104.0
200607,2006-07-01,33,JO5A,104.6
200608,2006-08-01,33,JO5A,103.5
200609,2006-09-01,33,JO5A,105.7
200610,2006-10-01,33,JO5A,106.0
200611,2006-11-01,33,JO5A,106.9
200612,2006-12-01,33,JO5A,106.7
200701,2007-01-01,33,JO5A,107.4
200702,2007-02-01,33,JO5A,106.2
200703,2007-03-01,33,JO5A,109.6
200704,2007-04-01,33,JO5A,111.0
200705,2007-05-01,33,JO5A,108.0
200706,2007-06-01,33,JO5A,108.7
200707,2007-07-01,33,JO5A,108.3
200708,2007-08-01,33,JO5A,109.1
200709,2007-09-01,33,JO5A,109.5
200710,2007-10-01,33,JO5A,108.4
200711,2007-11-01,33,JO5A,109.9
200712,2007-12-01,33,JO5A,109.5
200801,2008-01-01,33,JO5A,107.2
200802,2008-02-01,33,JO5A,107.3
200803,2008-03-01,33,JO5A,106.1
200804,2008-04-01,33,JO5A,106.1
200805,2008-05-01,33,JO5A,105.8
200806,2008-06-01,33,JO5A,102.3
200807,2008-07-01,33,JO5A,105.1
200808,2008-08-01,33,JO5A,103.7
200809,2008-09-01,33,JO5A,105.5
200810,2008-10-01,33,JO5A,104.6
200811,2008-11-01,33,JO5A,103.6
200812,2008-12-01,33,JO5A,102.6
200901,2009-01-01,33,JO5A,108.4
200902,2009-02-01,33,JO5A,103.7
200903,2009-03-01,33,JO5A,103.6
200904,2009-04-01,33,JO5A,100.6
200905,2009-05-01,33,JO5A,104.4
200906,2009-06-01,33,JO5A,105.0
200907,2009-07-01,33,JO5A,102.3
200908,2009-08-01,33,JO5A,104.2
200909,2009-09-01,33,JO5A,102.5
200910,2009-10-01,33,JO5A,105.8
200911,2009-11-01,33,JO5A,98.2
200912,2009-12-01,33,JO5A,95.7
201001,2010-01-01,33,JO5A,89.7
201002,2010-02-01,33,JO5A,92.5
201003,2010-03-01,33,JO5A,92.7
201004,2010-04-01,33,JO5A,93.1
201005,2010-05-01,33,JO5A,93.8
201006,2010-06-01,33,JO5A,93.5
201007,2010-07-01,33,JO5A,94.2
201008,2010-08-01,33,JO5A,93.7
201009,2010-09-01,33,JO5A,92.6
201010,2010-10-01,33,JO5A,95.2
201011,2010-11-01,33,JO5A,95.1
201012,2010-12-01,33,JO5A,91.5
201101,2011-01-01,33,JO5A,96.3
201102,2011-02-01,33,JO5A,96.5
201103,2011-03-01,33,JO5A,95.6
201104,2011-04-01,33,JO5A,97.2
201105,2011-05-01,33,JO5A,95.8
201106,2011-06-01,33,JO5A,96.5
201107,2011-07-01,33,JO5A,96.0
201108,2011-08-01,33,JO5A,95.5
201109,2011-09-01,33,JO5A,96.0
201110,2011-10-01,33,JO5A,97.9
201111,2011-11-01,33,JO5A,100.5
201112,2011-12-01,33,JO5A,102.6
201201,2012-01-01,33,JO5A,99.8
201202,2012-02-01,33,JO5A,97.5
201203,2012-03-01,33,JO5A,103.7
201204,2012-04-01,33,JO5A,89.8
201205,2012-05-01,33,JO5A,94.0
201206,2012-06-01,33,JO5A,92.0
201207,2012-07-01,33,JO5A,94.2
201208,2012-08-01,33,JO5A,94.5
201209,2012-09-01,33,JO5A,95.7
201210,2012-10-01,33,JO5A,93.3
201211,2012-11-01,33,JO5A,91.3
201212,2012-12-01,33,JO5A,91.6
201301,2013-01-01,33,JO5A,90.9
201302,2013-02-01,33,JO5A,93.0
201303,2013-03-01,33,JO5A,93.7
201304,2013-04-01,33,JO5A,92.2
201305,2013-05-01,33,JO5A,93.0
201306,2013-06-01,33,JO5A,93.9
201307,2013-07-01,33,JO5A,94.8
201308,2013-08-01,33,JO5A,93.8
201309,2013-09-01,33,JO5A,92.8
201310,2013-10-01,33,JO5A,90.5
201311,2013-11-01,33,JO5A,90.1
201312,2013-12-01,33,JO5A,89.9
201401,2014-01-01,33,JO5A,89.9
201402,2014-02-01,33,JO5A,91.4
201403,2014-03-01,33,JO5A,98.1
201404,2014-04-01,33,JO5A,92.4
201405,2014-05-01,33,JO5A,93.0
201406,2014-06-01,33,JO5A,93.5
201407,2014-07-01,33,JO5A,93.1
201408,2014-08-01,33,JO5A,93.1
201409,2014-09-01,33,JO5A,92.0
201410,2014-10-01,33,JO5A,92.3
201411,2014-11-01,33,JO5A,93.1
201412,2014-12-01,33,JO5A,96.5
201501,2015-01-01,33,JO5A,103.0
201502,2015-02-01,33,JO5A,97.2
201503,2015-03-01,33,JO5A,96.9
201504,2015-04-01,33,JO5A,98.2
201505,2015-05-01,33,JO5A,98.0
201506,2015-06-01,33,JO5A,98.2
201507,2015-07-01,33,JO5A,96.8
201508,2015-08-01,33,JO5A,98.2
201509,2015-09-01,33,JO5A,102.1
201510,2015-10-01,33,JO5A,102.6
201511,2015-11-01,33,JO5A,104.6
201512,2015-12-01,33,JO5A,102.0
201601,2016-01-01,33,JO5A,110.8
201602,2016-02-01,33,JO5A,104.0
201603,2016-03-01,33,JO5A,107.3
201604,2016-04-01,33,JO5A,104.8
201605,2016-05-01,33,JO5A,105.8
201606,2016-06-01,33,JO5A,104.1
201607,2016-07-01,33,JO5A,106.5
201608,2016-08-01,33,JO5A,107.1
201609,2016-09-01,33,JO5A,106.5
201610,2016-10-01,33,JO5A,107.6
201611,2016-11-01,33,JO5A,105.8
201612,2016-12-01,33,JO5A,105.8
201701,2017-01-01,33,JO5A,105.0
201702,2017-02-01,33,JO5A,104.1
201703,2017-03-01,33,JO5A,102.5
201704,2017-04-01,33,JO5A,105.5
201705,2017-05-01,33,JO5A,109.1
201706,2017-06-01,33,JO5A,106.0
201707,2017-07-01,33,JO5A,105.2
201708,2017-08-01,33,JO5A,105.5
201709,2017-09-01,33,JO5A,106.1
201710,2017-10-01,33,JO5A,108.2
201711,2017-11-01,33,JO5A,108.4
201712,2017-12-01,33,JO5A,109.5
201801,2018-01-01,33,JO5A,108.7
201802,2018-02-01,33,JO5A,109.3
201803,2018-03-01,33,JO5A,103.9
201804,2018-04-01,33,JO5A,107.8
201805,2018-05-01,33,JO5A,109.1
201806,2018-06-01,33,JO5A,108.3
201807,2018-07-01,33,JO5A,107.3
201808,2018-08-01,33,JO5A,106.3
201809,2018-09-01,33,JO5A,106.8
201810,2018-10-01,33,JO5A,106.3
201811,2018-11-01,33,JO5A,110.5
201812,2018-12-01,33,JO5A,108.8
201901,2019-01-01,33,JO5A,114.3
201902,2019-02-01,33,JO5A,116.2
201903,2019-03-01,33,JO5A,116.8
201904,2019-04-01,33,JO5A,115.4
201905,2019-05-01,33,JO5A,113.1
201906,2019-06-01,33,JO5A,113.9
201907,2019-07-01,33,JO5A,114.3
201908,2019-08-01,33,JO5A,112.6
201909,2019-09-01,33,JO5A,111.8
201910,2019-10-01,33,JO5A,114.1
201911,2019-11-01,33,JO5A,113.9
201912,2019-12-01,33,JO5A,114.2
202001,2020-01-01,33,JO5A,112.0
202002,2020-02-01,33,JO5A,112.3
202003,2020-03-01,33,JO5A,93.1
202004,2020-04-01,33,JO5A,44.5
202005,2020-05-01,33,JO5A,64.9
202006,2020-06-01,33,JO5A,74.8
202007,2020-07-01,33,JO5A,94.9
202008,2020-08-01,33,JO5A,98.4
202009,2020-09-01,33,JO5A,99.2
202010,2020-10-01,33,JO5A,100.8
202011,2020-11-01,33,JO5A,85.7
202012,2020-12-01,33,JO5A,88.2
202101,2021-01-01,33,JO5A,83.6
202102,2021-02-01,33,JO5A,82.6
202103,2021-03-01,33,JO5A,92.6
202104,2021-04-01,33,JO5A,101.9
202105,2021-05-01,33,JO5A,103.7
202106,2021-06-01,33,JO5A,106.3
202107,2021-07-01,33,JO5A,108.2
202108,2021-08-01,33,JO5A,109.3
202109,2021-09-01,33,JO5A,112.5
202110,2021-10-01,33,JO5A,103.3
202111,2021-11-01,33,JO5A,109.2
202112,2021-12-01,33,JO5A,108.8
202201,2022-01-01,33,JO5A,107.5
202202,2022-02-01,33,JO5A,108.4
202203,2022-03-01,33,JO5A,106.4
202204,2022-04-01,33,JO5A,106.1
202205,2022-05-01,33,JO5A,104.5
202206,2022-06-01,33,JO5A,102.1
202207,2022-07-01,33,JO5A,100.4
202208,2022-08-01,33,JO5A,100.3
202209,2022-09-01,33,JO5A,99.3
202210,2022-10-01,33,JO5A,104.2
202211,2022-11-01,33,JO5A,101.9
202212,2022-12-01,33,JO5A,103.9
202301,2023-01-01,33,JO5A,105.7
202302,2023-02-01,33,JO5A,101.1
202303,2023-03-01,33,JO5A,100.1
202304,2023-04-01,33,JO5A,100.1
202305,2023-05-01,33,JO5A,97.6
202306,2023-06-01,33,JO5A,99.4
202307,2023-07-01,33,JO5A,99.1
202308,2023-08-01,33,JO5A,98.9
202309,2023-09-01,33,JO5A,99.9
202310,2023-10-01,33,JO5A,98.1
202311,2023-11-01,33,JO5A,100.0
202312,2023-12-01,33,JO5A,100.1
202401,2024-01-01,33,JO5A,105.9
202402,2024-02-01,33,JO5A,102.2
202403,2024-03-01,33,JO5A,104.2
202404,2024-04-01,33,JO5A,101.9
202405,2024-05-01,33,JO5A,102.4
202406,2024-06-01,33,JO5A,103.2
202407,2024-07-01,33,JO5A,102.4
202408,2024-08-01,33,JO5A,103.2
202409,2024-09-01,33,JO5A,102.8
202410,2024-10-01,33,JO5A,104.2
202411,2024-11-01,33,JO5A,102.7
202412,2024-12-01,33,JO5A,101.8
202501,2025-01-01,33,JO5A,102.5
202502,2025-02-01,33,JO5A,103.4
202503,2025-03-01,33,JO5A,102.1
202504,2025-04-01,33,JO5A,102.6
202505,2025-05-01,33,JO5A,103.3
202506,2025-06-01,33,JO5A,100.4
202507,2025-07-01,33,JO5A,100.7
202508,2025-08-01,33,JO5A,94.3
202509,2025-09-01,33,JO5A,96.3
202510,2025-10-01,33,JO5A,95.0
202511,2025-11-01,33,JO5A,96.8
202512,2025-12-01,33,JO5A,96.9
202601,2026-01-01,33,JO5A,97.0
202602,2026-02-01,33,JO5A,95.9
202603,2026-03-01,33,JO5A,102.3
202604,2026-04-01,33,JO5A,92.1
202605,2026-05-01,33,JO5A,93.4
202606,2026-06-01,33,JO5A,92.7
