date_id,time_period,category_id,value_code,sales_value
198801,1988-01-01,1,J5C4,
198802,1988-02-01,1,J5C4,
198803,1988-03-01,1,J5C4,
198804,1988-04-01,1,J5C4,
198805,1988-05-01,1,J5C4,
198806,1988-06-01,1,J5C4,
198807,1988-07-01,1,J5C4,
198808,1988-08-01,1,J5C4,
198809,1988-09-01,1,J5C4,
198810,1988-10-01,1,J5C4,
198811,1988-11-01,1,J5C4,
198812,1988-12-01,1,J5C4,
198901,1989-01-01,1,J5C4,
198902,1989-02-01,1,J5C4,
198903,1989-03-01,1,J5C4,
198904,1989-04-01,1,J5C4,
198905,1989-05-01,1,J5C4,
198906,1989-06-01,1,J5C4,
198907,1989-07-01,1,J5C4,
198908,1989-08-01,1,J5C4,
198909,1989-09-01,1,J5C4,
198910,1989-10-01,1,J5C4,
198911,1989-11-01,1,J5C4,
198912,1989-12-01,1,J5C4,
199001,1990-01-01,1,J5C4,
199002,1990-02-01,1,J5C4,
199003,1990-03-01,1,J5C4,
199004,1990-04-01,1,J5C4,
199005,1990-05-01,1,J5C4,
199006,1990-06-01,1,J5C4,
199007,1990-07-01,1,J5C4,
199008,1990-08-01,1,J5C4,
199009,1990-09-01,1,J5C4,
199010,1990-10-01,1,J5C4,
199011,1990-11-01,1,J5C4,
199012,1990-12-01,1,J5C4,
199101,1991-01-01,1,J5C4,
199102,1991-02-01,1,J5C4,
199103,1991-03-01,1,J5C4,
199104,1991-04-01,1,J5C4,
199105,1991-05-01,1,J5C4,
199106,1991-06-01,1,J5C4,
199107,1991-07-01,1,J5C4,
199108,1991-08-01,1,J5C4,
199109,1991-09-01,1,J5C4,
199110,1991-10-01,1,J5C4,
199111,1991-11-01,1,J5C4,
199112,1991-12-01,1,J5C4,
199201,1992-01-01,1,J5C4,
199202,1992-02-01,1,J5C4,
199203,1992-03-01,1,J5C4,
199204,1992-04-01,1,J5C4,
199205,1992-05-01,1,J5C4,
199206,1992-06-01,1,J5C4,
199207,1992-07-01,1,J5C4,
199208,1992-08-01,1,J5C4,
199209,1992-09-01,1,J5C4,
199210,1992-10-01,1,J5C4,
199211,1992-11-01,1,J5C4,
199212,1992-12-01,1,J5C4,
199301,1993-01-01,1,J5C4,
199302,1993-02-01,1,J5C4,
199303,1993-03-01,1,J5C4,
199304,1993-04-01,1,J5C4,
199305,1993-05-01,1,J5C4,
199306,1993-06-01,1,J5C4,
199307,1993-07-01,1,J5C4,
199308,1993-08-01,1,J5C4,
199309,1993-09-01,1,J5C4,
199310,1993-10-01,1,J5C4,
199311,1993-11-01,1,J5C4,
199312,1993-12-01,1,J5C4,
199401,1994-01-01,1,J5C4,
199402,1994-02-01,1,J5C4,
199403,1994-03-01,1,J5C4,
199404,1994-04-01,1,J5C4,
199405,1994-05-01,1,J5C4,
199406,1994-06-01,1,J5C4,
199407,1994-07-01,1,J5C4,
199408,1994-08-01,1,J5C4,
199409,1994-09-01,1,J5C4,
199410,1994-10-01,1,J5C4,
199411,1994-11-01,1,J5C4,
199412,1994-12-01,1,J5C4,
199501,1995-01-01,1,J5C4,
199502,1995-02-01,1,J5C4,
199503,1995-03-01,1,J5C4,
199504,1995-04-01,1,J5C4,
199505,1995-05-01,1,J5C4,
199506,1995-06-01,1,J5C4,
199507,1995-07-01,1,J5C4,
199508,1995-08-01,1,J5C4,
199509,1995-09-01,1,J5C4,
199510,1995-10-01,1,J5C4,
199511,1995-11-01,1,J5C4,
199512,1995-12-01,1,J5C4,
199601,1996-01-01,1,J5C4,38.0
199602,1996-02-01,1,J5C4,39.0
199603,1996-03-01,1,J5C4,39.2
199604,1996-04-01,1,J5C4,39.7
199605,1996-05-01,1,J5C4,39.5
199606,1996-06-01,1,J5C4,39.9
199607,1996-07-01,1,J5C4,39.7
199608,1996-08-01,1,J5C4,39.8
199609,1996-09-01,1,J5C4,40.6
199610,1996-10-01,1,J5C4,40.4
199611,1996-11-01,1,J5C4,40.8
199612,1996-12-01,1,J5C4,39.7
199701,1997-01-01,1,J5C4,40.4
199702,1997-02-01,1,J5C4,40.8
199703,1997-03-01,1,J5C4,41.2
199704,1997-04-01,1,J5C4,41.3
199705,1997-05-01,1,J5C4,41.2
199706,1997-06-01,1,J5C4,41.9
199707,1997-07-01,1,J5C4,42.2
199708,1997-08-01,1,J5C4,41.9
199709,1997-09-01,1,J5C4,42.0
199710,1997-10-01,1,J5C4,42.7
199711,1997-11-01,1,J5C4,42.8
199712,1997-12-01,1,J5C4,42.9
199801,1998-01-01,1,J5C4,42.9
199802,1998-02-01,1,J5C4,43.0
199803,1998-03-01,1,J5C4,42.8
199804,1998-04-01,1,J5C4,42.9
199805,1998-05-01,1,J5C4,43.5
199806,1998-06-01,1,J5C4,42.9
199807,1998-07-01,1,J5C4,43.5
199808,1998-08-01,1,J5C4,43.8
199809,1998-09-01,1,J5C4,43.6
199810,1998-10-01,1,J5C4,43.3
199811,1998-11-01,1,J5C4,43.5
199812,1998-12-01,1,J5C4,43.0
199901,1999-01-01,1,J5C4,43.8
199902,1999-02-01,1,J5C4,43.7
199903,1999-03-01,1,J5C4,43.6
199904,1999-04-01,1,J5C4,43.9
199905,1999-05-01,1,J5C4,44.4
199906,1999-06-01,1,J5C4,44.6
199907,1999-07-01,1,J5C4,44.6
199908,1999-08-01,1,J5C4,44.8
199909,1999-09-01,1,J5C4,44.6
199910,1999-10-01,1,J5C4,45.0
199911,1999-11-01,1,J5C4,45.3
199912,1999-12-01,1,J5C4,45.8
200001,2000-01-01,1,J5C4,46.6
200002,2000-02-01,1,J5C4,45.8
200003,2000-03-01,1,J5C4,45.8
200004,2000-04-01,1,J5C4,47.0
200005,2000-05-01,1,J5C4,46.3
200006,2000-06-01,1,J5C4,46.4
200007,2000-07-01,1,J5C4,46.3
200008,2000-08-01,1,J5C4,46.8
200009,2000-09-01,1,J5C4,46.8
200010,2000-10-01,1,J5C4,47.0
200011,2000-11-01,1,J5C4,47.3
200012,2000-12-01,1,J5C4,47.6
200101,2001-01-01,1,J5C4,47.7
200102,2001-02-01,1,J5C4,47.5
200103,2001-03-01,1,J5C4,47.5
200104,2001-04-01,1,J5C4,47.7
200105,2001-05-01,1,J5C4,49.0
200106,2001-06-01,1,J5C4,48.8
200107,2001-07-01,1,J5C4,48.9
200108,2001-08-01,1,J5C4,48.8
200109,2001-09-01,1,J5C4,49.3
200110,2001-10-01,1,J5C4,49.2
200111,2001-11-01,1,J5C4,49.4
200112,2001-12-01,1,J5C4,50.1
200201,2002-01-01,1,J5C4,49.9
200202,2002-02-01,1,J5C4,50.5
200203,2002-03-01,1,J5C4,50.7
200204,2002-04-01,1,J5C4,51.3
200205,2002-05-01,1,J5C4,50.8
200206,2002-06-01,1,J5C4,49.9
200207,2002-07-01,1,J5C4,50.9
200208,2002-08-01,1,J5C4,50.5
200209,2002-09-01,1,J5C4,51.0
200210,2002-10-01,1,J5C4,51.3
200211,2002-11-01,1,J5C4,51.6
200212,2002-12-01,1,J5C4,50.7
200301,2003-01-01,1,J5C4,51.1
200302,2003-02-01,1,J5C4,51.6
200303,2003-03-01,1,J5C4,52.0
200304,2003-04-01,1,J5C4,51.5
200305,2003-05-01,1,J5C4,51.1
200306,2003-06-01,1,J5C4,51.5
200307,2003-07-01,1,J5C4,52.1
200308,2003-08-01,1,J5C4,52.1
200309,2003-09-01,1,J5C4,52.6
200310,2003-10-01,1,J5C4,52.9
200311,2003-11-01,1,J5C4,52.9
200312,2003-12-01,1,J5C4,52.9
200401,2004-01-01,1,J5C4,53.9
200402,2004-02-01,1,J5C4,53.5
200403,2004-03-01,1,J5C4,53.6
200404,2004-04-01,1,J5C4,54.0
200405,2004-05-01,1,J5C4,54.3
200406,2004-06-01,1,J5C4,54.6
200407,2004-07-01,1,J5C4,54.5
200408,2004-08-01,1,J5C4,54.8
200409,2004-09-01,1,J5C4,55.0
200410,2004-10-01,1,J5C4,55.5
200411,2004-11-01,1,J5C4,55.3
200412,2004-12-01,1,J5C4,54.9
200501,2005-01-01,1,J5C4,54.9
200502,2005-02-01,1,J5C4,54.8
200503,2005-03-01,1,J5C4,54.8
200504,2005-04-01,1,J5C4,54.9
200505,2005-05-01,1,J5C4,54.6
200506,2005-06-01,1,J5C4,55.2
200507,2005-07-01,1,J5C4,55.4
200508,2005-08-01,1,J5C4,55.0
200509,2005-09-01,1,J5C4,55.3
200510,2005-10-01,1,J5C4,55.4
200511,2005-11-01,1,J5C4,55.9
200512,2005-12-01,1,J5C4,55.8
200601,2006-01-01,1,J5C4,56.3
200602,2006-02-01,1,J5C4,56.2
200603,2006-03-01,1,J5C4,56.6
200604,2006-04-01,1,J5C4,56.5
200605,2006-05-01,1,J5C4,57.1
200606,2006-06-01,1,J5C4,57.5
200607,2006-07-01,1,J5C4,57.6
200608,2006-08-01,1,J5C4,57.7
200609,2006-09-01,1,J5C4,57.4
200610,2006-10-01,1,J5C4,57.6
200611,2006-11-01,1,J5C4,57.9
200612,2006-12-01,1,J5C4,58.5
200701,2007-01-01,1,J5C4,57.7
200702,2007-02-01,1,J5C4,58.4
200703,2007-03-01,1,J5C4,59.3
200704,2007-04-01,1,J5C4,59.7
200705,2007-05-01,1,J5C4,59.2
200706,2007-06-01,1,J5C4,59.6
200707,2007-07-01,1,J5C4,59.2
200708,2007-08-01,1,J5C4,59.5
200709,2007-09-01,1,J5C4,60.0
200710,2007-10-01,1,J5C4,59.9
200711,2007-11-01,1,J5C4,60.7
200712,2007-12-01,1,J5C4,60.7
200801,2008-01-01,1,J5C4,61.1
200802,2008-02-01,1,J5C4,62.4
200803,2008-03-01,1,J5C4,61.3
200804,2008-04-01,1,J5C4,61.1
200805,2008-05-01,1,J5C4,63.4
200806,2008-06-01,1,J5C4,62.0
200807,2008-07-01,1,J5C4,62.6
200808,2008-08-01,1,J5C4,62.4
200809,2008-09-01,1,J5C4,62.5
200810,2008-10-01,1,J5C4,61.7
200811,2008-11-01,1,J5C4,61.6
200812,2008-12-01,1,J5C4,61.1
200901,2009-01-01,1,J5C4,61.4
200902,2009-02-01,1,J5C4,60.8
200903,2009-03-01,1,J5C4,61.2
200904,2009-04-01,1,J5C4,61.4
200905,2009-05-01,1,J5C4,61.7
200906,2009-06-01,1,J5C4,62.5
200907,2009-07-01,1,J5C4,62.6
200908,2009-08-01,1,J5C4,63.0
200909,2009-09-01,1,J5C4,63.0
200910,2009-10-01,1,J5C4,63.4
200911,2009-11-01,1,J5C4,63.3
200912,2009-12-01,1,J5C4,63.1
201001,2010-01-01,1,J5C4,61.6
201002,2010-02-01,1,J5C4,63.2
201003,2010-03-01,1,J5C4,63.3
201004,2010-04-01,1,J5C4,64.1
201005,2010-05-01,1,J5C4,64.1
201006,2010-06-01,1,J5C4,64.2
201007,2010-07-01,1,J5C4,64.3
201008,2010-08-01,1,J5C4,64.5
201009,2010-09-01,1,J5C4,64.1
201010,2010-10-01,1,J5C4,64.6
201011,2010-11-01,1,J5C4,65.2
201012,2010-12-01,1,J5C4,64.5
201101,2011-01-01,1,J5C4,66.3
201102,2011-02-01,1,J5C4,66.2
201103,2011-03-01,1,J5C4,66.4
201104,2011-04-01,1,J5C4,67.9
201105,2011-05-01,1,J5C4,66.6
201106,2011-06-01,1,J5C4,66.8
201107,2011-07-01,1,J5C4,67.2
201108,2011-08-01,1,J5C4,67.2
201109,2011-09-01,1,J5C4,67.6
201110,2011-10-01,1,J5C4,68.2
201111,2011-11-01,1,J5C4,68.2
201112,2011-12-01,1,J5C4,68.7
201201,2012-01-01,1,J5C4,68.4
201202,2012-02-01,1,J5C4,68.1
201203,2012-03-01,1,J5C4,70.0
201204,2012-04-01,1,J5C4,68.3
201205,2012-05-01,1,J5C4,68.5
201206,2012-06-01,1,J5C4,68.4
201207,2012-07-01,1,J5C4,68.5
201208,2012-08-01,1,J5C4,68.8
201209,2012-09-01,1,J5C4,69.5
201210,2012-10-01,1,J5C4,69.1
201211,2012-11-01,1,J5C4,68.7
201212,2012-12-01,1,J5C4,69.0
201301,2013-01-01,1,J5C4,68.9
201302,2013-02-01,1,J5C4,70.2
201303,2013-03-01,1,J5C4,69.6
201304,2013-04-01,1,J5C4,69.5
201305,2013-05-01,1,J5C4,70.2
201306,2013-06-01,1,J5C4,70.8
201307,2013-07-01,1,J5C4,71.2
201308,2013-08-01,1,J5C4,70.8
201309,2013-09-01,1,J5C4,71.6
201310,2013-10-01,1,J5C4,70.8
201311,2013-11-01,1,J5C4,71.2
201312,2013-12-01,1,J5C4,71.8
201401,2014-01-01,1,J5C4,71.6
201402,2014-02-01,1,J5C4,72.1
201403,2014-03-01,1,J5C4,72.9
201404,2014-04-01,1,J5C4,72.6
201405,2014-05-01,1,J5C4,72.7
201406,2014-06-01,1,J5C4,73.1
201407,2014-07-01,1,J5C4,73.0
201408,2014-08-01,1,J5C4,73.2
201409,2014-09-01,1,J5C4,72.5
201410,2014-10-01,1,J5C4,73.0
201411,2014-11-01,1,J5C4,73.3
201412,2014-12-01,1,J5C4,74.8
201501,2015-01-01,1,J5C4,73.2
201502,2015-02-01,1,J5C4,73.0
201503,2015-03-01,1,J5C4,73.2
201504,2015-04-01,1,J5C4,73.7
201505,2015-05-01,1,J5C4,73.5
201506,2015-06-01,1,J5C4,73.8
201507,2015-07-01,1,J5C4,73.7
201508,2015-08-01,1,J5C4,73.0
201509,2015-09-01,1,J5C4,74.2
201510,2015-10-01,1,J5C4,73.4
201511,2015-11-01,1,J5C4,73.7
201512,2015-12-01,1,J5C4,73.6
201601,2016-01-01,1,J5C4,75.3
201602,2016-02-01,1,J5C4,74.1
201603,2016-03-01,1,J5C4,74.1
201604,2016-04-01,1,J5C4,74.6
201605,2016-05-01,1,J5C4,75.4
201606,2016-06-01,1,J5C4,74.9
201607,2016-07-01,1,J5C4,76.4
201608,2016-08-01,1,J5C4,76.1
201609,2016-09-01,1,J5C4,76.8
201610,2016-10-01,1,J5C4,78.3
201611,2016-11-01,1,J5C4,78.1
201612,2016-12-01,1,J5C4,78.3
201701,2017-01-01,1,J5C4,77.7
201702,2017-02-01,1,J5C4,78.4
201703,2017-03-01,1,J5C4,78.3
201704,2017-04-01,1,J5C4,79.7
201705,2017-05-01,1,J5C4,78.4
201706,2017-06-01,1,J5C4,79.0
201707,2017-07-01,1,J5C4,79.1
201708,2017-08-01,1,J5C4,80.2
201709,2017-09-01,1,J5C4,80.4
201710,2017-10-01,1,J5C4,80.7
201711,2017-11-01,1,J5C4,81.2
201712,2017-12-01,1,J5C4,81.8
201801,2018-01-01,1,J5C4,81.2
201802,2018-02-01,1,J5C4,81.7
201803,2018-03-01,1,J5C4,80.3
201804,2018-04-01,1,J5C4,81.9
201805,2018-05-01,1,J5C4,83.4
201806,2018-06-01,1,J5C4,83.0
201807,2018-07-01,1,J5C4,83.8
201808,2018-08-01,1,J5C4,84.4
201809,2018-09-01,1,J5C4,84.2
201810,2018-10-01,1,J5C4,83.7
201811,2018-11-01,1,J5C4,84.8
201812,2018-12-01,1,J5C4,84.7
201901,2019-01-01,1,J5C4,84.7
201902,2019-02-01,1,J5C4,85.2
201903,2019-03-01,1,J5C4,86.0
201904,2019-04-01,1,J5C4,85.9
201905,2019-05-01,1,J5C4,85.4
201906,2019-06-01,1,J5C4,86.4
201907,2019-07-01,1,J5C4,87.4
201908,2019-08-01,1,J5C4,87.0
201909,2019-09-01,1,J5C4,86.9
201910,2019-10-01,1,J5C4,86.3
201911,2019-11-01,1,J5C4,86.0
201912,2019-12-01,1,J5C4,87.1
202001,2020-01-01,1,J5C4,87.3
202002,2020-02-01,1,J5C4,86.5
202003,2020-03-01,1,J5C4,80.4
202004,2020-04-01,1,J5C4,65.2
202005,2020-05-01,1,J5C4,73.8
202006,2020-06-01,1,J5C4,83.1
202007,2020-07-01,1,J5C4,87.7
202008,2020-08-01,1,J5C4,89.0
202009,2020-09-01,1,J5C4,90.2
202010,2020-10-01,1,J5C4,91.2
202011,2020-11-01,1,J5C4,86.6
202012,2020-12-01,1,J5C4,88.1
202101,2021-01-01,1,J5C4,82.0
202102,2021-02-01,1,J5C4,82.7
202103,2021-03-01,1,J5C4,86.0
202104,2021-04-01,1,J5C4,93.6
202105,2021-05-01,1,J5C4,92.4
202106,2021-06-01,1,J5C4,93.8
202107,2021-07-01,1,J5C4,92.1
202108,2021-08-01,1,J5C4,92.8
202109,2021-09-01,1,J5C4,93.0
202110,2021-10-01,1,J5C4,93.6
202111,2021-11-01,1,J5C4,94.7
202112,2021-12-01,1,J5C4,95.5
202201,2022-01-01,1,J5C4,95.4
202202,2022-02-01,1,J5C4,95.2
202203,2022-03-01,1,J5C4,96.2
202204,2022-04-01,1,J5C4,96.1
202205,2022-05-01,1,J5C4,96.0
202206,2022-06-01,1,J5C4,97.5
202207,2022-07-01,1,J5C4,99.1
202208,2022-08-01,1,J5C4,97.1
202209,2022-09-01,1,J5C4,96.5
202210,2022-10-01,1,J5C4,98.5
202211,2022-11-01,1,J5C4,98.2
202212,2022-12-01,1,J5C4,98.2
202301,2023-01-01,1,J5C4,98.7
202302,2023-02-01,1,J5C4,100.0
202303,2023-03-01,1,J5C4,98.9
202304,2023-04-01,1,J5C4,100.7
202305,2023-05-01,1,J5C4,100.1
202306,2023-06-01,1,J5C4,100.8
202307,2023-07-01,1,J5C4,99.7
202308,2023-08-01,1,J5C4,100.6
202309,2023-09-01,1,J5C4,100.1
202310,2023-10-01,1,J5C4,100.9
202311,2023-11-01,1,J5C4,102.1
202312,2023-12-01,1,J5C4,98.0
202401,2024-01-01,1,J5C4,101.3
202402,2024-02-01,1,J5C4,101.6
202403,2024-03-01,1,J5C4,100.8
202404,2024-04-01,1,J5C4,99.7
202405,2024-05-01,1,J5C4,102.2
202406,2024-06-01,1,J5C4,100.4
202407,2024-07-01,1,J5C4,101.3
202408,2024-08-01,1,J5C4,101.7
202409,2024-09-01,1,J5C4,101.3
202410,2024-10-01,1,J5C4,100.6
202411,2024-11-01,1,J5C4,100.9
202412,2024-12-01,1,J5C4,101.5
202501,2025-01-01,1,J5C4,101.2
202502,2025-02-01,1,J5C4,103.4
202503,2025-03-01,1,J5C4,103.6
202504,2025-04-01,1,J5C4,103.1
202505,2025-05-01,1,J5C4,101.5
202506,2025-06-01,1,J5C4,102.3
202507,2025-07-01,1,J5C4,104.1
202508,2025-08-01,1,J5C4,103.9
202509,2025-09-01,1,J5C4,105.0
202510,2025-10-01,1,J5C4,104.4
202511,2025-11-01,1,J5C4,104.2
202512,2025-12-01,1,J5C4,104.6
202601,2026-01-01,1,J5C4,106.7
202602,2026-02-01,1,J5C4,105.8
202603,2026-03-01,1,J5C4,107.6
202604,2026-04-01,1,J5C4,108.2
202605,2026-05-01,1,J5C4,109.1
202606,2026-06-01,1,J5C4,109.9
198801,1988-01-01,2,J468,27.0
198802,1988-02-01,2,J468,26.6
198803,1988-03-01,2,J468,26.6
198804,1988-04-01,2,J468,27.4
198805,1988-05-01,2,J468,27.3
198806,1988-06-01,2,J468,27.5
198807,1988-07-01,2,J468,28.1
198808,1988-08-01,2,J468,28.2
198809,1988-09-01,2,J468,28.0
198810,1988-10-01,2,J468,28.6
198811,1988-11-01,2,J468,28.8
198812,1988-12-01,2,J468,29.1
198901,1989-01-01,2,J468,28.7
198902,1989-02-01,2,J468,29.2
198903,1989-03-01,2,J468,29.2
198904,1989-04-01,2,J468,29.6
198905,1989-05-01,2,J468,30.0
198906,1989-06-01,2,J468,29.5
198907,1989-07-01,2,J468,29.6
198908,1989-08-01,2,J468,29.9
198909,1989-09-01,2,J468,30.1
198910,1989-10-01,2,J468,30.4
198911,1989-11-01,2,J468,30.4
198912,1989-12-01,2,J468,31.1
199001,1990-01-01,2,J468,31.0
199002,1990-02-01,2,J468,31.7
199003,1990-03-01,2,J468,31.8
199004,1990-04-01,2,J468,31.6
199005,1990-05-01,2,J468,32.5
199006,1990-06-01,2,J468,31.7
199007,1990-07-01,2,J468,32.3
199008,1990-08-01,2,J468,32.1
199009,1990-09-01,2,J468,32.2
199010,1990-10-01,2,J468,32.1
199011,1990-11-01,2,J468,31.9
199012,1990-12-01,2,J468,32.9
199101,1991-01-01,2,J468,32.1
199102,1991-02-01,2,J468,32.0
199103,1991-03-01,2,J468,33.4
199104,1991-04-01,2,J468,32.9
199105,1991-05-01,2,J468,32.8
199106,1991-06-01,2,J468,33.3
199107,1991-07-01,2,J468,33.8
199108,1991-08-01,2,J468,33.2
199109,1991-09-01,2,J468,33.4
199110,1991-10-01,2,J468,33.2
199111,1991-11-01,2,J468,33.6
199112,1991-12-01,2,J468,33.0
199201,1992-01-01,2,J468,33.7
199202,1992-02-01,2,J468,33.8
199203,1992-03-01,2,J468,33.6
199204,1992-04-01,2,J468,33.8
199205,1992-05-01,2,J468,34.2
199206,1992-06-01,2,J468,34.2
199207,1992-07-01,2,J468,33.7
199208,1992-08-01,2,J468,34.3
199209,1992-09-01,2,J468,34.2
199210,1992-10-01,2,J468,34.5
199211,1992-11-01,2,J468,34.5
199212,1992-12-01,2,J468,34.2
199301,1993-01-01,2,J468,35.0
199302,1993-02-01,2,J468,35.1
199303,1993-03-01,2,J468,35.2
199304,1993-04-01,2,J468,35.3
199305,1993-05-01,2,J468,35.3
199306,1993-06-01,2,J468,35.6
199307,1993-07-01,2,J468,35.4
199308,1993-08-01,2,J468,35.9
199309,1993-09-01,2,J468,36.0
199310,1993-10-01,2,J468,36.1
199311,1993-11-01,2,J468,36.2
199312,1993-12-01,2,J468,36.2
199401,1994-01-01,2,J468,36.8
199402,1994-02-01,2,J468,36.3
199403,1994-03-01,2,J468,36.6
199404,1994-04-01,2,J468,36.7
199405,1994-05-01,2,J468,37.1
199406,1994-06-01,2,J468,37.0
199407,1994-07-01,2,J468,37.0
199408,1994-08-01,2,J468,37.4
199409,1994-09-01,2,J468,37.5
199410,1994-10-01,2,J468,37.5
199411,1994-11-01,2,J468,37.5
199412,1994-12-01,2,J468,37.8
199501,1995-01-01,2,J468,37.2
199502,1995-02-01,2,J468,37.9
199503,1995-03-01,2,J468,38.0
199504,1995-04-01,2,J468,37.6
199505,1995-05-01,2,J468,38.1
199506,1995-06-01,2,J468,38.0
199507,1995-07-01,2,J468,38.3
199508,1995-08-01,2,J468,38.3
199509,1995-09-01,2,J468,38.5
199510,1995-10-01,2,J468,38.7
199511,1995-11-01,2,J468,38.9
199512,1995-12-01,2,J468,39.3
199601,1996-01-01,2,J468,38.6
199602,1996-02-01,2,J468,39.5
199603,1996-03-01,2,J468,39.6
199604,1996-04-01,2,J468,40.3
199605,1996-05-01,2,J468,40.0
199606,1996-06-01,2,J468,40.7
199607,1996-07-01,2,J468,40.4
199608,1996-08-01,2,J468,40.5
199609,1996-09-01,2,J468,41.3
199610,1996-10-01,2,J468,41.1
199611,1996-11-01,2,J468,41.6
199612,1996-12-01,2,J468,40.5
199701,1997-01-01,2,J468,41.1
199702,1997-02-01,2,J468,41.4
199703,1997-03-01,2,J468,41.8
199704,1997-04-01,2,J468,42.0
199705,1997-05-01,2,J468,41.7
199706,1997-06-01,2,J468,42.6
199707,1997-07-01,2,J468,42.9
199708,1997-08-01,2,J468,42.5
199709,1997-09-01,2,J468,42.6
199710,1997-10-01,2,J468,43.2
199711,1997-11-01,2,J468,43.2
199712,1997-12-01,2,J468,43.4
199801,1998-01-01,2,J468,43.4
199802,1998-02-01,2,J468,43.5
199803,1998-03-01,2,J468,43.5
199804,1998-04-01,2,J468,43.7
199805,1998-05-01,2,J468,44.2
199806,1998-06-01,2,J468,43.6
199807,1998-07-01,2,J468,44.0
199808,1998-08-01,2,J468,44.3
199809,1998-09-01,2,J468,44.0
199810,1998-10-01,2,J468,43.9
199811,1998-11-01,2,J468,44.2
199812,1998-12-01,2,J468,44.0
199901,1999-01-01,2,J468,44.6
199902,1999-02-01,2,J468,44.4
199903,1999-03-01,2,J468,44.4
199904,1999-04-01,2,J468,44.6
199905,1999-05-01,2,J468,45.0
199906,1999-06-01,2,J468,45.0
199907,1999-07-01,2,J468,45.2
199908,1999-08-01,2,J468,45.3
199909,1999-09-01,2,J468,45.1
199910,1999-10-01,2,J468,45.3
199911,1999-11-01,2,J468,45.5
199912,1999-12-01,2,J468,45.8
200001,2000-01-01,2,J468,46.6
200002,2000-02-01,2,J468,45.8
200003,2000-03-01,2,J468,46.0
200004,2000-04-01,2,J468,46.0
200005,2000-05-01,2,J468,46.0
200006,2000-06-01,2,J468,46.1
200007,2000-07-01,2,J468,46.3
200008,2000-08-01,2,J468,46.8
200009,2000-09-01,2,J468,46.8
200010,2000-10-01,2,J468,47.1
200011,2000-11-01,2,J468,47.1
200012,2000-12-01,2,J468,47.5
200101,2001-01-01,2,J468,47.8
200102,2001-02-01,2,J468,47.7
200103,2001-03-01,2,J468,47.9
200104,2001-04-01,2,J468,48.0
200105,2001-05-01,2,J468,49.3
200106,2001-06-01,2,J468,49.0
200107,2001-07-01,2,J468,49.1
200108,2001-08-01,2,J468,49.1
200109,2001-09-01,2,J468,49.8
200110,2001-10-01,2,J468,49.7
200111,2001-11-01,2,J468,49.9
200112,2001-12-01,2,J468,50.7
200201,2002-01-01,2,J468,50.4
200202,2002-02-01,2,J468,51.0
200203,2002-03-01,2,J468,51.1
200204,2002-04-01,2,J468,51.8
200205,2002-05-01,2,J468,51.3
200206,2002-06-01,2,J468,50.6
200207,2002-07-01,2,J468,51.8
200208,2002-08-01,2,J468,51.4
200209,2002-09-01,2,J468,51.7
200210,2002-10-01,2,J468,51.9
200211,2002-11-01,2,J468,52.3
200212,2002-12-01,2,J468,51.3
200301,2003-01-01,2,J468,51.4
200302,2003-02-01,2,J468,51.7
200303,2003-03-01,2,J468,52.1
200304,2003-04-01,2,J468,51.8
200305,2003-05-01,2,J468,51.5
200306,2003-06-01,2,J468,52.0
200307,2003-07-01,2,J468,52.4
200308,2003-08-01,2,J468,52.4
200309,2003-09-01,2,J468,52.9
200310,2003-10-01,2,J468,53.1
200311,2003-11-01,2,J468,53.2
200312,2003-12-01,2,J468,53.4
200401,2004-01-01,2,J468,54.5
200402,2004-02-01,2,J468,54.0
200403,2004-03-01,2,J468,54.1
200404,2004-04-01,2,J468,54.5
200405,2004-05-01,2,J468,54.9
200406,2004-06-01,2,J468,54.9
200407,2004-07-01,2,J468,54.8
200408,2004-08-01,2,J468,54.9
200409,2004-09-01,2,J468,55.3
200410,2004-10-01,2,J468,55.2
200411,2004-11-01,2,J468,55.3
200412,2004-12-01,2,J468,54.8
200501,2005-01-01,2,J468,55.5
200502,2005-02-01,2,J468,55.0
200503,2005-03-01,2,J468,55.1
200504,2005-04-01,2,J468,55.1
200505,2005-05-01,2,J468,54.7
200506,2005-06-01,2,J468,55.3
200507,2005-07-01,2,J468,55.4
200508,2005-08-01,2,J468,55.1
200509,2005-09-01,2,J468,55.3
200510,2005-10-01,2,J468,55.6
200511,2005-11-01,2,J468,56.0
200512,2005-12-01,2,J468,55.9
200601,2006-01-01,2,J468,55.7
200602,2006-02-01,2,J468,55.6
200603,2006-03-01,2,J468,56.0
200604,2006-04-01,2,J468,55.9
200605,2006-05-01,2,J468,56.4
200606,2006-06-01,2,J468,56.9
200607,2006-07-01,2,J468,56.9
200608,2006-08-01,2,J468,57.1
200609,2006-09-01,2,J468,56.9
200610,2006-10-01,2,J468,57.3
200611,2006-11-01,2,J468,57.5
200612,2006-12-01,2,J468,58.1
200701,2007-01-01,2,J468,57.1
200702,2007-02-01,2,J468,58.0
200703,2007-03-01,2,J468,58.6
200704,2007-04-01,2,J468,59.0
200705,2007-05-01,2,J468,58.6
200706,2007-06-01,2,J468,58.9
200707,2007-07-01,2,J468,58.5
200708,2007-08-01,2,J468,58.8
200709,2007-09-01,2,J468,59.2
200710,2007-10-01,2,J468,59.0
200711,2007-11-01,2,J468,59.4
200712,2007-12-01,2,J468,59.3
200801,2008-01-01,2,J468,59.8
200802,2008-02-01,2,J468,61.1
200803,2008-03-01,2,J468,59.8
200804,2008-04-01,2,J468,59.7
200805,2008-05-01,2,J468,62.1
200806,2008-06-01,2,J468,60.4
200807,2008-07-01,2,J468,60.7
200808,2008-08-01,2,J468,61.1
200809,2008-09-01,2,J468,60.9
200810,2008-10-01,2,J468,60.6
200811,2008-11-01,2,J468,61.0
200812,2008-12-01,2,J468,60.9
200901,2009-01-01,2,J468,61.0
200902,2009-02-01,2,J468,60.5
200903,2009-03-01,2,J468,60.9
200904,2009-04-01,2,J468,61.2
200905,2009-05-01,2,J468,61.3
200906,2009-06-01,2,J468,61.9
200907,2009-07-01,2,J468,62.1
200908,2009-08-01,2,J468,62.3
200909,2009-09-01,2,J468,62.1
200910,2009-10-01,2,J468,62.5
200911,2009-11-01,2,J468,62.6
200912,2009-12-01,2,J468,62.6
201001,2010-01-01,2,J468,61.1
201002,2010-02-01,2,J468,62.7
201003,2010-03-01,2,J468,62.6
201004,2010-04-01,2,J468,63.3
201005,2010-05-01,2,J468,63.3
201006,2010-06-01,2,J468,63.5
201007,2010-07-01,2,J468,63.6
201008,2010-08-01,2,J468,63.9
201009,2010-09-01,2,J468,63.5
201010,2010-10-01,2,J468,63.8
201011,2010-11-01,2,J468,64.2
201012,2010-12-01,2,J468,63.6
201101,2011-01-01,2,J468,64.9
201102,2011-02-01,2,J468,64.6
201103,2011-03-01,2,J468,64.7
201104,2011-04-01,2,J468,66.2
201105,2011-05-01,2,J468,64.9
201106,2011-06-01,2,J468,65.0
201107,2011-07-01,2,J468,65.5
201108,2011-08-01,2,J468,65.6
201109,2011-09-01,2,J468,65.9
201110,2011-10-01,2,J468,66.4
201111,2011-11-01,2,J468,66.0
201112,2011-12-01,2,J468,66.5
201201,2012-01-01,2,J468,66.5
201202,2012-02-01,2,J468,66.3
201203,2012-03-01,2,J468,67.6
201204,2012-04-01,2,J468,66.9
201205,2012-05-01,2,J468,67.1
201206,2012-06-01,2,J468,67.2
201207,2012-07-01,2,J468,67.2
201208,2012-08-01,2,J468,67.4
201209,2012-09-01,2,J468,67.8
201210,2012-10-01,2,J468,67.5
201211,2012-11-01,2,J468,67.4
201212,2012-12-01,2,J468,67.8
201301,2013-01-01,2,J468,67.8
201302,2013-02-01,2,J468,68.8
201303,2013-03-01,2,J468,68.0
201304,2013-04-01,2,J468,68.2
201305,2013-05-01,2,J468,69.1
201306,2013-06-01,2,J468,69.6
201307,2013-07-01,2,J468,69.9
201308,2013-08-01,2,J468,69.5
201309,2013-09-01,2,J468,70.4
201310,2013-10-01,2,J468,70.0
201311,2013-11-01,2,J468,70.5
201312,2013-12-01,2,J468,71.1
201401,2014-01-01,2,J468,71.0
201402,2014-02-01,2,J468,71.4
201403,2014-03-01,2,J468,71.7
201404,2014-04-01,2,J468,71.9
201405,2014-05-01,2,J468,72.0
201406,2014-06-01,2,J468,72.5
201407,2014-07-01,2,J468,72.4
201408,2014-08-01,2,J468,72.6
201409,2014-09-01,2,J468,72.0
201410,2014-10-01,2,J468,72.7
201411,2014-11-01,2,J468,73.0
201412,2014-12-01,2,J468,74.6
201501,2015-01-01,2,J468,72.9
201502,2015-02-01,2,J468,73.2
201503,2015-03-01,2,J468,73.2
201504,2015-04-01,2,J468,73.6
201505,2015-05-01,2,J468,73.4
201506,2015-06-01,2,J468,73.6
201507,2015-07-01,2,J468,73.7
201508,2015-08-01,2,J468,73.0
201509,2015-09-01,2,J468,74.3
201510,2015-10-01,2,J468,73.3
201511,2015-11-01,2,J468,73.6
201512,2015-12-01,2,J468,73.7
201601,2016-01-01,2,J468,75.1
201602,2016-02-01,2,J468,74.5
201603,2016-03-01,2,J468,74.1
201604,2016-04-01,2,J468,74.7
201605,2016-05-01,2,J468,75.5
201606,2016-06-01,2,J468,74.9
201607,2016-07-01,2,J468,76.3
201608,2016-08-01,2,J468,76.0
201609,2016-09-01,2,J468,76.7
201610,2016-10-01,2,J468,78.1
201611,2016-11-01,2,J468,77.8
201612,2016-12-01,2,J468,77.7
201701,2017-01-01,2,J468,77.1
201702,2017-02-01,2,J468,77.9
201703,2017-03-01,2,J468,77.9
201704,2017-04-01,2,J468,79.5
201705,2017-05-01,2,J468,78.0
201706,2017-06-01,2,J468,78.9
201707,2017-07-01,2,J468,79.1
201708,2017-08-01,2,J468,80.1
201709,2017-09-01,2,J468,80.3
201710,2017-10-01,2,J468,80.4
201711,2017-11-01,2,J468,80.8
201712,2017-12-01,2,J468,81.0
201801,2018-01-01,2,J468,80.5
201802,2018-02-01,2,J468,80.9
201803,2018-03-01,2,J468,80.0
201804,2018-04-01,2,J468,81.5
201805,2018-05-01,2,J468,82.8
201806,2018-06-01,2,J468,82.2
201807,2018-07-01,2,J468,83.1
201808,2018-08-01,2,J468,83.8
201809,2018-09-01,2,J468,83.5
201810,2018-10-01,2,J468,82.9
201811,2018-11-01,2,J468,83.8
201812,2018-12-01,2,J468,84.0
201901,2019-01-01,2,J468,83.7
201902,2019-02-01,2,J468,84.2
201903,2019-03-01,2,J468,85.0
201904,2019-04-01,2,J468,84.8
201905,2019-05-01,2,J468,84.3
201906,2019-06-01,2,J468,85.3
201907,2019-07-01,2,J468,86.5
201908,2019-08-01,2,J468,86.1
201909,2019-09-01,2,J468,86.2
201910,2019-10-01,2,J468,85.3
201911,2019-11-01,2,J468,85.2
201912,2019-12-01,2,J468,86.1
202001,2020-01-01,2,J468,86.3
202002,2020-02-01,2,J468,85.5
202003,2020-03-01,2,J468,81.0
202004,2020-04-01,2,J468,68.7
202005,2020-05-01,2,J468,76.8
202006,2020-06-01,2,J468,86.2
202007,2020-07-01,2,J468,89.5
202008,2020-08-01,2,J468,90.5
202009,2020-09-01,2,J468,91.8
202010,2020-10-01,2,J468,92.8
202011,2020-11-01,2,J468,89.0
202012,2020-12-01,2,J468,90.0
202101,2021-01-01,2,J468,83.4
202102,2021-02-01,2,J468,84.1
202103,2021-03-01,2,J468,87.0
202104,2021-04-01,2,J468,94.6
202105,2021-05-01,2,J468,93.0
202106,2021-06-01,2,J468,94.1
202107,2021-07-01,2,J468,91.9
202108,2021-08-01,2,J468,92.4
202109,2021-09-01,2,J468,92.4
202110,2021-10-01,2,J468,93.5
202111,2021-11-01,2,J468,93.7
202112,2021-12-01,2,J468,94.5
202201,2022-01-01,2,J468,94.5
202202,2022-02-01,2,J468,93.9
202203,2022-03-01,2,J468,94.5
202204,2022-04-01,2,J468,94.4
202205,2022-05-01,2,J468,94.0
202206,2022-06-01,2,J468,94.9
202207,2022-07-01,2,J468,96.4
202208,2022-08-01,2,J468,95.1
202209,2022-09-01,2,J468,95.1
202210,2022-10-01,2,J468,96.7
202211,2022-11-01,2,J468,96.6
202212,2022-12-01,2,J468,96.8
202301,2023-01-01,2,J468,97.5
202302,2023-02-01,2,J468,99.3
202303,2023-03-01,2,J468,98.7
202304,2023-04-01,2,J468,100.9
202305,2023-05-01,2,J468,100.6
202306,2023-06-01,2,J468,101.5
202307,2023-07-01,2,J468,100.3
202308,2023-08-01,2,J468,100.9
202309,2023-09-01,2,J468,100.0
202310,2023-10-01,2,J468,100.7
202311,2023-11-01,2,J468,102.1
202312,2023-12-01,2,J468,98.1
202401,2024-01-01,2,J468,101.1
202402,2024-02-01,2,J468,101.6
202403,2024-03-01,2,J468,100.7
202404,2024-04-01,2,J468,99.7
202405,2024-05-01,2,J468,102.3
202406,2024-06-01,2,J468,100.4
202407,2024-07-01,2,J468,101.6
202408,2024-08-01,2,J468,101.9
202409,2024-09-01,2,J468,102.0
202410,2024-10-01,2,J468,101.2
202411,2024-11-01,2,J468,101.7
202412,2024-12-01,2,J468,102.2
202501,2025-01-01,2,J468,101.6
202502,2025-02-01,2,J468,103.6
202503,2025-03-01,2,J468,104.5
202504,2025-04-01,2,J468,104.2
202505,2025-05-01,2,J468,102.6
202506,2025-06-01,2,J468,103.6
202507,2025-07-01,2,J468,105.4
202508,2025-08-01,2,J468,105.7
202509,2025-09-01,2,J468,106.7
202510,2025-10-01,2,J468,106.1
202511,2025-11-01,2,J468,105.7
202512,2025-12-01,2,J468,106.0
202601,2026-01-01,2,J468,108.3
202602,2026-02-01,2,J468,107.4
202603,2026-03-01,2,J468,108.3
202604,2026-04-01,2,J468,108.9
202605,2026-05-01,2,J468,109.8
202606,2026-06-01,2,J468,110.9
198801,1988-01-01,3,EAQW,23.3
198802,1988-02-01,3,EAQW,23.2
198803,1988-03-01,3,EAQW,23.2
198804,1988-04-01,3,EAQW,23.7
198805,1988-05-01,3,EAQW,23.5
198806,1988-06-01,3,EAQW,23.5
198807,1988-07-01,3,EAQW,23.5
198808,1988-08-01,3,EAQW,23.8
198809,1988-09-01,3,EAQW,23.8
198810,1988-10-01,3,EAQW,24.2
198811,1988-11-01,3,EAQW,24.4
198812,1988-12-01,3,EAQW,24.7
198901,1989-01-01,3,EAQW,23.8
198902,1989-02-01,3,EAQW,24.7
198903,1989-03-01,3,EAQW,24.7
198904,1989-04-01,3,EAQW,25.2
198905,1989-05-01,3,EAQW,25.5
198906,1989-06-01,3,EAQW,25.4
198907,1989-07-01,3,EAQW,25.6
198908,1989-08-01,3,EAQW,25.7
198909,1989-09-01,3,EAQW,25.8
198910,1989-10-01,3,EAQW,26.2
198911,1989-11-01,3,EAQW,26.4
198912,1989-12-01,3,EAQW,26.7
199001,1990-01-01,3,EAQW,26.1
199002,1990-02-01,3,EAQW,26.8
199003,1990-03-01,3,EAQW,27.2
199004,1990-04-01,3,EAQW,26.9
199005,1990-05-01,3,EAQW,28.0
199006,1990-06-01,3,EAQW,27.3
199007,1990-07-01,3,EAQW,27.9
199008,1990-08-01,3,EAQW,27.8
199009,1990-09-01,3,EAQW,28.1
199010,1990-10-01,3,EAQW,28.2
199011,1990-11-01,3,EAQW,28.4
199012,1990-12-01,3,EAQW,28.9
199101,1991-01-01,3,EAQW,28.6
199102,1991-02-01,3,EAQW,29.1
199103,1991-03-01,3,EAQW,29.2
199104,1991-04-01,3,EAQW,29.5
199105,1991-05-01,3,EAQW,29.3
199106,1991-06-01,3,EAQW,30.1
199107,1991-07-01,3,EAQW,30.6
199108,1991-08-01,3,EAQW,30.5
199109,1991-09-01,3,EAQW,30.6
199110,1991-10-01,3,EAQW,30.2
199111,1991-11-01,3,EAQW,30.1
199112,1991-12-01,3,EAQW,30.0
199201,1992-01-01,3,EAQW,31.0
199202,1992-02-01,3,EAQW,31.1
199203,1992-03-01,3,EAQW,31.4
199204,1992-04-01,3,EAQW,31.2
199205,1992-05-01,3,EAQW,31.4
199206,1992-06-01,3,EAQW,31.7
199207,1992-07-01,3,EAQW,31.2
199208,1992-08-01,3,EAQW,31.4
199209,1992-09-01,3,EAQW,31.7
199210,1992-10-01,3,EAQW,32.1
199211,1992-11-01,3,EAQW,32.1
199212,1992-12-01,3,EAQW,31.9
199301,1993-01-01,3,EAQW,32.7
199302,1993-02-01,3,EAQW,32.4
199303,1993-03-01,3,EAQW,32.6
199304,1993-04-01,3,EAQW,32.7
199305,1993-05-01,3,EAQW,32.9
199306,1993-06-01,3,EAQW,32.9
199307,1993-07-01,3,EAQW,32.8
199308,1993-08-01,3,EAQW,33.2
199309,1993-09-01,3,EAQW,33.3
199310,1993-10-01,3,EAQW,33.4
199311,1993-11-01,3,EAQW,33.4
199312,1993-12-01,3,EAQW,33.7
199401,1994-01-01,3,EAQW,33.8
199402,1994-02-01,3,EAQW,33.6
199403,1994-03-01,3,EAQW,33.7
199404,1994-04-01,3,EAQW,34.1
199405,1994-05-01,3,EAQW,34.2
199406,1994-06-01,3,EAQW,34.4
199407,1994-07-01,3,EAQW,34.8
199408,1994-08-01,3,EAQW,34.7
199409,1994-09-01,3,EAQW,34.7
199410,1994-10-01,3,EAQW,35.0
199411,1994-11-01,3,EAQW,35.2
199412,1994-12-01,3,EAQW,35.1
199501,1995-01-01,3,EAQW,35.0
199502,1995-02-01,3,EAQW,35.7
199503,1995-03-01,3,EAQW,36.2
199504,1995-04-01,3,EAQW,35.8
199505,1995-05-01,3,EAQW,36.6
199506,1995-06-01,3,EAQW,36.3
199507,1995-07-01,3,EAQW,36.6
199508,1995-08-01,3,EAQW,37.2
199509,1995-09-01,3,EAQW,36.8
199510,1995-10-01,3,EAQW,37.0
199511,1995-11-01,3,EAQW,37.2
199512,1995-12-01,3,EAQW,37.4
199601,1996-01-01,3,EAQW,37.1
199602,1996-02-01,3,EAQW,38.1
199603,1996-03-01,3,EAQW,38.1
199604,1996-04-01,3,EAQW,38.3
199605,1996-05-01,3,EAQW,38.1
199606,1996-06-01,3,EAQW,38.8
199607,1996-07-01,3,EAQW,38.9
199608,1996-08-01,3,EAQW,38.7
199609,1996-09-01,3,EAQW,39.1
199610,1996-10-01,3,EAQW,39.1
199611,1996-11-01,3,EAQW,39.1
199612,1996-12-01,3,EAQW,38.3
199701,1997-01-01,3,EAQW,39.5
199702,1997-02-01,3,EAQW,39.4
199703,1997-03-01,3,EAQW,39.5
199704,1997-04-01,3,EAQW,39.9
199705,1997-05-01,3,EAQW,39.8
199706,1997-06-01,3,EAQW,39.9
199707,1997-07-01,3,EAQW,40.8
199708,1997-08-01,3,EAQW,41.0
199709,1997-09-01,3,EAQW,41.0
199710,1997-10-01,3,EAQW,41.2
199711,1997-11-01,3,EAQW,41.1
199712,1997-12-01,3,EAQW,41.6
199801,1998-01-01,3,EAQW,41.6
199802,1998-02-01,3,EAQW,41.7
199803,1998-03-01,3,EAQW,41.9
199804,1998-04-01,3,EAQW,42.1
199805,1998-05-01,3,EAQW,42.4
199806,1998-06-01,3,EAQW,42.6
199807,1998-07-01,3,EAQW,42.3
199808,1998-08-01,3,EAQW,42.9
199809,1998-09-01,3,EAQW,42.7
199810,1998-10-01,3,EAQW,43.0
199811,1998-11-01,3,EAQW,43.0
199812,1998-12-01,3,EAQW,42.5
199901,1999-01-01,3,EAQW,43.4
199902,1999-02-01,3,EAQW,43.4
199903,1999-03-01,3,EAQW,43.2
199904,1999-04-01,3,EAQW,43.3
199905,1999-05-01,3,EAQW,43.7
199906,1999-06-01,3,EAQW,43.6
199907,1999-07-01,3,EAQW,43.9
199908,1999-08-01,3,EAQW,43.5
199909,1999-09-01,3,EAQW,44.0
199910,1999-10-01,3,EAQW,43.9
199911,1999-11-01,3,EAQW,44.1
199912,1999-12-01,3,EAQW,45.3
200001,2000-01-01,3,EAQW,44.8
200002,2000-02-01,3,EAQW,44.5
200003,2000-03-01,3,EAQW,44.7
200004,2000-04-01,3,EAQW,45.0
200005,2000-05-01,3,EAQW,44.4
200006,2000-06-01,3,EAQW,44.6
200007,2000-07-01,3,EAQW,44.7
200008,2000-08-01,3,EAQW,45.2
200009,2000-09-01,3,EAQW,45.4
200010,2000-10-01,3,EAQW,45.4
200011,2000-11-01,3,EAQW,45.9
200012,2000-12-01,3,EAQW,45.9
200101,2001-01-01,3,EAQW,45.7
200102,2001-02-01,3,EAQW,46.4
200103,2001-03-01,3,EAQW,47.1
200104,2001-04-01,3,EAQW,46.4
200105,2001-05-01,3,EAQW,48.0
200106,2001-06-01,3,EAQW,47.7
200107,2001-07-01,3,EAQW,47.5
200108,2001-08-01,3,EAQW,47.5
200109,2001-09-01,3,EAQW,47.9
200110,2001-10-01,3,EAQW,48.3
200111,2001-11-01,3,EAQW,48.8
200112,2001-12-01,3,EAQW,49.1
200201,2002-01-01,3,EAQW,48.8
200202,2002-02-01,3,EAQW,49.2
200203,2002-03-01,3,EAQW,48.8
200204,2002-04-01,3,EAQW,49.3
200205,2002-05-01,3,EAQW,49.5
200206,2002-06-01,3,EAQW,49.0
200207,2002-07-01,3,EAQW,50.2
200208,2002-08-01,3,EAQW,49.8
200209,2002-09-01,3,EAQW,50.0
200210,2002-10-01,3,EAQW,50.2
200211,2002-11-01,3,EAQW,50.2
200212,2002-12-01,3,EAQW,50.2
200301,2003-01-01,3,EAQW,50.2
200302,2003-02-01,3,EAQW,50.5
200303,2003-03-01,3,EAQW,51.1
200304,2003-04-01,3,EAQW,50.7
200305,2003-05-01,3,EAQW,50.6
200306,2003-06-01,3,EAQW,51.2
200307,2003-07-01,3,EAQW,51.7
200308,2003-08-01,3,EAQW,52.2
200309,2003-09-01,3,EAQW,52.0
200310,2003-10-01,3,EAQW,52.1
200311,2003-11-01,3,EAQW,51.8
200312,2003-12-01,3,EAQW,52.6
200401,2004-01-01,3,EAQW,52.9
200402,2004-02-01,3,EAQW,52.6
200403,2004-03-01,3,EAQW,52.7
200404,2004-04-01,3,EAQW,52.9
200405,2004-05-01,3,EAQW,53.5
200406,2004-06-01,3,EAQW,53.3
200407,2004-07-01,3,EAQW,53.3
200408,2004-08-01,3,EAQW,54.0
200409,2004-09-01,3,EAQW,53.8
200410,2004-10-01,3,EAQW,54.0
200411,2004-11-01,3,EAQW,54.1
200412,2004-12-01,3,EAQW,54.2
200501,2005-01-01,3,EAQW,55.1
200502,2005-02-01,3,EAQW,54.4
200503,2005-03-01,3,EAQW,54.4
200504,2005-04-01,3,EAQW,54.9
200505,2005-05-01,3,EAQW,54.9
200506,2005-06-01,3,EAQW,55.2
200507,2005-07-01,3,EAQW,55.3
200508,2005-08-01,3,EAQW,54.9
200509,2005-09-01,3,EAQW,55.2
200510,2005-10-01,3,EAQW,55.5
200511,2005-11-01,3,EAQW,56.0
200512,2005-12-01,3,EAQW,55.8
200601,2006-01-01,3,EAQW,55.5
200602,2006-02-01,3,EAQW,56.0
200603,2006-03-01,3,EAQW,56.4
200604,2006-04-01,3,EAQW,55.6
200605,2006-05-01,3,EAQW,56.3
200606,2006-06-01,3,EAQW,57.6
200607,2006-07-01,3,EAQW,58.3
200608,2006-08-01,3,EAQW,57.3
200609,2006-09-01,3,EAQW,57.8
200610,2006-10-01,3,EAQW,58.0
200611,2006-11-01,3,EAQW,58.1
200612,2006-12-01,3,EAQW,58.4
200701,2007-01-01,3,EAQW,58.2
200702,2007-02-01,3,EAQW,58.6
200703,2007-03-01,3,EAQW,59.2
200704,2007-04-01,3,EAQW,59.6
200705,2007-05-01,3,EAQW,59.2
200706,2007-06-01,3,EAQW,59.0
200707,2007-07-01,3,EAQW,58.7
200708,2007-08-01,3,EAQW,59.6
200709,2007-09-01,3,EAQW,60.0
200710,2007-10-01,3,EAQW,60.2
200711,2007-11-01,3,EAQW,60.6
200712,2007-12-01,3,EAQW,61.0
200801,2008-01-01,3,EAQW,61.5
200802,2008-02-01,3,EAQW,62.1
200803,2008-03-01,3,EAQW,61.3
200804,2008-04-01,3,EAQW,61.5
200805,2008-05-01,3,EAQW,63.7
200806,2008-06-01,3,EAQW,62.8
200807,2008-07-01,3,EAQW,63.4
200808,2008-08-01,3,EAQW,63.7
200809,2008-09-01,3,EAQW,63.9
200810,2008-10-01,3,EAQW,64.5
200811,2008-11-01,3,EAQW,64.4
200812,2008-12-01,3,EAQW,64.3
200901,2009-01-01,3,EAQW,64.9
200902,2009-02-01,3,EAQW,65.8
200903,2009-03-01,3,EAQW,65.9
200904,2009-04-01,3,EAQW,66.1
200905,2009-05-01,3,EAQW,66.4
200906,2009-06-01,3,EAQW,67.5
200907,2009-07-01,3,EAQW,66.7
200908,2009-08-01,3,EAQW,67.1
200909,2009-09-01,3,EAQW,66.7
200910,2009-10-01,3,EAQW,66.6
200911,2009-11-01,3,EAQW,66.4
200912,2009-12-01,3,EAQW,66.7
201001,2010-01-01,3,EAQW,66.8
201002,2010-02-01,3,EAQW,66.3
201003,2010-03-01,3,EAQW,66.3
201004,2010-04-01,3,EAQW,67.4
201005,2010-05-01,3,EAQW,67.7
201006,2010-06-01,3,EAQW,68.3
201007,2010-07-01,3,EAQW,67.3
201008,2010-08-01,3,EAQW,67.2
201009,2010-09-01,3,EAQW,67.3
201010,2010-10-01,3,EAQW,67.8
201011,2010-11-01,3,EAQW,68.7
201012,2010-12-01,3,EAQW,68.0
201101,2011-01-01,3,EAQW,68.7
201102,2011-02-01,3,EAQW,68.5
201103,2011-03-01,3,EAQW,69.6
201104,2011-04-01,3,EAQW,71.0
201105,2011-05-01,3,EAQW,69.3
201106,2011-06-01,3,EAQW,69.8
201107,2011-07-01,3,EAQW,70.6
201108,2011-08-01,3,EAQW,71.0
201109,2011-09-01,3,EAQW,71.3
201110,2011-10-01,3,EAQW,71.6
201111,2011-11-01,3,EAQW,71.3
201112,2011-12-01,3,EAQW,71.8
201201,2012-01-01,3,EAQW,71.4
201202,2012-02-01,3,EAQW,72.0
201203,2012-03-01,3,EAQW,72.0
201204,2012-04-01,3,EAQW,72.1
201205,2012-05-01,3,EAQW,72.1
201206,2012-06-01,3,EAQW,72.3
201207,2012-07-01,3,EAQW,72.1
201208,2012-08-01,3,EAQW,72.8
201209,2012-09-01,3,EAQW,73.0
201210,2012-10-01,3,EAQW,72.6
201211,2012-11-01,3,EAQW,72.9
201212,2012-12-01,3,EAQW,72.9
201301,2013-01-01,3,EAQW,73.8
201302,2013-02-01,3,EAQW,73.3
201303,2013-03-01,3,EAQW,73.5
201304,2013-04-01,3,EAQW,73.4
201305,2013-05-01,3,EAQW,74.1
201306,2013-06-01,3,EAQW,74.3
201307,2013-07-01,3,EAQW,75.9
201308,2013-08-01,3,EAQW,74.6
201309,2013-09-01,3,EAQW,74.7
201310,2013-10-01,3,EAQW,74.8
201311,2013-11-01,3,EAQW,75.2
201312,2013-12-01,3,EAQW,76.1
201401,2014-01-01,3,EAQW,75.5
201402,2014-02-01,3,EAQW,75.2
201403,2014-03-01,3,EAQW,74.9
201404,2014-04-01,3,EAQW,75.6
201405,2014-05-01,3,EAQW,74.8
201406,2014-06-01,3,EAQW,75.4
201407,2014-07-01,3,EAQW,75.8
201408,2014-08-01,3,EAQW,75.4
201409,2014-09-01,3,EAQW,75.4
201410,2014-10-01,3,EAQW,75.7
201411,2014-11-01,3,EAQW,75.9
201412,2014-12-01,3,EAQW,76.2
201501,2015-01-01,3,EAQW,75.2
201502,2015-02-01,3,EAQW,75.0
201503,2015-03-01,3,EAQW,75.2
201504,2015-04-01,3,EAQW,75.0
201505,2015-05-01,3,EAQW,75.4
201506,2015-06-01,3,EAQW,75.5
201507,2015-07-01,3,EAQW,75.1
201508,2015-08-01,3,EAQW,74.6
201509,2015-09-01,3,EAQW,76.7
201510,2015-10-01,3,EAQW,75.0
201511,2015-11-01,3,EAQW,75.6
201512,2015-12-01,3,EAQW,75.8
201601,2016-01-01,3,EAQW,76.2
201602,2016-02-01,3,EAQW,76.3
201603,2016-03-01,3,EAQW,76.0
201604,2016-04-01,3,EAQW,75.8
201605,2016-05-01,3,EAQW,76.3
201606,2016-06-01,3,EAQW,76.1
201607,2016-07-01,3,EAQW,76.4
201608,2016-08-01,3,EAQW,77.3
201609,2016-09-01,3,EAQW,77.6
201610,2016-10-01,3,EAQW,77.8
201611,2016-11-01,3,EAQW,77.7
201612,2016-12-01,3,EAQW,77.2
201701,2017-01-01,3,EAQW,77.2
201702,2017-02-01,3,EAQW,77.9
201703,2017-03-01,3,EAQW,78.3
201704,2017-04-01,3,EAQW,78.7
201705,2017-05-01,3,EAQW,78.2
201706,2017-06-01,3,EAQW,77.5
201707,2017-07-01,3,EAQW,78.3
201708,2017-08-01,3,EAQW,78.5
201709,2017-09-01,3,EAQW,78.9
201710,2017-10-01,3,EAQW,79.6
201711,2017-11-01,3,EAQW,79.8
201712,2017-12-01,3,EAQW,79.7
201801,2018-01-01,3,EAQW,79.3
201802,2018-02-01,3,EAQW,80.0
201803,2018-03-01,3,EAQW,79.3
201804,2018-04-01,3,EAQW,80.4
201805,2018-05-01,3,EAQW,81.8
201806,2018-06-01,3,EAQW,81.5
201807,2018-07-01,3,EAQW,82.3
201808,2018-08-01,3,EAQW,81.8
201809,2018-09-01,3,EAQW,81.3
201810,2018-10-01,3,EAQW,81.5
201811,2018-11-01,3,EAQW,81.7
201812,2018-12-01,3,EAQW,82.0
201901,2019-01-01,3,EAQW,82.9
201902,2019-02-01,3,EAQW,82.1
201903,2019-03-01,3,EAQW,82.5
201904,2019-04-01,3,EAQW,82.8
201905,2019-05-01,3,EAQW,82.5
201906,2019-06-01,3,EAQW,82.7
201907,2019-07-01,3,EAQW,83.6
201908,2019-08-01,3,EAQW,83.8
201909,2019-09-01,3,EAQW,84.3
201910,2019-10-01,3,EAQW,84.2
201911,2019-11-01,3,EAQW,83.6
201912,2019-12-01,3,EAQW,84.9
202001,2020-01-01,3,EAQW,84.7
202002,2020-02-01,3,EAQW,84.3
202003,2020-03-01,3,EAQW,90.9
202004,2020-04-01,3,EAQW,87.6
202005,2020-05-01,3,EAQW,89.5
202006,2020-06-01,3,EAQW,88.5
202007,2020-07-01,3,EAQW,86.6
202008,2020-08-01,3,EAQW,88.0
202009,2020-09-01,3,EAQW,88.5
202010,2020-10-01,3,EAQW,87.5
202011,2020-11-01,3,EAQW,89.1
202012,2020-12-01,3,EAQW,85.6
202101,2021-01-01,3,EAQW,89.0
202102,2021-02-01,3,EAQW,90.0
202103,2021-03-01,3,EAQW,90.8
202104,2021-04-01,3,EAQW,90.2
202105,2021-05-01,3,EAQW,86.0
202106,2021-06-01,3,EAQW,89.0
202107,2021-07-01,3,EAQW,88.3
202108,2021-08-01,3,EAQW,88.1
202109,2021-09-01,3,EAQW,88.0
202110,2021-10-01,3,EAQW,88.8
202111,2021-11-01,3,EAQW,88.8
202112,2021-12-01,3,EAQW,90.2
202201,2022-01-01,3,EAQW,88.4
202202,2022-02-01,3,EAQW,88.3
202203,2022-03-01,3,EAQW,89.1
202204,2022-04-01,3,EAQW,89.4
202205,2022-05-01,3,EAQW,88.9
202206,2022-06-01,3,EAQW,92.0
202207,2022-07-01,3,EAQW,94.9
202208,2022-08-01,3,EAQW,94.7
202209,2022-09-01,3,EAQW,93.9
202210,2022-10-01,3,EAQW,95.1
202211,2022-11-01,3,EAQW,96.2
202212,2022-12-01,3,EAQW,95.9
202301,2023-01-01,3,EAQW,96.5
202302,2023-02-01,3,EAQW,98.2
202303,2023-03-01,3,EAQW,98.4
202304,2023-04-01,3,EAQW,100.1
202305,2023-05-01,3,EAQW,100.4
202306,2023-06-01,3,EAQW,101.4
202307,2023-07-01,3,EAQW,99.6
202308,2023-08-01,3,EAQW,101.0
202309,2023-09-01,3,EAQW,101.9
202310,2023-10-01,3,EAQW,102.5
202311,2023-11-01,3,EAQW,102.8
202312,2023-12-01,3,EAQW,97.4
202401,2024-01-01,3,EAQW,102.2
202402,2024-02-01,3,EAQW,101.9
202403,2024-03-01,3,EAQW,100.8
202404,2024-04-01,3,EAQW,100.0
202405,2024-05-01,3,EAQW,101.1
202406,2024-06-01,3,EAQW,99.8
202407,2024-07-01,3,EAQW,100.9
202408,2024-08-01,3,EAQW,102.2
202409,2024-09-01,3,EAQW,101.3
202410,2024-10-01,3,EAQW,100.8
202411,2024-11-01,3,EAQW,101.5
202412,2024-12-01,3,EAQW,101.8
202501,2025-01-01,3,EAQW,103.9
202502,2025-02-01,3,EAQW,103.3
202503,2025-03-01,3,EAQW,104.0
202504,2025-04-01,3,EAQW,104.5
202505,2025-05-01,3,EAQW,103.2
202506,2025-06-01,3,EAQW,104.6
202507,2025-07-01,3,EAQW,107.0
202508,2025-08-01,3,EAQW,105.8
202509,2025-09-01,3,EAQW,106.5
202510,2025-10-01,3,EAQW,106.2
202511,2025-11-01,3,EAQW,106.2
202512,2025-12-01,3,EAQW,106.5
202601,2026-01-01,3,EAQW,108.2
202602,2026-02-01,3,EAQW,107.1
202603,2026-03-01,3,EAQW,106.9
202604,2026-04-01,3,EAQW,108.2
202605,2026-05-01,3,EAQW,107.7
202606,2026-06-01,3,EAQW,108.1
198801,1988-01-01,4,JO2F,18.3
198802,1988-02-01,4,JO2F,18.4
198803,1988-03-01,4,JO2F,18.4
198804,1988-04-01,4,JO2F,18.9
198805,1988-05-01,4,JO2F,18.7
198806,1988-06-01,4,JO2F,18.7
198807,1988-07-01,4,JO2F,18.7
198808,1988-08-01,4,JO2F,19.0
198809,1988-09-01,4,JO2F,19.0
198810,1988-10-01,4,JO2F,19.3
198811,1988-11-01,4,JO2F,19.5
198812,1988-12-01,4,JO2F,19.6
198901,1989-01-01,4,JO2F,18.8
198902,1989-02-01,4,JO2F,19.7
198903,1989-03-01,4,JO2F,19.6
198904,1989-04-01,4,JO2F,20.2
198905,1989-05-01,4,JO2F,20.3
198906,1989-06-01,4,JO2F,20.3
198907,1989-07-01,4,JO2F,20.4
198908,1989-08-01,4,JO2F,20.5
198909,1989-09-01,4,JO2F,20.6
198910,1989-10-01,4,JO2F,20.9
198911,1989-11-01,4,JO2F,21.1
198912,1989-12-01,4,JO2F,21.2
199001,1990-01-01,4,JO2F,20.8
199002,1990-02-01,4,JO2F,21.5
199003,1990-03-01,4,JO2F,21.8
199004,1990-04-01,4,JO2F,21.5
199005,1990-05-01,4,JO2F,22.4
199006,1990-06-01,4,JO2F,21.9
199007,1990-07-01,4,JO2F,22.4
199008,1990-08-01,4,JO2F,22.4
199009,1990-09-01,4,JO2F,22.8
199010,1990-10-01,4,JO2F,22.9
199011,1990-11-01,4,JO2F,23.0
199012,1990-12-01,4,JO2F,23.3
199101,1991-01-01,4,JO2F,23.3
199102,1991-02-01,4,JO2F,23.8
199103,1991-03-01,4,JO2F,24.0
199104,1991-04-01,4,JO2F,24.3
199105,1991-05-01,4,JO2F,24.1
199106,1991-06-01,4,JO2F,24.7
199107,1991-07-01,4,JO2F,25.3
199108,1991-08-01,4,JO2F,25.2
199109,1991-09-01,4,JO2F,25.3
199110,1991-10-01,4,JO2F,25.0
199111,1991-11-01,4,JO2F,25.0
199112,1991-12-01,4,JO2F,24.9
199201,1992-01-01,4,JO2F,25.7
199202,1992-02-01,4,JO2F,26.0
199203,1992-03-01,4,JO2F,26.4
199204,1992-04-01,4,JO2F,26.1
199205,1992-05-01,4,JO2F,26.4
199206,1992-06-01,4,JO2F,26.6
199207,1992-07-01,4,JO2F,26.4
199208,1992-08-01,4,JO2F,26.6
199209,1992-09-01,4,JO2F,26.8
199210,1992-10-01,4,JO2F,27.2
199211,1992-11-01,4,JO2F,27.2
199212,1992-12-01,4,JO2F,27.2
199301,1993-01-01,4,JO2F,27.7
199302,1993-02-01,4,JO2F,27.6
199303,1993-03-01,4,JO2F,27.8
199304,1993-04-01,4,JO2F,27.9
199305,1993-05-01,4,JO2F,28.1
199306,1993-06-01,4,JO2F,28.2
199307,1993-07-01,4,JO2F,28.1
199308,1993-08-01,4,JO2F,28.4
199309,1993-09-01,4,JO2F,28.6
199310,1993-10-01,4,JO2F,28.8
199311,1993-11-01,4,JO2F,28.9
199312,1993-12-01,4,JO2F,29.1
199401,1994-01-01,4,JO2F,29.3
199402,1994-02-01,4,JO2F,29.3
199403,1994-03-01,4,JO2F,29.3
199404,1994-04-01,4,JO2F,29.7
199405,1994-05-01,4,JO2F,29.7
199406,1994-06-01,4,JO2F,30.0
199407,1994-07-01,4,JO2F,30.4
199408,1994-08-01,4,JO2F,30.5
199409,1994-09-01,4,JO2F,30.5
199410,1994-10-01,4,JO2F,30.8
199411,1994-11-01,4,JO2F,31.0
199412,1994-12-01,4,JO2F,31.0
199501,1995-01-01,4,JO2F,31.1
199502,1995-02-01,4,JO2F,31.6
199503,1995-03-01,4,JO2F,32.2
199504,1995-04-01,4,JO2F,31.6
199505,1995-05-01,4,JO2F,32.5
199506,1995-06-01,4,JO2F,32.3
199507,1995-07-01,4,JO2F,32.5
199508,1995-08-01,4,JO2F,33.2
199509,1995-09-01,4,JO2F,32.8
199510,1995-10-01,4,JO2F,33.0
199511,1995-11-01,4,JO2F,33.3
199512,1995-12-01,4,JO2F,33.5
199601,1996-01-01,4,JO2F,33.3
199602,1996-02-01,4,JO2F,34.2
199603,1996-03-01,4,JO2F,34.2
199604,1996-04-01,4,JO2F,34.5
199605,1996-05-01,4,JO2F,34.4
199606,1996-06-01,4,JO2F,34.9
199607,1996-07-01,4,JO2F,35.2
199608,1996-08-01,4,JO2F,35.0
199609,1996-09-01,4,JO2F,35.3
199610,1996-10-01,4,JO2F,35.3
199611,1996-11-01,4,JO2F,35.4
199612,1996-12-01,4,JO2F,34.8
199701,1997-01-01,4,JO2F,35.6
199702,1997-02-01,4,JO2F,35.8
199703,1997-03-01,4,JO2F,35.8
199704,1997-04-01,4,JO2F,36.2
199705,1997-05-01,4,JO2F,36.1
199706,1997-06-01,4,JO2F,36.2
199707,1997-07-01,4,JO2F,37.2
199708,1997-08-01,4,JO2F,37.4
199709,1997-09-01,4,JO2F,37.4
199710,1997-10-01,4,JO2F,37.6
199711,1997-11-01,4,JO2F,37.5
199712,1997-12-01,4,JO2F,37.9
199801,1998-01-01,4,JO2F,38.0
199802,1998-02-01,4,JO2F,38.1
199803,1998-03-01,4,JO2F,38.4
199804,1998-04-01,4,JO2F,38.4
199805,1998-05-01,4,JO2F,38.7
199806,1998-06-01,4,JO2F,38.9
199807,1998-07-01,4,JO2F,38.7
199808,1998-08-01,4,JO2F,39.3
199809,1998-09-01,4,JO2F,39.1
199810,1998-10-01,4,JO2F,39.5
199811,1998-11-01,4,JO2F,39.5
199812,1998-12-01,4,JO2F,39.1
199901,1999-01-01,4,JO2F,39.9
199902,1999-02-01,4,JO2F,39.9
199903,1999-03-01,4,JO2F,39.7
199904,1999-04-01,4,JO2F,39.8
199905,1999-05-01,4,JO2F,40.1
199906,1999-06-01,4,JO2F,40.0
199907,1999-07-01,4,JO2F,40.3
199908,1999-08-01,4,JO2F,40.0
199909,1999-09-01,4,JO2F,40.4
199910,1999-10-01,4,JO2F,40.3
199911,1999-11-01,4,JO2F,40.5
199912,1999-12-01,4,JO2F,41.4
200001,2000-01-01,4,JO2F,41.2
200002,2000-02-01,4,JO2F,40.9
200003,2000-03-01,4,JO2F,41.6
200004,2000-04-01,4,JO2F,41.4
200005,2000-05-01,4,JO2F,41.3
200006,2000-06-01,4,JO2F,41.7
200007,2000-07-01,4,JO2F,41.5
200008,2000-08-01,4,JO2F,42.2
200009,2000-09-01,4,JO2F,42.5
200010,2000-10-01,4,JO2F,42.4
200011,2000-11-01,4,JO2F,43.0
200012,2000-12-01,4,JO2F,42.8
200101,2001-01-01,4,JO2F,43.1
200102,2001-02-01,4,JO2F,43.6
200103,2001-03-01,4,JO2F,44.3
200104,2001-04-01,4,JO2F,43.4
200105,2001-05-01,4,JO2F,44.9
200106,2001-06-01,4,JO2F,44.8
200107,2001-07-01,4,JO2F,44.6
200108,2001-08-01,4,JO2F,44.6
200109,2001-09-01,4,JO2F,45.1
200110,2001-10-01,4,JO2F,45.5
200111,2001-11-01,4,JO2F,46.1
200112,2001-12-01,4,JO2F,46.3
200201,2002-01-01,4,JO2F,46.3
200202,2002-02-01,4,JO2F,46.6
200203,2002-03-01,4,JO2F,46.0
200204,2002-04-01,4,JO2F,46.9
200205,2002-05-01,4,JO2F,47.1
200206,2002-06-01,4,JO2F,46.5
200207,2002-07-01,4,JO2F,47.8
200208,2002-08-01,4,JO2F,47.5
200209,2002-09-01,4,JO2F,47.7
200210,2002-10-01,4,JO2F,48.0
200211,2002-11-01,4,JO2F,47.9
200212,2002-12-01,4,JO2F,48.0
200301,2003-01-01,4,JO2F,48.0
200302,2003-02-01,4,JO2F,48.3
200303,2003-03-01,4,JO2F,49.0
200304,2003-04-01,4,JO2F,48.6
200305,2003-05-01,4,JO2F,48.6
200306,2003-06-01,4,JO2F,49.3
200307,2003-07-01,4,JO2F,49.8
200308,2003-08-01,4,JO2F,50.5
200309,2003-09-01,4,JO2F,50.3
200310,2003-10-01,4,JO2F,50.4
200311,2003-11-01,4,JO2F,50.2
200312,2003-12-01,4,JO2F,51.0
200401,2004-01-01,4,JO2F,51.2
200402,2004-02-01,4,JO2F,51.1
200403,2004-03-01,4,JO2F,51.1
200404,2004-04-01,4,JO2F,51.4
200405,2004-05-01,4,JO2F,52.0
200406,2004-06-01,4,JO2F,51.7
200407,2004-07-01,4,JO2F,51.8
200408,2004-08-01,4,JO2F,52.5
200409,2004-09-01,4,JO2F,52.3
200410,2004-10-01,4,JO2F,52.6
200411,2004-11-01,4,JO2F,52.7
200412,2004-12-01,4,JO2F,52.7
200501,2005-01-01,4,JO2F,53.9
200502,2005-02-01,4,JO2F,53.2
200503,2005-03-01,4,JO2F,53.2
200504,2005-04-01,4,JO2F,53.7
200505,2005-05-01,4,JO2F,53.6
200506,2005-06-01,4,JO2F,53.9
200507,2005-07-01,4,JO2F,54.2
200508,2005-08-01,4,JO2F,53.7
200509,2005-09-01,4,JO2F,53.9
200510,2005-10-01,4,JO2F,54.2
200511,2005-11-01,4,JO2F,54.8
200512,2005-12-01,4,JO2F,54.8
200601,2006-01-01,4,JO2F,54.5
200602,2006-02-01,4,JO2F,54.8
200603,2006-03-01,4,JO2F,55.3
200604,2006-04-01,4,JO2F,54.5
200605,2006-05-01,4,JO2F,55.4
200606,2006-06-01,4,JO2F,56.8
200607,2006-07-01,4,JO2F,57.4
200608,2006-08-01,4,JO2F,56.4
200609,2006-09-01,4,JO2F,57.1
200610,2006-10-01,4,JO2F,57.1
200611,2006-11-01,4,JO2F,57.2
200612,2006-12-01,4,JO2F,57.4
200701,2007-01-01,4,JO2F,57.7
200702,2007-02-01,4,JO2F,58.0
200703,2007-03-01,4,JO2F,58.6
200704,2007-04-01,4,JO2F,58.9
200705,2007-05-01,4,JO2F,58.6
200706,2007-06-01,4,JO2F,58.5
200707,2007-07-01,4,JO2F,58.1
200708,2007-08-01,4,JO2F,59.2
200709,2007-09-01,4,JO2F,59.6
200710,2007-10-01,4,JO2F,59.8
200711,2007-11-01,4,JO2F,60.3
200712,2007-12-01,4,JO2F,60.7
200801,2008-01-01,4,JO2F,61.2
200802,2008-02-01,4,JO2F,61.7
200803,2008-03-01,4,JO2F,60.9
200804,2008-04-01,4,JO2F,61.1
200805,2008-05-01,4,JO2F,63.2
200806,2008-06-01,4,JO2F,62.3
200807,2008-07-01,4,JO2F,62.9
200808,2008-08-01,4,JO2F,63.2
200809,2008-09-01,4,JO2F,63.3
200810,2008-10-01,4,JO2F,63.9
200811,2008-11-01,4,JO2F,64.0
200812,2008-12-01,4,JO2F,63.9
200901,2009-01-01,4,JO2F,64.6
200902,2009-02-01,4,JO2F,65.5
200903,2009-03-01,4,JO2F,65.8
200904,2009-04-01,4,JO2F,65.9
200905,2009-05-01,4,JO2F,66.2
200906,2009-06-01,4,JO2F,67.4
200907,2009-07-01,4,JO2F,66.5
200908,2009-08-01,4,JO2F,67.0
200909,2009-09-01,4,JO2F,66.7
200910,2009-10-01,4,JO2F,66.8
200911,2009-11-01,4,JO2F,66.7
200912,2009-12-01,4,JO2F,67.1
201001,2010-01-01,4,JO2F,67.3
201002,2010-02-01,4,JO2F,66.8
201003,2010-03-01,4,JO2F,66.6
201004,2010-04-01,4,JO2F,67.9
201005,2010-05-01,4,JO2F,68.3
201006,2010-06-01,4,JO2F,68.9
201007,2010-07-01,4,JO2F,67.9
201008,2010-08-01,4,JO2F,67.9
201009,2010-09-01,4,JO2F,68.1
201010,2010-10-01,4,JO2F,68.3
201011,2010-11-01,4,JO2F,69.3
201012,2010-12-01,4,JO2F,69.1
201101,2011-01-01,4,JO2F,69.3
201102,2011-02-01,4,JO2F,69.1
201103,2011-03-01,4,JO2F,70.3
201104,2011-04-01,4,JO2F,71.9
201105,2011-05-01,4,JO2F,70.1
201106,2011-06-01,4,JO2F,70.4
201107,2011-07-01,4,JO2F,71.3
201108,2011-08-01,4,JO2F,71.6
201109,2011-09-01,4,JO2F,72.0
201110,2011-10-01,4,JO2F,72.3
201111,2011-11-01,4,JO2F,72.0
201112,2011-12-01,4,JO2F,72.4
201201,2012-01-01,4,JO2F,72.2
201202,2012-02-01,4,JO2F,72.9
201203,2012-03-01,4,JO2F,72.9
201204,2012-04-01,4,JO2F,73.1
201205,2012-05-01,4,JO2F,73.1
201206,2012-06-01,4,JO2F,73.3
201207,2012-07-01,4,JO2F,72.9
201208,2012-08-01,4,JO2F,73.7
201209,2012-09-01,4,JO2F,74.0
201210,2012-10-01,4,JO2F,73.7
201211,2012-11-01,4,JO2F,74.0
201212,2012-12-01,4,JO2F,74.1
201301,2013-01-01,4,JO2F,74.8
201302,2013-02-01,4,JO2F,74.2
201303,2013-03-01,4,JO2F,74.4
201304,2013-04-01,4,JO2F,74.3
201305,2013-05-01,4,JO2F,75.1
201306,2013-06-01,4,JO2F,75.4
201307,2013-07-01,4,JO2F,77.2
201308,2013-08-01,4,JO2F,75.6
201309,2013-09-01,4,JO2F,75.8
201310,2013-10-01,4,JO2F,75.8
201311,2013-11-01,4,JO2F,76.2
201312,2013-12-01,4,JO2F,77.4
201401,2014-01-01,4,JO2F,76.5
201402,2014-02-01,4,JO2F,76.2
201403,2014-03-01,4,JO2F,75.9
201404,2014-04-01,4,JO2F,76.5
201405,2014-05-01,4,JO2F,76.0
201406,2014-06-01,4,JO2F,76.7
201407,2014-07-01,4,JO2F,77.1
201408,2014-08-01,4,JO2F,76.7
201409,2014-09-01,4,JO2F,76.5
201410,2014-10-01,4,JO2F,76.9
201411,2014-11-01,4,JO2F,77.2
201412,2014-12-01,4,JO2F,77.2
201501,2015-01-01,4,JO2F,76.1
201502,2015-02-01,4,JO2F,76.0
201503,2015-03-01,4,JO2F,76.3
201504,2015-04-01,4,JO2F,75.9
201505,2015-05-01,4,JO2F,76.2
201506,2015-06-01,4,JO2F,76.3
201507,2015-07-01,4,JO2F,75.9
201508,2015-08-01,4,JO2F,75.6
201509,2015-09-01,4,JO2F,77.6
201510,2015-10-01,4,JO2F,76.0
201511,2015-11-01,4,JO2F,76.2
201512,2015-12-01,4,JO2F,76.5
201601,2016-01-01,4,JO2F,77.1
201602,2016-02-01,4,JO2F,76.9
201603,2016-03-01,4,JO2F,76.5
201604,2016-04-01,4,JO2F,76.5
201605,2016-05-01,4,JO2F,77.1
201606,2016-06-01,4,JO2F,76.6
201607,2016-07-01,4,JO2F,77.1
201608,2016-08-01,4,JO2F,78.0
201609,2016-09-01,4,JO2F,78.3
201610,2016-10-01,4,JO2F,78.6
201611,2016-11-01,4,JO2F,77.9
201612,2016-12-01,4,JO2F,78.1
201701,2017-01-01,4,JO2F,78.3
201702,2017-02-01,4,JO2F,79.0
201703,2017-03-01,4,JO2F,79.7
201704,2017-04-01,4,JO2F,80.0
201705,2017-05-01,4,JO2F,79.5
201706,2017-06-01,4,JO2F,79.1
201707,2017-07-01,4,JO2F,79.8
201708,2017-08-01,4,JO2F,80.1
201709,2017-09-01,4,JO2F,80.4
201710,2017-10-01,4,JO2F,81.2
201711,2017-11-01,4,JO2F,81.3
201712,2017-12-01,4,JO2F,81.1
201801,2018-01-01,4,JO2F,80.8
201802,2018-02-01,4,JO2F,81.5
201803,2018-03-01,4,JO2F,80.5
201804,2018-04-01,4,JO2F,81.6
201805,2018-05-01,4,JO2F,82.9
201806,2018-06-01,4,JO2F,83.0
201807,2018-07-01,4,JO2F,83.3
201808,2018-08-01,4,JO2F,82.8
201809,2018-09-01,4,JO2F,82.5
201810,2018-10-01,4,JO2F,82.7
201811,2018-11-01,4,JO2F,83.0
201812,2018-12-01,4,JO2F,83.6
201901,2019-01-01,4,JO2F,84.2
201902,2019-02-01,4,JO2F,83.5
201903,2019-03-01,4,JO2F,83.5
201904,2019-04-01,4,JO2F,84.2
201905,2019-05-01,4,JO2F,83.6
201906,2019-06-01,4,JO2F,83.5
201907,2019-07-01,4,JO2F,84.3
201908,2019-08-01,4,JO2F,84.6
201909,2019-09-01,4,JO2F,85.1
201910,2019-10-01,4,JO2F,85.0
201911,2019-11-01,4,JO2F,84.5
201912,2019-12-01,4,JO2F,84.7
202001,2020-01-01,4,JO2F,86.2
202002,2020-02-01,4,JO2F,85.1
202003,2020-03-01,4,JO2F,92.2
202004,2020-04-01,4,JO2F,90.6
202005,2020-05-01,4,JO2F,92.2
202006,2020-06-01,4,JO2F,91.2
202007,2020-07-01,4,JO2F,88.2
202008,2020-08-01,4,JO2F,89.8
202009,2020-09-01,4,JO2F,90.0
202010,2020-10-01,4,JO2F,89.1
202011,2020-11-01,4,JO2F,90.7
202012,2020-12-01,4,JO2F,87.1
202101,2021-01-01,4,JO2F,91.1
202102,2021-02-01,4,JO2F,91.6
202103,2021-03-01,4,JO2F,92.2
202104,2021-04-01,4,JO2F,91.8
202105,2021-05-01,4,JO2F,87.1
202106,2021-06-01,4,JO2F,89.9
202107,2021-07-01,4,JO2F,89.0
202108,2021-08-01,4,JO2F,88.7
202109,2021-09-01,4,JO2F,88.6
202110,2021-10-01,4,JO2F,89.2
202111,2021-11-01,4,JO2F,88.8
202112,2021-12-01,4,JO2F,89.8
202201,2022-01-01,4,JO2F,88.5
202202,2022-02-01,4,JO2F,88.9
202203,2022-03-01,4,JO2F,89.9
202204,2022-04-01,4,JO2F,90.1
202205,2022-05-01,4,JO2F,89.5
202206,2022-06-01,4,JO2F,93.1
202207,2022-07-01,4,JO2F,95.7
202208,2022-08-01,4,JO2F,95.5
202209,2022-09-01,4,JO2F,94.5
202210,2022-10-01,4,JO2F,95.4
202211,2022-11-01,4,JO2F,96.3
202212,2022-12-01,4,JO2F,96.0
202301,2023-01-01,4,JO2F,96.8
202302,2023-02-01,4,JO2F,98.2
202303,2023-03-01,4,JO2F,98.5
202304,2023-04-01,4,JO2F,100.2
202305,2023-05-01,4,JO2F,100.3
202306,2023-06-01,4,JO2F,101.6
202307,2023-07-01,4,JO2F,99.6
202308,2023-08-01,4,JO2F,100.9
202309,2023-09-01,4,JO2F,102.0
202310,2023-10-01,4,JO2F,102.6
202311,2023-11-01,4,JO2F,102.2
202312,2023-12-01,4,JO2F,97.3
202401,2024-01-01,4,JO2F,102.1
202402,2024-02-01,4,JO2F,102.0
202403,2024-03-01,4,JO2F,101.1
202404,2024-04-01,4,JO2F,100.2
202405,2024-05-01,4,JO2F,101.1
202406,2024-06-01,4,JO2F,100.2
202407,2024-07-01,4,JO2F,100.9
202408,2024-08-01,4,JO2F,102.6
202409,2024-09-01,4,JO2F,101.5
202410,2024-10-01,4,JO2F,101.0
202411,2024-11-01,4,JO2F,101.7
202412,2024-12-01,4,JO2F,102.0
202501,2025-01-01,4,JO2F,104.2
202502,2025-02-01,4,JO2F,103.2
202503,2025-03-01,4,JO2F,103.9
202504,2025-04-01,4,JO2F,104.6
202505,2025-05-01,4,JO2F,103.0
202506,2025-06-01,4,JO2F,104.7
202507,2025-07-01,4,JO2F,107.9
202508,2025-08-01,4,JO2F,106.2
202509,2025-09-01,4,JO2F,106.7
202510,2025-10-01,4,JO2F,106.5
202511,2025-11-01,4,JO2F,106.3
202512,2025-12-01,4,JO2F,106.6
202601,2026-01-01,4,JO2F,107.7
202602,2026-02-01,4,JO2F,107.0
202603,2026-03-01,4,JO2F,106.9
202604,2026-04-01,4,JO2F,108.2
202605,2026-05-01,4,JO2F,107.8
202606,2026-06-01,4,JO2F,108.0
198801,1988-01-01,5,JO32,61.2
198802,1988-02-01,5,JO32,59.8
198803,1988-03-01,5,JO32,59.4
198804,1988-04-01,5,JO32,60.2
198805,1988-05-01,5,JO32,59.9
198806,1988-06-01,5,JO32,59.4
198807,1988-07-01,5,JO32,60.1
198808,1988-08-01,5,JO32,60.6
198809,1988-09-01,5,JO32,60.5
198810,1988-10-01,5,JO32,61.1
198811,1988-11-01,5,JO32,61.5
198812,1988-12-01,5,JO32,62.4
198901,1989-01-01,5,JO32,62.2
198902,1989-02-01,5,JO32,62.7
198903,1989-03-01,5,JO32,62.9
198904,1989-04-01,5,JO32,63.1
198905,1989-05-01,5,JO32,64.3
198906,1989-06-01,5,JO32,64.2
198907,1989-07-01,5,JO32,64.4
198908,1989-08-01,5,JO32,64.8
198909,1989-09-01,5,JO32,65.0
198910,1989-10-01,5,JO32,66.1
198911,1989-11-01,5,JO32,65.8
198912,1989-12-01,5,JO32,66.4
199001,1990-01-01,5,JO32,66.0
199002,1990-02-01,5,JO32,67.1
199003,1990-03-01,5,JO32,67.1
199004,1990-04-01,5,JO32,66.2
199005,1990-05-01,5,JO32,69.4
199006,1990-06-01,5,JO32,66.9
199007,1990-07-01,5,JO32,67.6
199008,1990-08-01,5,JO32,67.4
199009,1990-09-01,5,JO32,67.2
199010,1990-10-01,5,JO32,66.8
199011,1990-11-01,5,JO32,67.2
199012,1990-12-01,5,JO32,66.8
199101,1991-01-01,5,JO32,66.5
199102,1991-02-01,5,JO32,66.3
199103,1991-03-01,5,JO32,67.4
199104,1991-04-01,5,JO32,67.3
199105,1991-05-01,5,JO32,66.1
199106,1991-06-01,5,JO32,68.7
199107,1991-07-01,5,JO32,67.7
199108,1991-08-01,5,JO32,66.2
199109,1991-09-01,5,JO32,67.2
199110,1991-10-01,5,JO32,66.1
199111,1991-11-01,5,JO32,66.3
199112,1991-12-01,5,JO32,63.5
199201,1992-01-01,5,JO32,68.0
199202,1992-02-01,5,JO32,65.5
199203,1992-03-01,5,JO32,64.9
199204,1992-04-01,5,JO32,65.2
199205,1992-05-01,5,JO32,63.5
199206,1992-06-01,5,JO32,64.5
199207,1992-07-01,5,JO32,62.8
199208,1992-08-01,5,JO32,62.8
199209,1992-09-01,5,JO32,62.2
199210,1992-10-01,5,JO32,63.1
199211,1992-11-01,5,JO32,62.7
199212,1992-12-01,5,JO32,60.6
199301,1993-01-01,5,JO32,65.2
199302,1993-02-01,5,JO32,63.0
199303,1993-03-01,5,JO32,62.6
199304,1993-04-01,5,JO32,62.5
199305,1993-05-01,5,JO32,62.7
199306,1993-06-01,5,JO32,61.1
199307,1993-07-01,5,JO32,61.6
199308,1993-08-01,5,JO32,62.6
199309,1993-09-01,5,JO32,61.3
199310,1993-10-01,5,JO32,61.1
199311,1993-11-01,5,JO32,59.9
199312,1993-12-01,5,JO32,63.3
199401,1994-01-01,5,JO32,60.8
199402,1994-02-01,5,JO32,58.8
199403,1994-03-01,5,JO32,58.9
199404,1994-04-01,5,JO32,59.0
199405,1994-05-01,5,JO32,59.7
199406,1994-06-01,5,JO32,58.7
199407,1994-07-01,5,JO32,58.6
199408,1994-08-01,5,JO32,58.6
199409,1994-09-01,5,JO32,57.7
199410,1994-10-01,5,JO32,58.1
199411,1994-11-01,5,JO32,57.7
199412,1994-12-01,5,JO32,56.9
199501,1995-01-01,5,JO32,56.3
199502,1995-02-01,5,JO32,57.5
199503,1995-03-01,5,JO32,57.2
199504,1995-04-01,5,JO32,56.5
199505,1995-05-01,5,JO32,57.2
199506,1995-06-01,5,JO32,56.3
199507,1995-07-01,5,JO32,56.0
199508,1995-08-01,5,JO32,55.3
199509,1995-09-01,5,JO32,56.2
199510,1995-10-01,5,JO32,55.8
199511,1995-11-01,5,JO32,55.4
199512,1995-12-01,5,JO32,54.7
199601,1996-01-01,5,JO32,54.7
199602,1996-02-01,5,JO32,56.2
199603,1996-03-01,5,JO32,56.3
199604,1996-04-01,5,JO32,55.9
199605,1996-05-01,5,JO32,54.9
199606,1996-06-01,5,JO32,56.2
199607,1996-07-01,5,JO32,55.8
199608,1996-08-01,5,JO32,54.9
199609,1996-09-01,5,JO32,56.0
199610,1996-10-01,5,JO32,54.9
199611,1996-11-01,5,JO32,55.2
199612,1996-12-01,5,JO32,52.5
199701,1997-01-01,5,JO32,55.3
199702,1997-02-01,5,JO32,54.5
199703,1997-03-01,5,JO32,54.9
199704,1997-04-01,5,JO32,55.0
199705,1997-05-01,5,JO32,54.0
199706,1997-06-01,5,JO32,54.5
199707,1997-07-01,5,JO32,54.4
199708,1997-08-01,5,JO32,54.2
199709,1997-09-01,5,JO32,55.1
199710,1997-10-01,5,JO32,55.6
199711,1997-11-01,5,JO32,54.9
199712,1997-12-01,5,JO32,56.6
199801,1998-01-01,5,JO32,56.1
199802,1998-02-01,5,JO32,55.9
199803,1998-03-01,5,JO32,55.2
199804,1998-04-01,5,JO32,56.2
199805,1998-05-01,5,JO32,56.2
199806,1998-06-01,5,JO32,56.8
199807,1998-07-01,5,JO32,56.4
199808,1998-08-01,5,JO32,57.0
199809,1998-09-01,5,JO32,56.1
199810,1998-10-01,5,JO32,56.0
199811,1998-11-01,5,JO32,55.9
199812,1998-12-01,5,JO32,54.3
199901,1999-01-01,5,JO32,55.1
199902,1999-02-01,5,JO32,54.5
199903,1999-03-01,5,JO32,54.7
199904,1999-04-01,5,JO32,54.9
199905,1999-05-01,5,JO32,56.0
199906,1999-06-01,5,JO32,55.7
199907,1999-07-01,5,JO32,55.9
199908,1999-08-01,5,JO32,55.7
199909,1999-09-01,5,JO32,55.8
199910,1999-10-01,5,JO32,55.7
199911,1999-11-01,5,JO32,55.4
199912,1999-12-01,5,JO32,61.0
200001,2000-01-01,5,JO32,57.5
200002,2000-02-01,5,JO32,56.6
200003,2000-03-01,5,JO32,53.6
200004,2000-04-01,5,JO32,58.1
200005,2000-05-01,5,JO32,53.0
200006,2000-06-01,5,JO32,52.2
200007,2000-07-01,5,JO32,54.7
200008,2000-08-01,5,JO32,52.6
200009,2000-09-01,5,JO32,51.2
200010,2000-10-01,5,JO32,50.8
200011,2000-11-01,5,JO32,50.7
200012,2000-12-01,5,JO32,50.1
200101,2001-01-01,5,JO32,50.7
200102,2001-02-01,5,JO32,52.0
200103,2001-03-01,5,JO32,52.8
200104,2001-04-01,5,JO32,52.2
200105,2001-05-01,5,JO32,56.1
200106,2001-06-01,5,JO32,53.2
200107,2001-07-01,5,JO32,52.0
200108,2001-08-01,5,JO32,54.0
200109,2001-09-01,5,JO32,53.5
200110,2001-10-01,5,JO32,52.9
200111,2001-11-01,5,JO32,53.5
200112,2001-12-01,5,JO32,53.8
200201,2002-01-01,5,JO32,50.4
200202,2002-02-01,5,JO32,52.5
200203,2002-03-01,5,JO32,54.2
200204,2002-04-01,5,JO32,51.5
200205,2002-05-01,5,JO32,52.0
200206,2002-06-01,5,JO32,52.1
200207,2002-07-01,5,JO32,51.9
200208,2002-08-01,5,JO32,50.7
200209,2002-09-01,5,JO32,50.6
200210,2002-10-01,5,JO32,51.9
200211,2002-11-01,5,JO32,51.5
200212,2002-12-01,5,JO32,51.2
200301,2003-01-01,5,JO32,51.7
200302,2003-02-01,5,JO32,51.4
200303,2003-03-01,5,JO32,51.1
200304,2003-04-01,5,JO32,51.1
200305,2003-05-01,5,JO32,49.8
200306,2003-06-01,5,JO32,50.2
200307,2003-07-01,5,JO32,50.2
200308,2003-08-01,5,JO32,50.2
200309,2003-09-01,5,JO32,50.9
200310,2003-10-01,5,JO32,49.4
200311,2003-11-01,5,JO32,48.7
200312,2003-12-01,5,JO32,49.3
200401,2004-01-01,5,JO32,51.7
200402,2004-02-01,5,JO32,48.9
200403,2004-03-01,5,JO32,49.1
200404,2004-04-01,5,JO32,50.2
200405,2004-05-01,5,JO32,50.5
200406,2004-06-01,5,JO32,50.4
200407,2004-07-01,5,JO32,50.6
200408,2004-08-01,5,JO32,49.5
200409,2004-09-01,5,JO32,49.6
200410,2004-10-01,5,JO32,49.8
200411,2004-11-01,5,JO32,49.5
200412,2004-12-01,5,JO32,50.6
200501,2005-01-01,5,JO32,49.7
200502,2005-02-01,5,JO32,48.9
200503,2005-03-01,5,JO32,49.4
200504,2005-04-01,5,JO32,49.8
200505,2005-05-01,5,JO32,50.1
200506,2005-06-01,5,JO32,49.6
200507,2005-07-01,5,JO32,49.8
200508,2005-08-01,5,JO32,51.0
200509,2005-09-01,5,JO32,51.7
200510,2005-10-01,5,JO32,52.8
200511,2005-11-01,5,JO32,51.4
200512,2005-12-01,5,JO32,49.8
200601,2006-01-01,5,JO32,49.2
200602,2006-02-01,5,JO32,51.8
200603,2006-03-01,5,JO32,51.7
200604,2006-04-01,5,JO32,51.0
200605,2006-05-01,5,JO32,50.8
200606,2006-06-01,5,JO32,50.0
200607,2006-07-01,5,JO32,48.4
200608,2006-08-01,5,JO32,49.0
200609,2006-09-01,5,JO32,47.6
200610,2006-10-01,5,JO32,49.3
200611,2006-11-01,5,JO32,51.6
200612,2006-12-01,5,JO32,50.5
200701,2007-01-01,5,JO32,47.4
200702,2007-02-01,5,JO32,48.9
200703,2007-03-01,5,JO32,49.3
200704,2007-04-01,5,JO32,48.6
200705,2007-05-01,5,JO32,49.0
200706,2007-06-01,5,JO32,49.8
200707,2007-07-01,5,JO32,50.0
200708,2007-08-01,5,JO32,48.9
200709,2007-09-01,5,JO32,49.5
200710,2007-10-01,5,JO32,49.9
200711,2007-11-01,5,JO32,49.6
200712,2007-12-01,5,JO32,48.3
200801,2008-01-01,5,JO32,47.2
200802,2008-02-01,5,JO32,50.6
200803,2008-03-01,5,JO32,49.8
200804,2008-04-01,5,JO32,50.2
200805,2008-05-01,5,JO32,51.3
200806,2008-06-01,5,JO32,52.5
200807,2008-07-01,5,JO32,52.2
200808,2008-08-01,5,JO32,53.7
200809,2008-09-01,5,JO32,54.1
200810,2008-10-01,5,JO32,54.1
200811,2008-11-01,5,JO32,52.6
200812,2008-12-01,5,JO32,55.3
200901,2009-01-01,5,JO32,55.7
200902,2009-02-01,5,JO32,54.8
200903,2009-03-01,5,JO32,54.1
200904,2009-04-01,5,JO32,56.3
200905,2009-05-01,5,JO32,55.3
200906,2009-06-01,5,JO32,54.1
200907,2009-07-01,5,JO32,56.1
200908,2009-08-01,5,JO32,55.1
200909,2009-09-01,5,JO32,53.8
200910,2009-10-01,5,JO32,51.5
200911,2009-11-01,5,JO32,51.6
200912,2009-12-01,5,JO32,50.3
201001,2010-01-01,5,JO32,48.9
201002,2010-02-01,5,JO32,50.5
201003,2010-03-01,5,JO32,52.4
201004,2010-04-01,5,JO32,53.0
201005,2010-05-01,5,JO32,52.4
201006,2010-06-01,5,JO32,53.2
201007,2010-07-01,5,JO32,52.8
201008,2010-08-01,5,JO32,52.4
201009,2010-09-01,5,JO32,53.0
201010,2010-10-01,5,JO32,57.0
201011,2010-11-01,5,JO32,55.5
201012,2010-12-01,5,JO32,52.1
201101,2011-01-01,5,JO32,55.0
201102,2011-02-01,5,JO32,53.7
201103,2011-03-01,5,JO32,53.0
201104,2011-04-01,5,JO32,52.9
201105,2011-05-01,5,JO32,53.7
201106,2011-06-01,5,JO32,54.2
201107,2011-07-01,5,JO32,54.9
201108,2011-08-01,5,JO32,54.9
201109,2011-09-01,5,JO32,55.0
201110,2011-10-01,5,JO32,53.9
201111,2011-11-01,5,JO32,54.1
201112,2011-12-01,5,JO32,56.1
201201,2012-01-01,5,JO32,55.2
201202,2012-02-01,5,JO32,54.8
201203,2012-03-01,5,JO32,55.2
201204,2012-04-01,5,JO32,54.9
201205,2012-05-01,5,JO32,55.2
201206,2012-06-01,5,JO32,55.5
201207,2012-07-01,5,JO32,55.9
201208,2012-08-01,5,JO32,55.4
201209,2012-09-01,5,JO32,56.4
201210,2012-10-01,5,JO32,58.5
201211,2012-11-01,5,JO32,57.4
201212,2012-12-01,5,JO32,58.0
201301,2013-01-01,5,JO32,57.5
201302,2013-02-01,5,JO32,59.6
201303,2013-03-01,5,JO32,59.5
201304,2013-04-01,5,JO32,57.4
201305,2013-05-01,5,JO32,58.9
201306,2013-06-01,5,JO32,58.0
201307,2013-07-01,5,JO32,57.2
201308,2013-08-01,5,JO32,59.3
201309,2013-09-01,5,JO32,58.6
201310,2013-10-01,5,JO32,59.7
201311,2013-11-01,5,JO32,59.5
201312,2013-12-01,5,JO32,58.4
201401,2014-01-01,5,JO32,60.5
201402,2014-02-01,5,JO32,60.1
201403,2014-03-01,5,JO32,59.5
201404,2014-04-01,5,JO32,60.1
201405,2014-05-01,5,JO32,58.5
201406,2014-06-01,5,JO32,58.0
201407,2014-07-01,5,JO32,57.7
201408,2014-08-01,5,JO32,57.5
201409,2014-09-01,5,JO32,57.4
201410,2014-10-01,5,JO32,57.0
201411,2014-11-01,5,JO32,56.4
201412,2014-12-01,5,JO32,58.4
201501,2015-01-01,5,JO32,58.7
201502,2015-02-01,5,JO32,58.1
201503,2015-03-01,5,JO32,57.6
201504,2015-04-01,5,JO32,59.1
201505,2015-05-01,5,JO32,59.4
201506,2015-06-01,5,JO32,59.8
201507,2015-07-01,5,JO32,58.9
201508,2015-08-01,5,JO32,56.2
201509,2015-09-01,5,JO32,58.5
201510,2015-10-01,5,JO32,56.5
201511,2015-11-01,5,JO32,61.5
201512,2015-12-01,5,JO32,60.9
201601,2016-01-01,5,JO32,59.7
201602,2016-02-01,5,JO32,60.8
201603,2016-03-01,5,JO32,61.5
201604,2016-04-01,5,JO32,58.6
201605,2016-05-01,5,JO32,57.9
201606,2016-06-01,5,JO32,59.7
201607,2016-07-01,5,JO32,59.8
201608,2016-08-01,5,JO32,59.5
201609,2016-09-01,5,JO32,62.3
201610,2016-10-01,5,JO32,60.4
201611,2016-11-01,5,JO32,67.1
201612,2016-12-01,5,JO32,58.0
201701,2017-01-01,5,JO32,57.7
201702,2017-02-01,5,JO32,58.8
201703,2017-03-01,5,JO32,55.9
201704,2017-04-01,5,JO32,57.7
201705,2017-05-01,5,JO32,57.7
201706,2017-06-01,5,JO32,50.2
201707,2017-07-01,5,JO32,56.1
201708,2017-08-01,5,JO32,56.9
201709,2017-09-01,5,JO32,56.4
201710,2017-10-01,5,JO32,55.4
201711,2017-11-01,5,JO32,56.9
201712,2017-12-01,5,JO32,57.8
201801,2018-01-01,5,JO32,58.0
201802,2018-02-01,5,JO32,57.7
201803,2018-03-01,5,JO32,60.8
201804,2018-04-01,5,JO32,62.9
201805,2018-05-01,5,JO32,64.4
201806,2018-06-01,5,JO32,60.0
201807,2018-07-01,5,JO32,69.2
201808,2018-08-01,5,JO32,66.2
201809,2018-09-01,5,JO32,64.3
201810,2018-10-01,5,JO32,64.6
201811,2018-11-01,5,JO32,64.8
201812,2018-12-01,5,JO32,63.7
201901,2019-01-01,5,JO32,63.8
201902,2019-02-01,5,JO32,64.2
201903,2019-03-01,5,JO32,68.0
201904,2019-04-01,5,JO32,66.8
201905,2019-05-01,5,JO32,67.2
201906,2019-06-01,5,JO32,68.0
201907,2019-07-01,5,JO32,68.9
201908,2019-08-01,5,JO32,67.9
201909,2019-09-01,5,JO32,68.7
201910,2019-10-01,5,JO32,68.3
201911,2019-11-01,5,JO32,68.7
201912,2019-12-01,5,JO32,73.9
202001,2020-01-01,5,JO32,61.0
202002,2020-02-01,5,JO32,71.4
202003,2020-03-01,5,JO32,67.6
202004,2020-04-01,5,JO32,45.0
202005,2020-05-01,5,JO32,49.5
202006,2020-06-01,5,JO32,50.7
202007,2020-07-01,5,JO32,62.2
202008,2020-08-01,5,JO32,61.4
202009,2020-09-01,5,JO32,67.0
202010,2020-10-01,5,JO32,64.7
202011,2020-11-01,5,JO32,64.4
202012,2020-12-01,5,JO32,61.9
202101,2021-01-01,5,JO32,55.7
202102,2021-02-01,5,JO32,59.8
202103,2021-03-01,5,JO32,62.5
202104,2021-04-01,5,JO32,62.2
202105,2021-05-01,5,JO32,62.2
202106,2021-06-01,5,JO32,65.2
202107,2021-07-01,5,JO32,64.5
202108,2021-08-01,5,JO32,66.8
202109,2021-09-01,5,JO32,68.7
202110,2021-10-01,5,JO32,70.1
202111,2021-11-01,5,JO32,72.2
202112,2021-12-01,5,JO32,77.8
202201,2022-01-01,5,JO32,78.0
202202,2022-02-01,5,JO32,75.8
202203,2022-03-01,5,JO32,75.6
202204,2022-04-01,5,JO32,76.6
202205,2022-05-01,5,JO32,75.4
202206,2022-06-01,5,JO32,72.8
202207,2022-07-01,5,JO32,82.7
202208,2022-08-01,5,JO32,83.4
202209,2022-09-01,5,JO32,84.2
202210,2022-10-01,5,JO32,88.2
202211,2022-11-01,5,JO32,90.2
202212,2022-12-01,5,JO32,88.7
202301,2023-01-01,5,JO32,89.8
202302,2023-02-01,5,JO32,96.2
202303,2023-03-01,5,JO32,95.7
202304,2023-04-01,5,JO32,97.8
202305,2023-05-01,5,JO32,100.0
202306,2023-06-01,5,JO32,99.8
202307,2023-07-01,5,JO32,99.8
202308,2023-08-01,5,JO32,102.3
202309,2023-09-01,5,JO32,102.1
202310,2023-10-01,5,JO32,103.0
202311,2023-11-01,5,JO32,114.2
202312,2023-12-01,5,JO32,99.9
202401,2024-01-01,5,JO32,101.8
202402,2024-02-01,5,JO32,100.3
202403,2024-03-01,5,JO32,97.4
202404,2024-04-01,5,JO32,97.5
202405,2024-05-01,5,JO32,101.0
202406,2024-06-01,5,JO32,94.9
202407,2024-07-01,5,JO32,99.4
202408,2024-08-01,5,JO32,97.5
202409,2024-09-01,5,JO32,95.8
202410,2024-10-01,5,JO32,93.8
202411,2024-11-01,5,JO32,94.4
202412,2024-12-01,5,JO32,95.2
202501,2025-01-01,5,JO32,96.3
202502,2025-02-01,5,JO32,102.1
202503,2025-03-01,5,JO32,103.1
202504,2025-04-01,5,JO32,102.3
202505,2025-05-01,5,JO32,103.8
202506,2025-06-01,5,JO32,102.5
202507,2025-07-01,5,JO32,95.9
202508,2025-08-01,5,JO32,100.8
202509,2025-09-01,5,JO32,103.2
202510,2025-10-01,5,JO32,105.1
202511,2025-11-01,5,JO32,107.5
202512,2025-12-01,5,JO32,107.8
202601,2026-01-01,5,JO32,110.8
202602,2026-02-01,5,JO32,107.4
202603,2026-03-01,5,JO32,107.6
202604,2026-04-01,5,JO32,109.6
202605,2026-05-01,5,JO32,104.6
202606,2026-06-01,5,JO32,106.6
198801,1988-01-01,6,JO33,136.5
198802,1988-02-01,6,JO33,133.7
198803,1988-03-01,6,JO33,136.8
198804,1988-04-01,6,JO33,136.1
198805,1988-05-01,6,JO33,136.2
198806,1988-06-01,6,JO33,137.0
198807,1988-07-01,6,JO33,135.0
198808,1988-08-01,6,JO33,138.6
198809,1988-09-01,6,JO33,137.9
198810,1988-10-01,6,JO33,140.5
198811,1988-11-01,6,JO33,140.6
198812,1988-12-01,6,JO33,149.9
198901,1989-01-01,6,JO33,140.4
198902,1989-02-01,6,JO33,142.0
198903,1989-03-01,6,JO33,145.2
198904,1989-04-01,6,JO33,143.6
198905,1989-05-01,6,JO33,147.9
198906,1989-06-01,6,JO33,146.2
198907,1989-07-01,6,JO33,148.9
198908,1989-08-01,6,JO33,147.1
198909,1989-09-01,6,JO33,148.2
198910,1989-10-01,6,JO33,148.9
198911,1989-11-01,6,JO33,150.3
198912,1989-12-01,6,JO33,166.4
199001,1990-01-01,6,JO33,151.5
199002,1990-02-01,6,JO33,155.4
199003,1990-03-01,6,JO33,156.7
199004,1990-04-01,6,JO33,163.0
199005,1990-05-01,6,JO33,162.7
199006,1990-06-01,6,JO33,158.7
199007,1990-07-01,6,JO33,164.1
199008,1990-08-01,6,JO33,162.3
199009,1990-09-01,6,JO33,160.4
199010,1990-10-01,6,JO33,162.4
199011,1990-11-01,6,JO33,160.7
199012,1990-12-01,6,JO33,178.5
199101,1991-01-01,6,JO33,159.2
199102,1991-02-01,6,JO33,163.7
199103,1991-03-01,6,JO33,161.5
199104,1991-04-01,6,JO33,156.6
199105,1991-05-01,6,JO33,160.7
199106,1991-06-01,6,JO33,163.6
199107,1991-07-01,6,JO33,166.7
199108,1991-08-01,6,JO33,170.3
199109,1991-09-01,6,JO33,170.7
199110,1991-10-01,6,JO33,167.1
199111,1991-11-01,6,JO33,161.9
199112,1991-12-01,6,JO33,169.9
199201,1992-01-01,6,JO33,171.0
199202,1992-02-01,6,JO33,172.4
199203,1992-03-01,6,JO33,168.3
199204,1992-04-01,6,JO33,167.5
199205,1992-05-01,6,JO33,169.6
199206,1992-06-01,6,JO33,172.6
199207,1992-07-01,6,JO33,166.0
199208,1992-08-01,6,JO33,165.3
199209,1992-09-01,6,JO33,169.2
199210,1992-10-01,6,JO33,169.3
199211,1992-11-01,6,JO33,171.6
199212,1992-12-01,6,JO33,167.2
199301,1993-01-01,6,JO33,171.9
199302,1993-02-01,6,JO33,169.6
199303,1993-03-01,6,JO33,172.2
199304,1993-04-01,6,JO33,172.4
199305,1993-05-01,6,JO33,168.9
199306,1993-06-01,6,JO33,171.0
199307,1993-07-01,6,JO33,169.3
199308,1993-08-01,6,JO33,169.8
199309,1993-09-01,6,JO33,171.1
199310,1993-10-01,6,JO33,171.3
199311,1993-11-01,6,JO33,170.9
199312,1993-12-01,6,JO33,163.7
199401,1994-01-01,6,JO33,171.1
199402,1994-02-01,6,JO33,169.8
199403,1994-03-01,6,JO33,171.5
199404,1994-04-01,6,JO33,172.0
199405,1994-05-01,6,JO33,171.5
199406,1994-06-01,6,JO33,171.7
199407,1994-07-01,6,JO33,175.6
199408,1994-08-01,6,JO33,168.6
199409,1994-09-01,6,JO33,167.6
199410,1994-10-01,6,JO33,169.9
199411,1994-11-01,6,JO33,170.9
199412,1994-12-01,6,JO33,169.5
199501,1995-01-01,6,JO33,162.3
199502,1995-02-01,6,JO33,170.6
199503,1995-03-01,6,JO33,167.6
199504,1995-04-01,6,JO33,175.1
199505,1995-05-01,6,JO33,176.2
199506,1995-06-01,6,JO33,172.6
199507,1995-07-01,6,JO33,177.7
199508,1995-08-01,6,JO33,179.0
199509,1995-09-01,6,JO33,174.4
199510,1995-10-01,6,JO33,176.0
199511,1995-11-01,6,JO33,175.3
199512,1995-12-01,6,JO33,176.9
199601,1996-01-01,6,JO33,174.0
199602,1996-02-01,6,JO33,176.5
199603,1996-03-01,6,JO33,177.0
199604,1996-04-01,6,JO33,172.8
199605,1996-05-01,6,JO33,173.7
199606,1996-06-01,6,JO33,178.7
199607,1996-07-01,6,JO33,176.0
199608,1996-08-01,6,JO33,173.8
199609,1996-09-01,6,JO33,177.5
199610,1996-10-01,6,JO33,178.2
199611,1996-11-01,6,JO33,175.4
199612,1996-12-01,6,JO33,167.9
199701,1997-01-01,6,JO33,183.7
199702,1997-02-01,6,JO33,178.0
199703,1997-03-01,6,JO33,182.0
199704,1997-04-01,6,JO33,180.2
199705,1997-05-01,6,JO33,178.9
199706,1997-06-01,6,JO33,178.3
199707,1997-07-01,6,JO33,179.5
199708,1997-08-01,6,JO33,179.9
199709,1997-09-01,6,JO33,180.0
199710,1997-10-01,6,JO33,180.2
199711,1997-11-01,6,JO33,181.5
199712,1997-12-01,6,JO33,179.4
199801,1998-01-01,6,JO33,183.3
199802,1998-02-01,6,JO33,182.1
199803,1998-03-01,6,JO33,181.7
199804,1998-04-01,6,JO33,183.3
199805,1998-05-01,6,JO33,186.2
199806,1998-06-01,6,JO33,186.0
199807,1998-07-01,6,JO33,182.9
199808,1998-08-01,6,JO33,184.7
199809,1998-09-01,6,JO33,183.9
199810,1998-10-01,6,JO33,180.0
199811,1998-11-01,6,JO33,182.0
199812,1998-12-01,6,JO33,179.8
199901,1999-01-01,6,JO33,184.4
199902,1999-02-01,6,JO33,187.5
199903,1999-03-01,6,JO33,190.9
199904,1999-04-01,6,JO33,187.8
199905,1999-05-01,6,JO33,190.5
199906,1999-06-01,6,JO33,194.1
199907,1999-07-01,6,JO33,190.4
199908,1999-08-01,6,JO33,185.6
199909,1999-09-01,6,JO33,196.3
199910,1999-10-01,6,JO33,192.1
199911,1999-11-01,6,JO33,192.0
199912,1999-12-01,6,JO33,196.0
200001,2000-01-01,6,JO33,191.1
200002,2000-02-01,6,JO33,190.1
200003,2000-03-01,6,JO33,181.2
200004,2000-04-01,6,JO33,184.2
200005,2000-05-01,6,JO33,178.9
200006,2000-06-01,6,JO33,174.9
200007,2000-07-01,6,JO33,178.0
200008,2000-08-01,6,JO33,178.0
200009,2000-09-01,6,JO33,177.0
200010,2000-10-01,6,JO33,183.7
200011,2000-11-01,6,JO33,185.5
200012,2000-12-01,6,JO33,193.7
200101,2001-01-01,6,JO33,168.3
200102,2001-02-01,6,JO33,177.9
200103,2001-03-01,6,JO33,176.9
200104,2001-04-01,6,JO33,183.1
200105,2001-05-01,6,JO33,184.4
200106,2001-06-01,6,JO33,183.0
200107,2001-07-01,6,JO33,184.5
200108,2001-08-01,6,JO33,182.9
200109,2001-09-01,6,JO33,176.7
200110,2001-10-01,6,JO33,179.6
200111,2001-11-01,6,JO33,175.9
200112,2001-12-01,6,JO33,177.5
200201,2002-01-01,6,JO33,178.5
200202,2002-02-01,6,JO33,178.9
200203,2002-03-01,6,JO33,179.1
200204,2002-04-01,6,JO33,170.7
200205,2002-05-01,6,JO33,174.0
200206,2002-06-01,6,JO33,170.7
200207,2002-07-01,6,JO33,171.4
200208,2002-08-01,6,JO33,170.9
200209,2002-09-01,6,JO33,172.1
200210,2002-10-01,6,JO33,165.2
200211,2002-11-01,6,JO33,166.1
200212,2002-12-01,6,JO33,164.3
200301,2003-01-01,6,JO33,165.7
200302,2003-02-01,6,JO33,164.5
200303,2003-03-01,6,JO33,162.5
200304,2003-04-01,6,JO33,159.3
200305,2003-05-01,6,JO33,159.7
200306,2003-06-01,6,JO33,159.1
200307,2003-07-01,6,JO33,158.1
200308,2003-08-01,6,JO33,149.6
200309,2003-09-01,6,JO33,151.9
200310,2003-10-01,6,JO33,154.6
200311,2003-11-01,6,JO33,151.2
200312,2003-12-01,6,JO33,149.6
200401,2004-01-01,6,JO33,151.7
200402,2004-02-01,6,JO33,149.3
200403,2004-03-01,6,JO33,151.3
200404,2004-04-01,6,JO33,149.6
200405,2004-05-01,6,JO33,147.9
200406,2004-06-01,6,JO33,146.7
200407,2004-07-01,6,JO33,146.9
200408,2004-08-01,6,JO33,154.6
200409,2004-09-01,6,JO33,150.1
200410,2004-10-01,6,JO33,147.2
200411,2004-11-01,6,JO33,148.2
200412,2004-12-01,6,JO33,148.6
200501,2005-01-01,6,JO33,139.8
200502,2005-02-01,6,JO33,138.9
200503,2005-03-01,6,JO33,142.3
200504,2005-04-01,6,JO33,144.4
200505,2005-05-01,6,JO33,142.9
200506,2005-06-01,6,JO33,145.8
200507,2005-07-01,6,JO33,140.2
200508,2005-08-01,6,JO33,139.0
200509,2005-09-01,6,JO33,139.4
200510,2005-10-01,6,JO33,138.4
200511,2005-11-01,6,JO33,140.4
200512,2005-12-01,6,JO33,135.0
200601,2006-01-01,6,JO33,135.4
200602,2006-02-01,6,JO33,136.8
200603,2006-03-01,6,JO33,131.9
200604,2006-04-01,6,JO33,134.5
200605,2006-05-01,6,JO33,130.7
200606,2006-06-01,6,JO33,135.7
200607,2006-07-01,6,JO33,143.6
200608,2006-08-01,6,JO33,138.3
200609,2006-09-01,6,JO33,136.8
200610,2006-10-01,6,JO33,139.9
200611,2006-11-01,6,JO33,134.6
200612,2006-12-01,6,JO33,145.0
200701,2007-01-01,6,JO33,132.4
200702,2007-02-01,6,JO33,129.3
200703,2007-03-01,6,JO33,136.5
200704,2007-04-01,6,JO33,139.9
200705,2007-05-01,6,JO33,133.8
200706,2007-06-01,6,JO33,128.4
200707,2007-07-01,6,JO33,126.9
200708,2007-08-01,6,JO33,127.2
200709,2007-09-01,6,JO33,124.7
200710,2007-10-01,6,JO33,121.7
200711,2007-11-01,6,JO33,124.4
200712,2007-12-01,6,JO33,130.0
200801,2008-01-01,6,JO33,136.0
200802,2008-02-01,6,JO33,133.0
200803,2008-03-01,6,JO33,131.7
200804,2008-04-01,6,JO33,133.2
200805,2008-05-01,6,JO33,141.3
200806,2008-06-01,6,JO33,135.1
200807,2008-07-01,6,JO33,137.8
200808,2008-08-01,6,JO33,132.7
200809,2008-09-01,6,JO33,137.5
200810,2008-10-01,6,JO33,137.4
200811,2008-11-01,6,JO33,133.5
200812,2008-12-01,6,JO33,123.4
200901,2009-01-01,6,JO33,115.0
200902,2009-02-01,6,JO33,126.1
200903,2009-03-01,6,JO33,122.3
200904,2009-04-01,6,JO33,118.7
200905,2009-05-01,6,JO33,120.1
200906,2009-06-01,6,JO33,122.2
200907,2009-07-01,6,JO33,119.1
200908,2009-08-01,6,JO33,122.8
200909,2009-09-01,6,JO33,119.9
200910,2009-10-01,6,JO33,118.8
200911,2009-11-01,6,JO33,114.9
200912,2009-12-01,6,JO33,112.3
201001,2010-01-01,6,JO33,115.1
201002,2010-02-01,6,JO33,105.0
201003,2010-03-01,6,JO33,106.8
201004,2010-04-01,6,JO33,99.4
201005,2010-05-01,6,JO33,99.5
201006,2010-06-01,6,JO33,96.2
201007,2010-07-01,6,JO33,93.0
201008,2010-08-01,6,JO33,90.5
201009,2010-09-01,6,JO33,80.9
201010,2010-10-01,6,JO33,82.0
201011,2010-11-01,6,JO33,88.6
201012,2010-12-01,6,JO33,73.4
201101,2011-01-01,6,JO33,91.0
201102,2011-02-01,6,JO33,95.1
201103,2011-03-01,6,JO33,95.0
201104,2011-04-01,6,JO33,98.6
201105,2011-05-01,6,JO33,90.8
201106,2011-06-01,6,JO33,99.9
201107,2011-07-01,6,JO33,98.0
201108,2011-08-01,6,JO33,99.2
201109,2011-09-01,6,JO33,103.2
201110,2011-10-01,6,JO33,110.8
201111,2011-11-01,6,JO33,103.1
201112,2011-12-01,6,JO33,102.4
201201,2012-01-01,6,JO33,96.8
201202,2012-02-01,6,JO33,93.1
201203,2012-03-01,6,JO33,88.5
201204,2012-04-01,6,JO33,89.0
201205,2012-05-01,6,JO33,90.0
201206,2012-06-01,6,JO33,86.2
201207,2012-07-01,6,JO33,90.8
201208,2012-08-01,6,JO33,93.9
201209,2012-09-01,6,JO33,84.0
201210,2012-10-01,6,JO33,69.9
201211,2012-11-01,6,JO33,74.9
201212,2012-12-01,6,JO33,66.5
201301,2013-01-01,6,JO33,86.4
201302,2013-02-01,6,JO33,83.3
201303,2013-03-01,6,JO33,84.2
201304,2013-04-01,6,JO33,85.2
201305,2013-05-01,6,JO33,80.4
201306,2013-06-01,6,JO33,78.6
201307,2013-07-01,6,JO33,80.8
201308,2013-08-01,6,JO33,79.3
201309,2013-09-01,6,JO33,80.6
201310,2013-10-01,6,JO33,81.4
201311,2013-11-01,6,JO33,83.9
201312,2013-12-01,6,JO33,80.6
201401,2014-01-01,6,JO33,83.3
201402,2014-02-01,6,JO33,81.2
201403,2014-03-01,6,JO33,82.5
201404,2014-04-01,6,JO33,91.1
201405,2014-05-01,6,JO33,78.8
201406,2014-06-01,6,JO33,77.6
201407,2014-07-01,6,JO33,79.2
201408,2014-08-01,6,JO33,81.4
201409,2014-09-01,6,JO33,85.4
201410,2014-10-01,6,JO33,88.5
201411,2014-11-01,6,JO33,88.9
201412,2014-12-01,6,JO33,95.0
201501,2015-01-01,6,JO33,93.3
201502,2015-02-01,6,JO33,89.5
201503,2015-03-01,6,JO33,87.9
201504,2015-04-01,6,JO33,88.0
201505,2015-05-01,6,JO33,93.5
201506,2015-06-01,6,JO33,93.9
201507,2015-07-01,6,JO33,94.1
201508,2015-08-01,6,JO33,94.9
201509,2015-09-01,6,JO33,100.7
201510,2015-10-01,6,JO33,96.1
201511,2015-11-01,6,JO33,98.6
201512,2015-12-01,6,JO33,98.8
201601,2016-01-01,6,JO33,94.5
201602,2016-02-01,6,JO33,108.6
201603,2016-03-01,6,JO33,106.1
201604,2016-04-01,6,JO33,107.4
201605,2016-05-01,6,JO33,107.0
201606,2016-06-01,6,JO33,112.0
201607,2016-07-01,6,JO33,110.5
201608,2016-08-01,6,JO33,110.0
201609,2016-09-01,6,JO33,103.5
201610,2016-10-01,6,JO33,105.2
201611,2016-11-01,6,JO33,106.2
201612,2016-12-01,6,JO33,104.1
201701,2017-01-01,6,JO33,97.6
201702,2017-02-01,6,JO33,99.5
201703,2017-03-01,6,JO33,91.7
201704,2017-04-01,6,JO33,93.9
201705,2017-05-01,6,JO33,91.2
201706,2017-06-01,6,JO33,101.2
201707,2017-07-01,6,JO33,85.5
201708,2017-08-01,6,JO33,81.5
201709,2017-09-01,6,JO33,90.2
201710,2017-10-01,6,JO33,90.8
201711,2017-11-01,6,JO33,91.7
201712,2017-12-01,6,JO33,92.8
201801,2018-01-01,6,JO33,88.8
201802,2018-02-01,6,JO33,88.4
201803,2018-03-01,6,JO33,91.1
201804,2018-04-01,6,JO33,88.9
201805,2018-05-01,6,JO33,93.6
201806,2018-06-01,6,JO33,87.1
201807,2018-07-01,6,JO33,83.9
201808,2018-08-01,6,JO33,87.0
201809,2018-09-01,6,JO33,83.8
201810,2018-10-01,6,JO33,80.9
201811,2018-11-01,6,JO33,79.1
201812,2018-12-01,6,JO33,72.0
201901,2019-01-01,6,JO33,86.7
201902,2019-02-01,6,JO33,81.7
201903,2019-03-01,6,JO33,88.3
201904,2019-04-01,6,JO33,76.0
201905,2019-05-01,6,JO33,89.5
201906,2019-06-01,6,JO33,98.0
201907,2019-07-01,6,JO33,104.5
201908,2019-08-01,6,JO33,102.7
201909,2019-09-01,6,JO33,104.9
201910,2019-10-01,6,JO33,107.2
201911,2019-11-01,6,JO33,99.5
201912,2019-12-01,6,JO33,137.1
202001,2020-01-01,6,JO33,99.9
202002,2020-02-01,6,JO33,95.4
202003,2020-03-01,6,JO33,113.6
202004,2020-04-01,6,JO33,103.1
202005,2020-05-01,6,JO33,101.5
202006,2020-06-01,6,JO33,97.0
202007,2020-07-01,6,JO33,97.3
202008,2020-08-01,6,JO33,98.2
202009,2020-09-01,6,JO33,95.4
202010,2020-10-01,6,JO33,95.6
202011,2020-11-01,6,JO33,101.6
202012,2020-12-01,6,JO33,100.0
202101,2021-01-01,6,JO33,111.4
202102,2021-02-01,6,JO33,122.6
202103,2021-03-01,6,JO33,126.4
202104,2021-04-01,6,JO33,121.9
202105,2021-05-01,6,JO33,124.3
202106,2021-06-01,6,JO33,138.4
202107,2021-07-01,6,JO33,148.9
202108,2021-08-01,6,JO33,139.2
202109,2021-09-01,6,JO33,135.6
202110,2021-10-01,6,JO33,139.9
202111,2021-11-01,6,JO33,154.1
202112,2021-12-01,6,JO33,165.5
202201,2022-01-01,6,JO33,124.8
202202,2022-02-01,6,JO33,107.0
202203,2022-03-01,6,JO33,102.0
202204,2022-04-01,6,JO33,107.3
202205,2022-05-01,6,JO33,107.9
202206,2022-06-01,6,JO33,114.5
202207,2022-07-01,6,JO33,96.4
202208,2022-08-01,6,JO33,96.3
202209,2022-09-01,6,JO33,98.2
202210,2022-10-01,6,JO33,107.8
202211,2022-11-01,6,JO33,113.9
202212,2022-12-01,6,JO33,118.6
202301,2023-01-01,6,JO33,107.4
202302,2023-02-01,6,JO33,106.0
202303,2023-03-01,6,JO33,103.1
202304,2023-04-01,6,JO33,108.6
202305,2023-05-01,6,JO33,103.5
202306,2023-06-01,6,JO33,97.4
202307,2023-07-01,6,JO33,97.5
202308,2023-08-01,6,JO33,102.1
202309,2023-09-01,6,JO33,98.8
202310,2023-10-01,6,JO33,93.6
202311,2023-11-01,6,JO33,89.8
202312,2023-12-01,6,JO33,93.9
202401,2024-01-01,6,JO33,107.7
202402,2024-02-01,6,JO33,101.0
202403,2024-03-01,6,JO33,97.6
202404,2024-04-01,6,JO33,97.5
202405,2024-05-01,6,JO33,99.8
202406,2024-06-01,6,JO33,96.4
202407,2024-07-01,6,JO33,103.1
202408,2024-08-01,6,JO33,102.6
202409,2024-09-01,6,JO33,113.8
202410,2024-10-01,6,JO33,114.4
202411,2024-11-01,6,JO33,118.9
202412,2024-12-01,6,JO33,118.5
202501,2025-01-01,6,JO33,121.7
202502,2025-02-01,6,JO33,111.9
202503,2025-03-01,6,JO33,113.8
202504,2025-04-01,6,JO33,110.7
202505,2025-05-01,6,JO33,107.6
202506,2025-06-01,6,JO33,107.2
202507,2025-07-01,6,JO33,105.7
202508,2025-08-01,6,JO33,107.3
202509,2025-09-01,6,JO33,105.4
202510,2025-10-01,6,JO33,97.3
202511,2025-11-01,6,JO33,94.5
202512,2025-12-01,6,JO33,99.5
202601,2026-01-01,6,JO33,122.8
202602,2026-02-01,6,JO33,108.1
202603,2026-03-01,6,JO33,106.3
202604,2026-04-01,6,JO33,105.3
202605,2026-05-01,6,JO33,111.6
202606,2026-06-01,6,JO33,121.3
198801,1988-01-01,7,EAQY,34.9
198802,1988-02-01,7,EAQY,34.2
198803,1988-03-01,7,EAQY,34.2
198804,1988-04-01,7,EAQY,35.1
198805,1988-05-01,7,EAQY,35.3
198806,1988-06-01,7,EAQY,35.7
198807,1988-07-01,7,EAQY,37.0
198808,1988-08-01,7,EAQY,36.8
198809,1988-09-01,7,EAQY,36.5
198810,1988-10-01,7,EAQY,37.5
198811,1988-11-01,7,EAQY,37.7
198812,1988-12-01,7,EAQY,37.7
198901,1989-01-01,7,EAQY,38.2
198902,1989-02-01,7,EAQY,38.2
198903,1989-03-01,7,EAQY,38.1
198904,1989-04-01,7,EAQY,38.6
198905,1989-05-01,7,EAQY,39.3
198906,1989-06-01,7,EAQY,38.2
198907,1989-07-01,7,EAQY,38.1
198908,1989-08-01,7,EAQY,38.9
198909,1989-09-01,7,EAQY,39.2
198910,1989-10-01,7,EAQY,39.5
198911,1989-11-01,7,EAQY,39.4
198912,1989-12-01,7,EAQY,39.9
199001,1990-01-01,7,EAQY,41.0
199002,1990-02-01,7,EAQY,41.8
199003,1990-03-01,7,EAQY,41.5
199004,1990-04-01,7,EAQY,41.1
199005,1990-05-01,7,EAQY,42.2
199006,1990-06-01,7,EAQY,41.0
199007,1990-07-01,7,EAQY,41.8
199008,1990-08-01,7,EAQY,41.4
199009,1990-09-01,7,EAQY,41.4
199010,1990-10-01,7,EAQY,41.2
199011,1990-11-01,7,EAQY,40.5
199012,1990-12-01,7,EAQY,41.4
199101,1991-01-01,7,EAQY,40.7
199102,1991-02-01,7,EAQY,40.2
199103,1991-03-01,7,EAQY,43.2
199104,1991-04-01,7,EAQY,41.9
199105,1991-05-01,7,EAQY,41.7
199106,1991-06-01,7,EAQY,42.1
199107,1991-07-01,7,EAQY,42.7
199108,1991-08-01,7,EAQY,41.6
199109,1991-09-01,7,EAQY,41.7
199110,1991-10-01,7,EAQY,41.8
199111,1991-11-01,7,EAQY,42.7
199112,1991-12-01,7,EAQY,41.5
199201,1992-01-01,7,EAQY,41.9
199202,1992-02-01,7,EAQY,42.1
199203,1992-03-01,7,EAQY,41.8
199204,1992-04-01,7,EAQY,42.4
199205,1992-05-01,7,EAQY,43.0
199206,1992-06-01,7,EAQY,42.6
199207,1992-07-01,7,EAQY,42.1
199208,1992-08-01,7,EAQY,43.3
199209,1992-09-01,7,EAQY,42.5
199210,1992-10-01,7,EAQY,42.6
199211,1992-11-01,7,EAQY,42.8
199212,1992-12-01,7,EAQY,42.9
199301,1993-01-01,7,EAQY,43.3
199302,1993-02-01,7,EAQY,43.8
199303,1993-03-01,7,EAQY,43.6
199304,1993-04-01,7,EAQY,44.0
199305,1993-05-01,7,EAQY,43.9
199306,1993-06-01,7,EAQY,44.6
199307,1993-07-01,7,EAQY,44.3
199308,1993-08-01,7,EAQY,45.0
199309,1993-09-01,7,EAQY,45.0
199310,1993-10-01,7,EAQY,45.1
199311,1993-11-01,7,EAQY,45.1
199312,1993-12-01,7,EAQY,45.2
199401,1994-01-01,7,EAQY,46.3
199402,1994-02-01,7,EAQY,45.1
199403,1994-03-01,7,EAQY,45.9
199404,1994-04-01,7,EAQY,45.6
199405,1994-05-01,7,EAQY,46.2
199406,1994-06-01,7,EAQY,46.1
199407,1994-07-01,7,EAQY,45.8
199408,1994-08-01,7,EAQY,46.6
199409,1994-09-01,7,EAQY,47.1
199410,1994-10-01,7,EAQY,46.7
199411,1994-11-01,7,EAQY,46.6
199412,1994-12-01,7,EAQY,47.1
199501,1995-01-01,7,EAQY,46.3
199502,1995-02-01,7,EAQY,46.9
199503,1995-03-01,7,EAQY,46.8
199504,1995-04-01,7,EAQY,46.7
199505,1995-05-01,7,EAQY,46.8
199506,1995-06-01,7,EAQY,46.6
199507,1995-07-01,7,EAQY,47.1
199508,1995-08-01,7,EAQY,46.7
199509,1995-09-01,7,EAQY,47.8
199510,1995-10-01,7,EAQY,48.0
199511,1995-11-01,7,EAQY,48.2
199512,1995-12-01,7,EAQY,49.1
199601,1996-01-01,7,EAQY,47.5
199602,1996-02-01,7,EAQY,48.4
199603,1996-03-01,7,EAQY,48.9
199604,1996-04-01,7,EAQY,50.1
199605,1996-05-01,7,EAQY,49.8
199606,1996-06-01,7,EAQY,50.7
199607,1996-07-01,7,EAQY,49.7
199608,1996-08-01,7,EAQY,50.2
199609,1996-09-01,7,EAQY,51.5
199610,1996-10-01,7,EAQY,51.2
199611,1996-11-01,7,EAQY,52.5
199612,1996-12-01,7,EAQY,50.8
199701,1997-01-01,7,EAQY,50.8
199702,1997-02-01,7,EAQY,51.8
199703,1997-03-01,7,EAQY,52.4
199704,1997-04-01,7,EAQY,52.7
199705,1997-05-01,7,EAQY,51.9
199706,1997-06-01,7,EAQY,54.0
199707,1997-07-01,7,EAQY,53.5
199708,1997-08-01,7,EAQY,52.8
199709,1997-09-01,7,EAQY,52.8
199710,1997-10-01,7,EAQY,54.1
199711,1997-11-01,7,EAQY,54.3
199712,1997-12-01,7,EAQY,54.2
199801,1998-01-01,7,EAQY,54.1
199802,1998-02-01,7,EAQY,54.3
199803,1998-03-01,7,EAQY,54.1
199804,1998-04-01,7,EAQY,54.2
199805,1998-05-01,7,EAQY,55.1
199806,1998-06-01,7,EAQY,53.5
199807,1998-07-01,7,EAQY,54.7
199808,1998-08-01,7,EAQY,54.8
199809,1998-09-01,7,EAQY,54.4
199810,1998-10-01,7,EAQY,53.8
199811,1998-11-01,7,EAQY,54.5
199812,1998-12-01,7,EAQY,54.6
199901,1999-01-01,7,EAQY,55.0
199902,1999-02-01,7,EAQY,54.6
199903,1999-03-01,7,EAQY,54.7
199904,1999-04-01,7,EAQY,55.0
199905,1999-05-01,7,EAQY,55.8
199906,1999-06-01,7,EAQY,55.8
199907,1999-07-01,7,EAQY,56.0
199908,1999-08-01,7,EAQY,56.6
199909,1999-09-01,7,EAQY,55.7
199910,1999-10-01,7,EAQY,56.5
199911,1999-11-01,7,EAQY,56.7
199912,1999-12-01,7,EAQY,56.3
200001,2000-01-01,7,EAQY,58.5
200002,2000-02-01,7,EAQY,56.5
200003,2000-03-01,7,EAQY,56.8
200004,2000-04-01,7,EAQY,56.8
200005,2000-05-01,7,EAQY,57.1
200006,2000-06-01,7,EAQY,57.3
200007,2000-07-01,7,EAQY,57.7
200008,2000-08-01,7,EAQY,58.2
200009,2000-09-01,7,EAQY,57.9
200010,2000-10-01,7,EAQY,58.6
200011,2000-11-01,7,EAQY,58.0
200012,2000-12-01,7,EAQY,58.6
200101,2001-01-01,7,EAQY,60.4
200102,2001-02-01,7,EAQY,59.8
200103,2001-03-01,7,EAQY,59.2
200104,2001-04-01,7,EAQY,60.3
200105,2001-05-01,7,EAQY,61.4
200106,2001-06-01,7,EAQY,61.0
200107,2001-07-01,7,EAQY,61.2
200108,2001-08-01,7,EAQY,61.5
200109,2001-09-01,7,EAQY,62.4
200110,2001-10-01,7,EAQY,61.9
200111,2001-11-01,7,EAQY,62.2
200112,2001-12-01,7,EAQY,63.6
200201,2002-01-01,7,EAQY,63.5
200202,2002-02-01,7,EAQY,64.3
200203,2002-03-01,7,EAQY,65.1
200204,2002-04-01,7,EAQY,66.2
200205,2002-05-01,7,EAQY,64.6
200206,2002-06-01,7,EAQY,63.3
200207,2002-07-01,7,EAQY,64.7
200208,2002-08-01,7,EAQY,64.0
200209,2002-09-01,7,EAQY,64.6
200210,2002-10-01,7,EAQY,65.0
200211,2002-11-01,7,EAQY,66.2
200212,2002-12-01,7,EAQY,64.3
200301,2003-01-01,7,EAQY,64.4
200302,2003-02-01,7,EAQY,65.2
200303,2003-03-01,7,EAQY,65.6
200304,2003-04-01,7,EAQY,65.1
200305,2003-05-01,7,EAQY,64.6
200306,2003-06-01,7,EAQY,65.1
200307,2003-07-01,7,EAQY,65.6
200308,2003-08-01,7,EAQY,65.0
200309,2003-09-01,7,EAQY,66.2
200310,2003-10-01,7,EAQY,66.5
200311,2003-11-01,7,EAQY,66.9
200312,2003-12-01,7,EAQY,66.8
200401,2004-01-01,7,EAQY,68.7
200402,2004-02-01,7,EAQY,68.0
200403,2004-03-01,7,EAQY,67.9
200404,2004-04-01,7,EAQY,68.7
200405,2004-05-01,7,EAQY,68.8
200406,2004-06-01,7,EAQY,69.1
200407,2004-07-01,7,EAQY,68.9
200408,2004-08-01,7,EAQY,68.6
200409,2004-09-01,7,EAQY,69.3
200410,2004-10-01,7,EAQY,68.9
200411,2004-11-01,7,EAQY,69.2
200412,2004-12-01,7,EAQY,68.1
200501,2005-01-01,7,EAQY,68.4
200502,2005-02-01,7,EAQY,68.2
200503,2005-03-01,7,EAQY,68.3
200504,2005-04-01,7,EAQY,67.8
200505,2005-05-01,7,EAQY,67.2
200506,2005-06-01,7,EAQY,68.1
200507,2005-07-01,7,EAQY,68.2
200508,2005-08-01,7,EAQY,68.1
200509,2005-09-01,7,EAQY,68.2
200510,2005-10-01,7,EAQY,68.4
200511,2005-11-01,7,EAQY,69.1
200512,2005-12-01,7,EAQY,68.8
200601,2006-01-01,7,EAQY,68.7
200602,2006-02-01,7,EAQY,68.2
200603,2006-03-01,7,EAQY,68.1
200604,2006-04-01,7,EAQY,69.1
200605,2006-05-01,7,EAQY,69.4
200606,2006-06-01,7,EAQY,69.2
200607,2006-07-01,7,EAQY,68.8
200608,2006-08-01,7,EAQY,69.8
200609,2006-09-01,7,EAQY,69.0
200610,2006-10-01,7,EAQY,69.9
200611,2006-11-01,7,EAQY,70.2
200612,2006-12-01,7,EAQY,71.1
200701,2007-01-01,7,EAQY,69.3
200702,2007-02-01,7,EAQY,70.8
200703,2007-03-01,7,EAQY,71.6
200704,2007-04-01,7,EAQY,72.0
200705,2007-05-01,7,EAQY,71.3
200706,2007-06-01,7,EAQY,72.2
200707,2007-07-01,7,EAQY,71.6
200708,2007-08-01,7,EAQY,71.5
200709,2007-09-01,7,EAQY,72.0
200710,2007-10-01,7,EAQY,71.3
200711,2007-11-01,7,EAQY,71.5
200712,2007-12-01,7,EAQY,71.1
200801,2008-01-01,7,EAQY,71.6
200802,2008-02-01,7,EAQY,73.8
200803,2008-03-01,7,EAQY,71.8
200804,2008-04-01,7,EAQY,71.2
200805,2008-05-01,7,EAQY,74.7
200806,2008-06-01,7,EAQY,71.7
200807,2008-07-01,7,EAQY,71.9
200808,2008-08-01,7,EAQY,72.4
200809,2008-09-01,7,EAQY,71.5
200810,2008-10-01,7,EAQY,70.2
200811,2008-11-01,7,EAQY,70.9
200812,2008-12-01,7,EAQY,70.8
200901,2009-01-01,7,EAQY,70.6
200902,2009-02-01,7,EAQY,68.9
200903,2009-03-01,7,EAQY,69.6
200904,2009-04-01,7,EAQY,69.8
200905,2009-05-01,7,EAQY,69.8
200906,2009-06-01,7,EAQY,70.1
200907,2009-07-01,7,EAQY,71.0
200908,2009-08-01,7,EAQY,70.9
200909,2009-09-01,7,EAQY,70.7
200910,2009-10-01,7,EAQY,71.7
200911,2009-11-01,7,EAQY,71.8
200912,2009-12-01,7,EAQY,71.9
201001,2010-01-01,7,EAQY,68.3
201002,2010-02-01,7,EAQY,72.4
201003,2010-03-01,7,EAQY,72.2
201004,2010-04-01,7,EAQY,72.7
201005,2010-05-01,7,EAQY,72.5
201006,2010-06-01,7,EAQY,72.4
201007,2010-07-01,7,EAQY,73.0
201008,2010-08-01,7,EAQY,73.7
201009,2010-09-01,7,EAQY,72.7
201010,2010-10-01,7,EAQY,72.9
201011,2010-11-01,7,EAQY,73.1
201012,2010-12-01,7,EAQY,72.1
201101,2011-01-01,7,EAQY,74.0
201102,2011-02-01,7,EAQY,73.5
201103,2011-03-01,7,EAQY,73.0
201104,2011-04-01,7,EAQY,74.8
201105,2011-05-01,7,EAQY,73.3
201106,2011-06-01,7,EAQY,72.8
201107,2011-07-01,7,EAQY,73.2
201108,2011-08-01,7,EAQY,72.7
201109,2011-09-01,7,EAQY,73.1
201110,2011-10-01,7,EAQY,74.0
201111,2011-11-01,7,EAQY,73.0
201112,2011-12-01,7,EAQY,73.7
201201,2012-01-01,7,EAQY,74.2
201202,2012-02-01,7,EAQY,73.1
201203,2012-03-01,7,EAQY,76.1
201204,2012-04-01,7,EAQY,74.2
201205,2012-05-01,7,EAQY,74.4
201206,2012-06-01,7,EAQY,74.9
201207,2012-07-01,7,EAQY,74.5
201208,2012-08-01,7,EAQY,74.8
201209,2012-09-01,7,EAQY,75.0
201210,2012-10-01,7,EAQY,74.6
201211,2012-11-01,7,EAQY,74.2
201212,2012-12-01,7,EAQY,74.2
201301,2013-01-01,7,EAQY,73.5
201302,2013-02-01,7,EAQY,76.1
201303,2013-03-01,7,EAQY,73.8
201304,2013-04-01,7,EAQY,74.5
201305,2013-05-01,7,EAQY,75.6
201306,2013-06-01,7,EAQY,76.4
201307,2013-07-01,7,EAQY,75.3
201308,2013-08-01,7,EAQY,75.3
201309,2013-09-01,7,EAQY,77.9
201310,2013-10-01,7,EAQY,76.6
201311,2013-11-01,7,EAQY,77.0
201312,2013-12-01,7,EAQY,77.6
201401,2014-01-01,7,EAQY,78.5
201402,2014-02-01,7,EAQY,78.2
201403,2014-03-01,7,EAQY,79.8
201404,2014-04-01,7,EAQY,79.0
201405,2014-05-01,7,EAQY,79.5
201406,2014-06-01,7,EAQY,80.5
201407,2014-07-01,7,EAQY,80.1
201408,2014-08-01,7,EAQY,81.2
201409,2014-09-01,7,EAQY,79.4
201410,2014-10-01,7,EAQY,80.8
201411,2014-11-01,7,EAQY,81.3
201412,2014-12-01,7,EAQY,84.0
201501,2015-01-01,7,EAQY,80.9
201502,2015-02-01,7,EAQY,82.2
201503,2015-03-01,7,EAQY,81.9
201504,2015-04-01,7,EAQY,82.6
201505,2015-05-01,7,EAQY,82.1
201506,2015-06-01,7,EAQY,82.0
201507,2015-07-01,7,EAQY,82.1
201508,2015-08-01,7,EAQY,81.7
201509,2015-09-01,7,EAQY,82.1
201510,2015-10-01,7,EAQY,81.8
201511,2015-11-01,7,EAQY,81.7
201512,2015-12-01,7,EAQY,82.1
201601,2016-01-01,7,EAQY,83.7
201602,2016-02-01,7,EAQY,82.7
201603,2016-03-01,7,EAQY,81.7
201604,2016-04-01,7,EAQY,83.5
201605,2016-05-01,7,EAQY,83.7
201606,2016-06-01,7,EAQY,82.5
201607,2016-07-01,7,EAQY,85.5
201608,2016-08-01,7,EAQY,83.3
201609,2016-09-01,7,EAQY,83.7
201610,2016-10-01,7,EAQY,86.4
201611,2016-11-01,7,EAQY,85.5
201612,2016-12-01,7,EAQY,85.7
201701,2017-01-01,7,EAQY,84.4
201702,2017-02-01,7,EAQY,85.6
201703,2017-03-01,7,EAQY,85.4
201704,2017-04-01,7,EAQY,87.8
201705,2017-05-01,7,EAQY,85.3
201706,2017-06-01,7,EAQY,87.4
201707,2017-07-01,7,EAQY,87.4
201708,2017-08-01,7,EAQY,88.6
201709,2017-09-01,7,EAQY,87.1
201710,2017-10-01,7,EAQY,87.5
201711,2017-11-01,7,EAQY,88.0
201712,2017-12-01,7,EAQY,88.7
201801,2018-01-01,7,EAQY,88.5
201802,2018-02-01,7,EAQY,88.3
201803,2018-03-01,7,EAQY,87.1
201804,2018-04-01,7,EAQY,88.9
201805,2018-05-01,7,EAQY,89.7
201806,2018-06-01,7,EAQY,88.8
201807,2018-07-01,7,EAQY,89.2
201808,2018-08-01,7,EAQY,91.0
201809,2018-09-01,7,EAQY,90.8
201810,2018-10-01,7,EAQY,89.4
201811,2018-11-01,7,EAQY,91.0
201812,2018-12-01,7,EAQY,91.1
201901,2019-01-01,7,EAQY,89.9
201902,2019-02-01,7,EAQY,90.7
201903,2019-03-01,7,EAQY,91.4
201904,2019-04-01,7,EAQY,90.8
201905,2019-05-01,7,EAQY,89.8
201906,2019-06-01,7,EAQY,92.0
201907,2019-07-01,7,EAQY,91.0
201908,2019-08-01,7,EAQY,91.1
201909,2019-09-01,7,EAQY,90.9
201910,2019-10-01,7,EAQY,89.4
201911,2019-11-01,7,EAQY,89.5
201912,2019-12-01,7,EAQY,90.3
202001,2020-01-01,7,EAQY,91.2
202002,2020-02-01,7,EAQY,90.1
202003,2020-03-01,7,EAQY,71.8
202004,2020-04-01,7,EAQY,41.5
202005,2020-05-01,7,EAQY,52.0
202006,2020-06-01,7,EAQY,75.2
202007,2020-07-01,7,EAQY,86.2
202008,2020-08-01,7,EAQY,88.1
202009,2020-09-01,7,EAQY,91.2
202010,2020-10-01,7,EAQY,92.2
202011,2020-11-01,7,EAQY,82.1
202012,2020-12-01,7,EAQY,90.4
202101,2021-01-01,7,EAQY,67.5
202102,2021-02-01,7,EAQY,69.5
202103,2021-03-01,7,EAQY,75.8
202104,2021-04-01,7,EAQY,94.4
202105,2021-05-01,7,EAQY,96.9
202106,2021-06-01,7,EAQY,96.5
202107,2021-07-01,7,EAQY,93.4
202108,2021-08-01,7,EAQY,94.8
202109,2021-09-01,7,EAQY,94.5
202110,2021-10-01,7,EAQY,97.0
202111,2021-11-01,7,EAQY,96.7
202112,2021-12-01,7,EAQY,95.5
202201,2022-01-01,7,EAQY,95.8
202202,2022-02-01,7,EAQY,96.5
202203,2022-03-01,7,EAQY,99.5
202204,2022-04-01,7,EAQY,97.3
202205,2022-05-01,7,EAQY,97.7
202206,2022-06-01,7,EAQY,97.7
202207,2022-07-01,7,EAQY,98.2
202208,2022-08-01,7,EAQY,95.6
202209,2022-09-01,7,EAQY,96.5
202210,2022-10-01,7,EAQY,98.5
202211,2022-11-01,7,EAQY,98.3
202212,2022-12-01,7,EAQY,98.7
202301,2023-01-01,7,EAQY,98.5
202302,2023-02-01,7,EAQY,100.7
202303,2023-03-01,7,EAQY,99.0
202304,2023-04-01,7,EAQY,102.1
202305,2023-05-01,7,EAQY,101.2
202306,2023-06-01,7,EAQY,102.2
202307,2023-07-01,7,EAQY,100.9
202308,2023-08-01,7,EAQY,100.4
202309,2023-09-01,7,EAQY,98.1
202310,2023-10-01,7,EAQY,98.6
202311,2023-11-01,7,EAQY,101.1
202312,2023-12-01,7,EAQY,97.9
202401,2024-01-01,7,EAQY,100.2
202402,2024-02-01,7,EAQY,101.1
202403,2024-03-01,7,EAQY,100.7
202404,2024-04-01,7,EAQY,98.9
202405,2024-05-01,7,EAQY,102.1
202406,2024-06-01,7,EAQY,99.8
202407,2024-07-01,7,EAQY,101.2
202408,2024-08-01,7,EAQY,101.6
202409,2024-09-01,7,EAQY,102.7
202410,2024-10-01,7,EAQY,101.5
202411,2024-11-01,7,EAQY,101.5
202412,2024-12-01,7,EAQY,103.2
202501,2025-01-01,7,EAQY,100.8
202502,2025-02-01,7,EAQY,104.5
202503,2025-03-01,7,EAQY,105.0
202504,2025-04-01,7,EAQY,103.6
202505,2025-05-01,7,EAQY,101.0
202506,2025-06-01,7,EAQY,101.8
202507,2025-07-01,7,EAQY,102.8
202508,2025-08-01,7,EAQY,104.1
202509,2025-09-01,7,EAQY,105.6
202510,2025-10-01,7,EAQY,105.4
202511,2025-11-01,7,EAQY,105.4
202512,2025-12-01,7,EAQY,104.0
202601,2026-01-01,7,EAQY,107.3
202602,2026-02-01,7,EAQY,106.6
202603,2026-03-01,7,EAQY,107.7
202604,2026-04-01,7,EAQY,108.3
202605,2026-05-01,7,EAQY,109.2
202606,2026-06-01,7,EAQY,109.8
198801,1988-01-01,8,EAQX,30.2
198802,1988-02-01,8,EAQX,30.0
198803,1988-03-01,8,EAQX,30.1
198804,1988-04-01,8,EAQX,30.4
198805,1988-05-01,8,EAQX,30.5
198806,1988-06-01,8,EAQX,31.0
198807,1988-07-01,8,EAQX,31.6
198808,1988-08-01,8,EAQX,31.4
198809,1988-09-01,8,EAQX,31.5
198810,1988-10-01,8,EAQX,32.2
198811,1988-11-01,8,EAQX,32.1
198812,1988-12-01,8,EAQX,31.6
198901,1989-01-01,8,EAQX,32.2
198902,1989-02-01,8,EAQX,32.5
198903,1989-03-01,8,EAQX,32.6
198904,1989-04-01,8,EAQX,32.3
198905,1989-05-01,8,EAQX,33.2
198906,1989-06-01,8,EAQX,32.4
198907,1989-07-01,8,EAQX,32.3
198908,1989-08-01,8,EAQX,33.3
198909,1989-09-01,8,EAQX,33.2
198910,1989-10-01,8,EAQX,33.2
198911,1989-11-01,8,EAQX,33.0
198912,1989-12-01,8,EAQX,33.1
199001,1990-01-01,8,EAQX,33.5
199002,1990-02-01,8,EAQX,34.9
199003,1990-03-01,8,EAQX,34.6
199004,1990-04-01,8,EAQX,34.7
199005,1990-05-01,8,EAQX,35.4
199006,1990-06-01,8,EAQX,34.6
199007,1990-07-01,8,EAQX,34.8
199008,1990-08-01,8,EAQX,35.3
199009,1990-09-01,8,EAQX,35.4
199010,1990-10-01,8,EAQX,34.6
199011,1990-11-01,8,EAQX,33.6
199012,1990-12-01,8,EAQX,34.8
199101,1991-01-01,8,EAQX,35.5
199102,1991-02-01,8,EAQX,34.7
199103,1991-03-01,8,EAQX,36.3
199104,1991-04-01,8,EAQX,36.4
199105,1991-05-01,8,EAQX,36.7
199106,1991-06-01,8,EAQX,36.8
199107,1991-07-01,8,EAQX,38.1
199108,1991-08-01,8,EAQX,36.7
199109,1991-09-01,8,EAQX,36.8
199110,1991-10-01,8,EAQX,37.1
199111,1991-11-01,8,EAQX,37.6
199112,1991-12-01,8,EAQX,35.7
199201,1992-01-01,8,EAQX,37.4
199202,1992-02-01,8,EAQX,37.1
199203,1992-03-01,8,EAQX,36.6
199204,1992-04-01,8,EAQX,38.0
199205,1992-05-01,8,EAQX,37.4
199206,1992-06-01,8,EAQX,38.1
199207,1992-07-01,8,EAQX,38.6
199208,1992-08-01,8,EAQX,38.6
199209,1992-09-01,8,EAQX,38.4
199210,1992-10-01,8,EAQX,38.7
199211,1992-11-01,8,EAQX,38.3
199212,1992-12-01,8,EAQX,39.2
199301,1993-01-01,8,EAQX,39.7
199302,1993-02-01,8,EAQX,39.6
199303,1993-03-01,8,EAQX,39.3
199304,1993-04-01,8,EAQX,39.7
199305,1993-05-01,8,EAQX,39.9
199306,1993-06-01,8,EAQX,40.6
199307,1993-07-01,8,EAQX,40.8
199308,1993-08-01,8,EAQX,40.9
199309,1993-09-01,8,EAQX,40.7
199310,1993-10-01,8,EAQX,40.8
199311,1993-11-01,8,EAQX,40.0
199312,1993-12-01,8,EAQX,41.6
199401,1994-01-01,8,EAQX,41.4
199402,1994-02-01,8,EAQX,40.4
199403,1994-03-01,8,EAQX,41.6
199404,1994-04-01,8,EAQX,41.1
199405,1994-05-01,8,EAQX,41.2
199406,1994-06-01,8,EAQX,41.3
199407,1994-07-01,8,EAQX,41.4
199408,1994-08-01,8,EAQX,42.0
199409,1994-09-01,8,EAQX,42.2
199410,1994-10-01,8,EAQX,42.0
199411,1994-11-01,8,EAQX,41.2
199412,1994-12-01,8,EAQX,41.6
199501,1995-01-01,8,EAQX,40.4
199502,1995-02-01,8,EAQX,42.2
199503,1995-03-01,8,EAQX,41.9
199504,1995-04-01,8,EAQX,42.0
199505,1995-05-01,8,EAQX,42.5
199506,1995-06-01,8,EAQX,43.1
199507,1995-07-01,8,EAQX,42.4
199508,1995-08-01,8,EAQX,42.7
199509,1995-09-01,8,EAQX,43.8
199510,1995-10-01,8,EAQX,43.7
199511,1995-11-01,8,EAQX,44.4
199512,1995-12-01,8,EAQX,44.9
199601,1996-01-01,8,EAQX,43.1
199602,1996-02-01,8,EAQX,45.0
199603,1996-03-01,8,EAQX,44.1
199604,1996-04-01,8,EAQX,47.4
199605,1996-05-01,8,EAQX,45.4
199606,1996-06-01,8,EAQX,46.2
199607,1996-07-01,8,EAQX,46.9
199608,1996-08-01,8,EAQX,46.7
199609,1996-09-01,8,EAQX,47.8
199610,1996-10-01,8,EAQX,47.9
199611,1996-11-01,8,EAQX,50.1
199612,1996-12-01,8,EAQX,48.2
199701,1997-01-01,8,EAQX,47.7
199702,1997-02-01,8,EAQX,48.2
199703,1997-03-01,8,EAQX,48.7
199704,1997-04-01,8,EAQX,49.2
199705,1997-05-01,8,EAQX,48.6
199706,1997-06-01,8,EAQX,49.7
199707,1997-07-01,8,EAQX,50.1
199708,1997-08-01,8,EAQX,49.7
199709,1997-09-01,8,EAQX,50.2
199710,1997-10-01,8,EAQX,51.0
199711,1997-11-01,8,EAQX,51.3
199712,1997-12-01,8,EAQX,50.3
199801,1998-01-01,8,EAQX,50.7
199802,1998-02-01,8,EAQX,50.0
199803,1998-03-01,8,EAQX,50.1
199804,1998-04-01,8,EAQX,49.6
199805,1998-05-01,8,EAQX,50.8
199806,1998-06-01,8,EAQX,49.1
199807,1998-07-01,8,EAQX,50.5
199808,1998-08-01,8,EAQX,50.8
199809,1998-09-01,8,EAQX,50.0
199810,1998-10-01,8,EAQX,49.7
199811,1998-11-01,8,EAQX,51.1
199812,1998-12-01,8,EAQX,51.1
199901,1999-01-01,8,EAQX,50.0
199902,1999-02-01,8,EAQX,49.7
199903,1999-03-01,8,EAQX,50.7
199904,1999-04-01,8,EAQX,50.5
199905,1999-05-01,8,EAQX,51.0
199906,1999-06-01,8,EAQX,51.4
199907,1999-07-01,8,EAQX,52.3
199908,1999-08-01,8,EAQX,52.5
199909,1999-09-01,8,EAQX,52.0
199910,1999-10-01,8,EAQX,52.8
199911,1999-11-01,8,EAQX,53.1
199912,1999-12-01,8,EAQX,54.7
200001,2000-01-01,8,EAQX,55.5
200002,2000-02-01,8,EAQX,54.7
200003,2000-03-01,8,EAQX,53.6
200004,2000-04-01,8,EAQX,53.9
200005,2000-05-01,8,EAQX,53.5
200006,2000-06-01,8,EAQX,53.7
200007,2000-07-01,8,EAQX,53.7
200008,2000-08-01,8,EAQX,53.9
200009,2000-09-01,8,EAQX,54.2
200010,2000-10-01,8,EAQX,54.6
200011,2000-11-01,8,EAQX,54.1
200012,2000-12-01,8,EAQX,54.4
200101,2001-01-01,8,EAQX,55.4
200102,2001-02-01,8,EAQX,56.6
200103,2001-03-01,8,EAQX,56.7
200104,2001-04-01,8,EAQX,57.3
200105,2001-05-01,8,EAQX,58.1
200106,2001-06-01,8,EAQX,57.6
200107,2001-07-01,8,EAQX,57.3
200108,2001-08-01,8,EAQX,57.5
200109,2001-09-01,8,EAQX,57.8
200110,2001-10-01,8,EAQX,56.6
200111,2001-11-01,8,EAQX,56.8
200112,2001-12-01,8,EAQX,57.2
200201,2002-01-01,8,EAQX,58.1
200202,2002-02-01,8,EAQX,58.3
200203,2002-03-01,8,EAQX,58.3
200204,2002-04-01,8,EAQX,58.6
200205,2002-05-01,8,EAQX,58.7
200206,2002-06-01,8,EAQX,56.5
200207,2002-07-01,8,EAQX,60.4
200208,2002-08-01,8,EAQX,57.9
200209,2002-09-01,8,EAQX,59.1
200210,2002-10-01,8,EAQX,60.1
200211,2002-11-01,8,EAQX,61.5
200212,2002-12-01,8,EAQX,59.1
200301,2003-01-01,8,EAQX,59.3
200302,2003-02-01,8,EAQX,58.9
200303,2003-03-01,8,EAQX,59.4
200304,2003-04-01,8,EAQX,59.5
200305,2003-05-01,8,EAQX,59.1
200306,2003-06-01,8,EAQX,59.4
200307,2003-07-01,8,EAQX,60.6
200308,2003-08-01,8,EAQX,59.5
200309,2003-09-01,8,EAQX,60.2
200310,2003-10-01,8,EAQX,61.9
200311,2003-11-01,8,EAQX,61.3
200312,2003-12-01,8,EAQX,61.0
200401,2004-01-01,8,EAQX,60.7
200402,2004-02-01,8,EAQX,61.0
200403,2004-03-01,8,EAQX,60.3
200404,2004-04-01,8,EAQX,61.1
200405,2004-05-01,8,EAQX,61.6
200406,2004-06-01,8,EAQX,60.9
200407,2004-07-01,8,EAQX,60.9
200408,2004-08-01,8,EAQX,62.0
200409,2004-09-01,8,EAQX,61.8
200410,2004-10-01,8,EAQX,61.0
200411,2004-11-01,8,EAQX,62.0
200412,2004-12-01,8,EAQX,62.1
200501,2005-01-01,8,EAQX,62.1
200502,2005-02-01,8,EAQX,62.1
200503,2005-03-01,8,EAQX,63.1
200504,2005-04-01,8,EAQX,60.4
200505,2005-05-01,8,EAQX,59.1
200506,2005-06-01,8,EAQX,60.2
200507,2005-07-01,8,EAQX,59.6
200508,2005-08-01,8,EAQX,60.2
200509,2005-09-01,8,EAQX,60.7
200510,2005-10-01,8,EAQX,60.5
200511,2005-11-01,8,EAQX,61.9
200512,2005-12-01,8,EAQX,61.7
200601,2006-01-01,8,EAQX,61.8
200602,2006-02-01,8,EAQX,61.6
200603,2006-03-01,8,EAQX,63.3
200604,2006-04-01,8,EAQX,63.5
200605,2006-05-01,8,EAQX,63.1
200606,2006-06-01,8,EAQX,61.3
200607,2006-07-01,8,EAQX,62.8
200608,2006-08-01,8,EAQX,63.4
200609,2006-09-01,8,EAQX,62.4
200610,2006-10-01,8,EAQX,63.1
200611,2006-11-01,8,EAQX,62.5
200612,2006-12-01,8,EAQX,64.1
200701,2007-01-01,8,EAQX,63.8
200702,2007-02-01,8,EAQX,63.8
200703,2007-03-01,8,EAQX,64.7
200704,2007-04-01,8,EAQX,64.3
200705,2007-05-01,8,EAQX,63.9
200706,2007-06-01,8,EAQX,65.9
200707,2007-07-01,8,EAQX,66.5
200708,2007-08-01,8,EAQX,65.8
200709,2007-09-01,8,EAQX,66.3
200710,2007-10-01,8,EAQX,66.8
200711,2007-11-01,8,EAQX,65.9
200712,2007-12-01,8,EAQX,64.1
200801,2008-01-01,8,EAQX,64.5
200802,2008-02-01,8,EAQX,65.5
200803,2008-03-01,8,EAQX,63.2
200804,2008-04-01,8,EAQX,63.5
200805,2008-05-01,8,EAQX,63.9
200806,2008-06-01,8,EAQX,63.0
200807,2008-07-01,8,EAQX,63.1
200808,2008-08-01,8,EAQX,63.1
200809,2008-09-01,8,EAQX,62.7
200810,2008-10-01,8,EAQX,62.7
200811,2008-11-01,8,EAQX,64.2
200812,2008-12-01,8,EAQX,63.8
200901,2009-01-01,8,EAQX,62.6
200902,2009-02-01,8,EAQX,61.5
200903,2009-03-01,8,EAQX,63.4
200904,2009-04-01,8,EAQX,64.0
200905,2009-05-01,8,EAQX,64.4
200906,2009-06-01,8,EAQX,64.2
200907,2009-07-01,8,EAQX,64.7
200908,2009-08-01,8,EAQX,64.9
200909,2009-09-01,8,EAQX,65.2
200910,2009-10-01,8,EAQX,66.7
200911,2009-11-01,8,EAQX,67.1
200912,2009-12-01,8,EAQX,66.3
201001,2010-01-01,8,EAQX,66.4
201002,2010-02-01,8,EAQX,68.2
201003,2010-03-01,8,EAQX,68.4
201004,2010-04-01,8,EAQX,68.3
201005,2010-05-01,8,EAQX,69.3
201006,2010-06-01,8,EAQX,70.1
201007,2010-07-01,8,EAQX,68.7
201008,2010-08-01,8,EAQX,69.7
201009,2010-09-01,8,EAQX,69.7
201010,2010-10-01,8,EAQX,69.4
201011,2010-11-01,8,EAQX,69.4
201012,2010-12-01,8,EAQX,70.8
201101,2011-01-01,8,EAQX,73.7
201102,2011-02-01,8,EAQX,71.5
201103,2011-03-01,8,EAQX,71.7
201104,2011-04-01,8,EAQX,71.0
201105,2011-05-01,8,EAQX,70.7
201106,2011-06-01,8,EAQX,71.3
201107,2011-07-01,8,EAQX,72.0
201108,2011-08-01,8,EAQX,71.9
201109,2011-09-01,8,EAQX,72.5
201110,2011-10-01,8,EAQX,72.0
201111,2011-11-01,8,EAQX,70.9
201112,2011-12-01,8,EAQX,72.0
201201,2012-01-01,8,EAQX,73.2
201202,2012-02-01,8,EAQX,73.1
201203,2012-03-01,8,EAQX,77.4
201204,2012-04-01,8,EAQX,76.7
201205,2012-05-01,8,EAQX,77.4
201206,2012-06-01,8,EAQX,77.3
201207,2012-07-01,8,EAQX,77.1
201208,2012-08-01,8,EAQX,76.0
201209,2012-09-01,8,EAQX,77.3
201210,2012-10-01,8,EAQX,76.4
201211,2012-11-01,8,EAQX,75.9
201212,2012-12-01,8,EAQX,75.8
201301,2013-01-01,8,EAQX,77.3
201302,2013-02-01,8,EAQX,79.0
201303,2013-03-01,8,EAQX,77.0
201304,2013-04-01,8,EAQX,77.3
201305,2013-05-01,8,EAQX,77.8
201306,2013-06-01,8,EAQX,81.3
201307,2013-07-01,8,EAQX,78.8
201308,2013-08-01,8,EAQX,79.5
201309,2013-09-01,8,EAQX,80.0
201310,2013-10-01,8,EAQX,81.5
201311,2013-11-01,8,EAQX,81.5
201312,2013-12-01,8,EAQX,82.6
201401,2014-01-01,8,EAQX,82.2
201402,2014-02-01,8,EAQX,82.5
201403,2014-03-01,8,EAQX,83.3
201404,2014-04-01,8,EAQX,84.0
201405,2014-05-01,8,EAQX,83.9
201406,2014-06-01,8,EAQX,84.0
201407,2014-07-01,8,EAQX,83.5
201408,2014-08-01,8,EAQX,85.3
201409,2014-09-01,8,EAQX,84.4
201410,2014-10-01,8,EAQX,85.6
201411,2014-11-01,8,EAQX,86.1
201412,2014-12-01,8,EAQX,85.2
201501,2015-01-01,8,EAQX,85.4
201502,2015-02-01,8,EAQX,87.7
201503,2015-03-01,8,EAQX,85.7
201504,2015-04-01,8,EAQX,86.3
201505,2015-05-01,8,EAQX,85.8
201506,2015-06-01,8,EAQX,86.1
201507,2015-07-01,8,EAQX,87.9
201508,2015-08-01,8,EAQX,86.6
201509,2015-09-01,8,EAQX,87.6
201510,2015-10-01,8,EAQX,88.3
201511,2015-11-01,8,EAQX,89.8
201512,2015-12-01,8,EAQX,91.2
201601,2016-01-01,8,EAQX,92.2
201602,2016-02-01,8,EAQX,91.8
201603,2016-03-01,8,EAQX,89.4
201604,2016-04-01,8,EAQX,91.7
201605,2016-05-01,8,EAQX,93.2
201606,2016-06-01,8,EAQX,88.8
201607,2016-07-01,8,EAQX,92.1
201608,2016-08-01,8,EAQX,92.5
201609,2016-09-01,8,EAQX,93.9
201610,2016-10-01,8,EAQX,92.7
201611,2016-11-01,8,EAQX,93.2
201612,2016-12-01,8,EAQX,92.4
201701,2017-01-01,8,EAQX,91.3
201702,2017-02-01,8,EAQX,92.0
201703,2017-03-01,8,EAQX,93.1
201704,2017-04-01,8,EAQX,92.9
201705,2017-05-01,8,EAQX,92.1
201706,2017-06-01,8,EAQX,94.3
201707,2017-07-01,8,EAQX,94.6
201708,2017-08-01,8,EAQX,95.5
201709,2017-09-01,8,EAQX,94.6
201710,2017-10-01,8,EAQX,93.3
201711,2017-11-01,8,EAQX,93.5
201712,2017-12-01,8,EAQX,96.1
201801,2018-01-01,8,EAQX,96.0
201802,2018-02-01,8,EAQX,95.0
201803,2018-03-01,8,EAQX,94.7
201804,2018-04-01,8,EAQX,93.6
201805,2018-05-01,8,EAQX,96.7
201806,2018-06-01,8,EAQX,96.9
201807,2018-07-01,8,EAQX,96.0
201808,2018-08-01,8,EAQX,96.7
201809,2018-09-01,8,EAQX,95.6
201810,2018-10-01,8,EAQX,94.2
201811,2018-11-01,8,EAQX,93.4
201812,2018-12-01,8,EAQX,97.1
201901,2019-01-01,8,EAQX,95.6
201902,2019-02-01,8,EAQX,94.6
201903,2019-03-01,8,EAQX,93.4
201904,2019-04-01,8,EAQX,92.8
201905,2019-05-01,8,EAQX,93.5
201906,2019-06-01,8,EAQX,93.9
201907,2019-07-01,8,EAQX,95.2
201908,2019-08-01,8,EAQX,94.3
201909,2019-09-01,8,EAQX,92.3
201910,2019-10-01,8,EAQX,93.3
201911,2019-11-01,8,EAQX,95.3
201912,2019-12-01,8,EAQX,93.8
202001,2020-01-01,8,EAQX,94.4
202002,2020-02-01,8,EAQX,91.8
202003,2020-03-01,8,EAQX,92.7
202004,2020-04-01,8,EAQX,69.6
202005,2020-05-01,8,EAQX,80.3
202006,2020-06-01,8,EAQX,86.9
202007,2020-07-01,8,EAQX,88.9
202008,2020-08-01,8,EAQX,90.1
202009,2020-09-01,8,EAQX,91.6
202010,2020-10-01,8,EAQX,93.6
202011,2020-11-01,8,EAQX,92.8
202012,2020-12-01,8,EAQX,91.3
202101,2021-01-01,8,EAQX,78.7
202102,2021-02-01,8,EAQX,88.2
202103,2021-03-01,8,EAQX,92.6
202104,2021-04-01,8,EAQX,94.7
202105,2021-05-01,8,EAQX,92.0
202106,2021-06-01,8,EAQX,90.6
202107,2021-07-01,8,EAQX,90.0
202108,2021-08-01,8,EAQX,89.9
202109,2021-09-01,8,EAQX,92.2
202110,2021-10-01,8,EAQX,92.9
202111,2021-11-01,8,EAQX,90.9
202112,2021-12-01,8,EAQX,91.6
202201,2022-01-01,8,EAQX,91.7
202202,2022-02-01,8,EAQX,93.2
202203,2022-03-01,8,EAQX,96.8
202204,2022-04-01,8,EAQX,94.1
202205,2022-05-01,8,EAQX,93.2
202206,2022-06-01,8,EAQX,93.8
202207,2022-07-01,8,EAQX,97.3
202208,2022-08-01,8,EAQX,93.4
202209,2022-09-01,8,EAQX,94.0
202210,2022-10-01,8,EAQX,94.4
202211,2022-11-01,8,EAQX,95.1
202212,2022-12-01,8,EAQX,97.5
202301,2023-01-01,8,EAQX,97.8
202302,2023-02-01,8,EAQX,99.5
202303,2023-03-01,8,EAQX,99.8
202304,2023-04-01,8,EAQX,101.4
202305,2023-05-01,8,EAQX,101.9
202306,2023-06-01,8,EAQX,104.0
202307,2023-07-01,8,EAQX,101.6
202308,2023-08-01,8,EAQX,100.0
202309,2023-09-01,8,EAQX,98.4
202310,2023-10-01,8,EAQX,99.4
202311,2023-11-01,8,EAQX,100.1
202312,2023-12-01,8,EAQX,96.3
202401,2024-01-01,8,EAQX,98.6
202402,2024-02-01,8,EAQX,101.3
202403,2024-03-01,8,EAQX,97.0
202404,2024-04-01,8,EAQX,96.9
202405,2024-05-01,8,EAQX,98.9
202406,2024-06-01,8,EAQX,95.1
202407,2024-07-01,8,EAQX,101.9
202408,2024-08-01,8,EAQX,100.3
202409,2024-09-01,8,EAQX,100.7
202410,2024-10-01,8,EAQX,101.1
202411,2024-11-01,8,EAQX,100.3
202412,2024-12-01,8,EAQX,101.6
202501,2025-01-01,8,EAQX,102.9
202502,2025-02-01,8,EAQX,103.5
202503,2025-03-01,8,EAQX,103.1
202504,2025-04-01,8,EAQX,104.7
202505,2025-05-01,8,EAQX,101.4
202506,2025-06-01,8,EAQX,103.7
202507,2025-07-01,8,EAQX,102.2
202508,2025-08-01,8,EAQX,104.8
202509,2025-09-01,8,EAQX,104.9
202510,2025-10-01,8,EAQX,102.8
202511,2025-11-01,8,EAQX,104.5
202512,2025-12-01,8,EAQX,102.8
202601,2026-01-01,8,EAQX,102.7
202602,2026-02-01,8,EAQX,104.2
202603,2026-03-01,8,EAQX,105.6
202604,2026-04-01,8,EAQX,105.0
202605,2026-05-01,8,EAQX,107.9
202606,2026-06-01,8,EAQX,106.4
198801,1988-01-01,9,EARA,31.9
198802,1988-02-01,9,EARA,31.5
198803,1988-03-01,9,EARA,31.2
198804,1988-04-01,9,EARA,31.5
198805,1988-05-01,9,EARA,32.1
198806,1988-06-01,9,EARA,32.6
198807,1988-07-01,9,EARA,32.9
198808,1988-08-01,9,EARA,33.1
198809,1988-09-01,9,EARA,33.1
198810,1988-10-01,9,EARA,33.8
198811,1988-11-01,9,EARA,34.3
198812,1988-12-01,9,EARA,33.9
198901,1989-01-01,9,EARA,34.6
198902,1989-02-01,9,EARA,34.4
198903,1989-03-01,9,EARA,34.8
198904,1989-04-01,9,EARA,34.6
198905,1989-05-01,9,EARA,36.5
198906,1989-06-01,9,EARA,34.6
198907,1989-07-01,9,EARA,34.2
198908,1989-08-01,9,EARA,34.7
198909,1989-09-01,9,EARA,35.1
198910,1989-10-01,9,EARA,34.9
198911,1989-11-01,9,EARA,35.1
198912,1989-12-01,9,EARA,35.5
199001,1990-01-01,9,EARA,37.3
199002,1990-02-01,9,EARA,38.3
199003,1990-03-01,9,EARA,38.1
199004,1990-04-01,9,EARA,37.6
199005,1990-05-01,9,EARA,39.3
199006,1990-06-01,9,EARA,37.1
199007,1990-07-01,9,EARA,38.7
199008,1990-08-01,9,EARA,37.3
199009,1990-09-01,9,EARA,37.5
199010,1990-10-01,9,EARA,36.2
199011,1990-11-01,9,EARA,35.7
199012,1990-12-01,9,EARA,36.7
199101,1991-01-01,9,EARA,36.8
199102,1991-02-01,9,EARA,36.2
199103,1991-03-01,9,EARA,38.2
199104,1991-04-01,9,EARA,37.8
199105,1991-05-01,9,EARA,37.6
199106,1991-06-01,9,EARA,38.0
199107,1991-07-01,9,EARA,38.8
199108,1991-08-01,9,EARA,37.6
199109,1991-09-01,9,EARA,37.1
199110,1991-10-01,9,EARA,37.4
199111,1991-11-01,9,EARA,38.2
199112,1991-12-01,9,EARA,36.1
199201,1992-01-01,9,EARA,35.8
199202,1992-02-01,9,EARA,37.0
199203,1992-03-01,9,EARA,36.6
199204,1992-04-01,9,EARA,36.5
199205,1992-05-01,9,EARA,38.4
199206,1992-06-01,9,EARA,36.8
199207,1992-07-01,9,EARA,36.6
199208,1992-08-01,9,EARA,38.6
199209,1992-09-01,9,EARA,37.9
199210,1992-10-01,9,EARA,38.7
199211,1992-11-01,9,EARA,38.3
199212,1992-12-01,9,EARA,38.8
199301,1993-01-01,9,EARA,38.1
199302,1993-02-01,9,EARA,38.6
199303,1993-03-01,9,EARA,37.8
199304,1993-04-01,9,EARA,38.4
199305,1993-05-01,9,EARA,38.1
199306,1993-06-01,9,EARA,39.1
199307,1993-07-01,9,EARA,38.3
199308,1993-08-01,9,EARA,39.6
199309,1993-09-01,9,EARA,39.5
199310,1993-10-01,9,EARA,40.4
199311,1993-11-01,9,EARA,40.0
199312,1993-12-01,9,EARA,41.2
199401,1994-01-01,9,EARA,41.2
199402,1994-02-01,9,EARA,39.8
199403,1994-03-01,9,EARA,40.9
199404,1994-04-01,9,EARA,40.4
199405,1994-05-01,9,EARA,40.8
199406,1994-06-01,9,EARA,40.8
199407,1994-07-01,9,EARA,40.9
199408,1994-08-01,9,EARA,41.3
199409,1994-09-01,9,EARA,42.2
199410,1994-10-01,9,EARA,41.6
199411,1994-11-01,9,EARA,40.8
199412,1994-12-01,9,EARA,42.3
199501,1995-01-01,9,EARA,41.8
199502,1995-02-01,9,EARA,41.8
199503,1995-03-01,9,EARA,41.5
199504,1995-04-01,9,EARA,42.4
199505,1995-05-01,9,EARA,42.4
199506,1995-06-01,9,EARA,41.6
199507,1995-07-01,9,EARA,42.3
199508,1995-08-01,9,EARA,40.9
199509,1995-09-01,9,EARA,42.6
199510,1995-10-01,9,EARA,41.1
199511,1995-11-01,9,EARA,42.3
199512,1995-12-01,9,EARA,43.5
199601,1996-01-01,9,EARA,41.9
199602,1996-02-01,9,EARA,42.8
199603,1996-03-01,9,EARA,42.9
199604,1996-04-01,9,EARA,43.9
199605,1996-05-01,9,EARA,42.6
199606,1996-06-01,9,EARA,45.1
199607,1996-07-01,9,EARA,43.0
199608,1996-08-01,9,EARA,44.2
199609,1996-09-01,9,EARA,44.9
199610,1996-10-01,9,EARA,44.4
199611,1996-11-01,9,EARA,47.2
199612,1996-12-01,9,EARA,42.9
199701,1997-01-01,9,EARA,44.3
199702,1997-02-01,9,EARA,45.4
199703,1997-03-01,9,EARA,46.4
199704,1997-04-01,9,EARA,47.1
199705,1997-05-01,9,EARA,45.8
199706,1997-06-01,9,EARA,47.4
199707,1997-07-01,9,EARA,47.0
199708,1997-08-01,9,EARA,46.1
199709,1997-09-01,9,EARA,46.4
199710,1997-10-01,9,EARA,48.1
199711,1997-11-01,9,EARA,47.9
199712,1997-12-01,9,EARA,47.9
199801,1998-01-01,9,EARA,46.9
199802,1998-02-01,9,EARA,47.1
199803,1998-03-01,9,EARA,46.4
199804,1998-04-01,9,EARA,46.3
199805,1998-05-01,9,EARA,48.0
199806,1998-06-01,9,EARA,45.5
199807,1998-07-01,9,EARA,47.2
199808,1998-08-01,9,EARA,48.0
199809,1998-09-01,9,EARA,46.6
199810,1998-10-01,9,EARA,46.5
199811,1998-11-01,9,EARA,47.7
199812,1998-12-01,9,EARA,47.2
199901,1999-01-01,9,EARA,47.2
199902,1999-02-01,9,EARA,46.9
199903,1999-03-01,9,EARA,47.5
199904,1999-04-01,9,EARA,47.3
199905,1999-05-01,9,EARA,47.7
199906,1999-06-01,9,EARA,48.0
199907,1999-07-01,9,EARA,48.4
199908,1999-08-01,9,EARA,48.4
199909,1999-09-01,9,EARA,47.2
199910,1999-10-01,9,EARA,48.1
199911,1999-11-01,9,EARA,48.4
199912,1999-12-01,9,EARA,49.8
200001,2000-01-01,9,EARA,49.7
200002,2000-02-01,9,EARA,48.1
200003,2000-03-01,9,EARA,48.9
200004,2000-04-01,9,EARA,49.2
200005,2000-05-01,9,EARA,50.5
200006,2000-06-01,9,EARA,49.9
200007,2000-07-01,9,EARA,50.1
200008,2000-08-01,9,EARA,50.6
200009,2000-09-01,9,EARA,51.1
200010,2000-10-01,9,EARA,52.8
200011,2000-11-01,9,EARA,50.6
200012,2000-12-01,9,EARA,50.5
200101,2001-01-01,9,EARA,55.5
200102,2001-02-01,9,EARA,53.1
200103,2001-03-01,9,EARA,52.3
200104,2001-04-01,9,EARA,52.3
200105,2001-05-01,9,EARA,54.2
200106,2001-06-01,9,EARA,53.9
200107,2001-07-01,9,EARA,53.4
200108,2001-08-01,9,EARA,53.7
200109,2001-09-01,9,EARA,56.3
200110,2001-10-01,9,EARA,53.3
200111,2001-11-01,9,EARA,55.8
200112,2001-12-01,9,EARA,55.7
200201,2002-01-01,9,EARA,56.5
200202,2002-02-01,9,EARA,57.2
200203,2002-03-01,9,EARA,57.0
200204,2002-04-01,9,EARA,59.6
200205,2002-05-01,9,EARA,55.5
200206,2002-06-01,9,EARA,56.3
200207,2002-07-01,9,EARA,57.7
200208,2002-08-01,9,EARA,58.4
200209,2002-09-01,9,EARA,56.5
200210,2002-10-01,9,EARA,58.1
200211,2002-11-01,9,EARA,58.3
200212,2002-12-01,9,EARA,57.7
200301,2003-01-01,9,EARA,58.3
200302,2003-02-01,9,EARA,59.0
200303,2003-03-01,9,EARA,59.5
200304,2003-04-01,9,EARA,59.4
200305,2003-05-01,9,EARA,57.1
200306,2003-06-01,9,EARA,59.4
200307,2003-07-01,9,EARA,60.1
200308,2003-08-01,9,EARA,58.5
200309,2003-09-01,9,EARA,60.6
200310,2003-10-01,9,EARA,60.2
200311,2003-11-01,9,EARA,59.5
200312,2003-12-01,9,EARA,60.1
200401,2004-01-01,9,EARA,62.6
200402,2004-02-01,9,EARA,61.0
200403,2004-03-01,9,EARA,61.8
200404,2004-04-01,9,EARA,62.5
200405,2004-05-01,9,EARA,62.7
200406,2004-06-01,9,EARA,62.1
200407,2004-07-01,9,EARA,61.1
200408,2004-08-01,9,EARA,62.7
200409,2004-09-01,9,EARA,62.6
200410,2004-10-01,9,EARA,63.3
200411,2004-11-01,9,EARA,62.8
200412,2004-12-01,9,EARA,63.4
200501,2005-01-01,9,EARA,62.5
200502,2005-02-01,9,EARA,63.3
200503,2005-03-01,9,EARA,62.2
200504,2005-04-01,9,EARA,62.8
200505,2005-05-01,9,EARA,62.4
200506,2005-06-01,9,EARA,63.8
200507,2005-07-01,9,EARA,62.5
200508,2005-08-01,9,EARA,62.3
200509,2005-09-01,9,EARA,62.5
200510,2005-10-01,9,EARA,61.9
200511,2005-11-01,9,EARA,64.9
200512,2005-12-01,9,EARA,63.2
200601,2006-01-01,9,EARA,63.6
200602,2006-02-01,9,EARA,63.9
200603,2006-03-01,9,EARA,64.2
200604,2006-04-01,9,EARA,64.5
200605,2006-05-01,9,EARA,66.5
200606,2006-06-01,9,EARA,65.7
200607,2006-07-01,9,EARA,66.5
200608,2006-08-01,9,EARA,66.2
200609,2006-09-01,9,EARA,64.8
200610,2006-10-01,9,EARA,67.3
200611,2006-11-01,9,EARA,68.1
200612,2006-12-01,9,EARA,67.7
200701,2007-01-01,9,EARA,64.3
200702,2007-02-01,9,EARA,67.7
200703,2007-03-01,9,EARA,68.2
200704,2007-04-01,9,EARA,71.1
200705,2007-05-01,9,EARA,67.7
200706,2007-06-01,9,EARA,67.5
200707,2007-07-01,9,EARA,66.8
200708,2007-08-01,9,EARA,67.9
200709,2007-09-01,9,EARA,69.1
200710,2007-10-01,9,EARA,66.8
200711,2007-11-01,9,EARA,66.7
200712,2007-12-01,9,EARA,66.7
200801,2008-01-01,9,EARA,65.9
200802,2008-02-01,9,EARA,69.5
200803,2008-03-01,9,EARA,66.3
200804,2008-04-01,9,EARA,65.4
200805,2008-05-01,9,EARA,73.1
200806,2008-06-01,9,EARA,66.2
200807,2008-07-01,9,EARA,67.1
200808,2008-08-01,9,EARA,69.6
200809,2008-09-01,9,EARA,68.0
200810,2008-10-01,9,EARA,66.8
200811,2008-11-01,9,EARA,67.5
200812,2008-12-01,9,EARA,67.0
200901,2009-01-01,9,EARA,68.4
200902,2009-02-01,9,EARA,67.3
200903,2009-03-01,9,EARA,68.1
200904,2009-04-01,9,EARA,68.9
200905,2009-05-01,9,EARA,67.4
200906,2009-06-01,9,EARA,68.8
200907,2009-07-01,9,EARA,68.5
200908,2009-08-01,9,EARA,67.7
200909,2009-09-01,9,EARA,67.9
200910,2009-10-01,9,EARA,68.8
200911,2009-11-01,9,EARA,67.8
200912,2009-12-01,9,EARA,69.1
201001,2010-01-01,9,EARA,69.9
201002,2010-02-01,9,EARA,71.5
201003,2010-03-01,9,EARA,71.2
201004,2010-04-01,9,EARA,73.9
201005,2010-05-01,9,EARA,71.5
201006,2010-06-01,9,EARA,71.0
201007,2010-07-01,9,EARA,71.6
201008,2010-08-01,9,EARA,71.8
201009,2010-09-01,9,EARA,72.4
201010,2010-10-01,9,EARA,73.0
201011,2010-11-01,9,EARA,73.1
201012,2010-12-01,9,EARA,72.5
201101,2011-01-01,9,EARA,73.6
201102,2011-02-01,9,EARA,73.9
201103,2011-03-01,9,EARA,73.1
201104,2011-04-01,9,EARA,78.1
201105,2011-05-01,9,EARA,74.3
201106,2011-06-01,9,EARA,74.0
201107,2011-07-01,9,EARA,74.7
201108,2011-08-01,9,EARA,73.5
201109,2011-09-01,9,EARA,73.4
201110,2011-10-01,9,EARA,74.7
201111,2011-11-01,9,EARA,75.0
201112,2011-12-01,9,EARA,76.5
201201,2012-01-01,9,EARA,75.9
201202,2012-02-01,9,EARA,75.3
201203,2012-03-01,9,EARA,77.8
201204,2012-04-01,9,EARA,74.4
201205,2012-05-01,9,EARA,74.7
201206,2012-06-01,9,EARA,74.8
201207,2012-07-01,9,EARA,75.3
201208,2012-08-01,9,EARA,75.7
201209,2012-09-01,9,EARA,76.8
201210,2012-10-01,9,EARA,77.2
201211,2012-11-01,9,EARA,74.2
201212,2012-12-01,9,EARA,75.5
201301,2013-01-01,9,EARA,76.9
201302,2013-02-01,9,EARA,78.3
201303,2013-03-01,9,EARA,75.8
201304,2013-04-01,9,EARA,75.1
201305,2013-05-01,9,EARA,77.0
201306,2013-06-01,9,EARA,77.4
201307,2013-07-01,9,EARA,77.0
201308,2013-08-01,9,EARA,77.1
201309,2013-09-01,9,EARA,79.6
201310,2013-10-01,9,EARA,78.0
201311,2013-11-01,9,EARA,78.3
201312,2013-12-01,9,EARA,78.8
201401,2014-01-01,9,EARA,78.6
201402,2014-02-01,9,EARA,77.5
201403,2014-03-01,9,EARA,81.2
201404,2014-04-01,9,EARA,80.5
201405,2014-05-01,9,EARA,80.9
201406,2014-06-01,9,EARA,80.9
201407,2014-07-01,9,EARA,80.6
201408,2014-08-01,9,EARA,83.0
201409,2014-09-01,9,EARA,78.0
201410,2014-10-01,9,EARA,80.3
201411,2014-11-01,9,EARA,81.4
201412,2014-12-01,9,EARA,84.2
201501,2015-01-01,9,EARA,81.4
201502,2015-02-01,9,EARA,83.2
201503,2015-03-01,9,EARA,82.6
201504,2015-04-01,9,EARA,85.1
201505,2015-05-01,9,EARA,82.9
201506,2015-06-01,9,EARA,84.6
201507,2015-07-01,9,EARA,82.0
201508,2015-08-01,9,EARA,83.8
201509,2015-09-01,9,EARA,82.3
201510,2015-10-01,9,EARA,81.8
201511,2015-11-01,9,EARA,82.2
201512,2015-12-01,9,EARA,82.4
201601,2016-01-01,9,EARA,81.3
201602,2016-02-01,9,EARA,80.2
201603,2016-03-01,9,EARA,78.6
201604,2016-04-01,9,EARA,79.0
201605,2016-05-01,9,EARA,80.2
201606,2016-06-01,9,EARA,79.3
201607,2016-07-01,9,EARA,83.8
201608,2016-08-01,9,EARA,81.2
201609,2016-09-01,9,EARA,79.8
201610,2016-10-01,9,EARA,85.5
201611,2016-11-01,9,EARA,82.7
201612,2016-12-01,9,EARA,82.0
201701,2017-01-01,9,EARA,83.4
201702,2017-02-01,9,EARA,84.4
201703,2017-03-01,9,EARA,86.2
201704,2017-04-01,9,EARA,85.4
201705,2017-05-01,9,EARA,85.4
201706,2017-06-01,9,EARA,86.7
201707,2017-07-01,9,EARA,87.1
201708,2017-08-01,9,EARA,87.5
201709,2017-09-01,9,EARA,87.9
201710,2017-10-01,9,EARA,86.6
201711,2017-11-01,9,EARA,87.0
201712,2017-12-01,9,EARA,86.3
201801,2018-01-01,9,EARA,86.0
201802,2018-02-01,9,EARA,86.0
201803,2018-03-01,9,EARA,84.3
201804,2018-04-01,9,EARA,85.2
201805,2018-05-01,9,EARA,87.7
201806,2018-06-01,9,EARA,87.3
201807,2018-07-01,9,EARA,88.8
201808,2018-08-01,9,EARA,86.9
201809,2018-09-01,9,EARA,87.3
201810,2018-10-01,9,EARA,86.8
201811,2018-11-01,9,EARA,87.9
201812,2018-12-01,9,EARA,89.0
201901,2019-01-01,9,EARA,89.0
201902,2019-02-01,9,EARA,88.5
201903,2019-03-01,9,EARA,89.6
201904,2019-04-01,9,EARA,90.9
201905,2019-05-01,9,EARA,86.8
201906,2019-06-01,9,EARA,90.1
201907,2019-07-01,9,EARA,90.5
201908,2019-08-01,9,EARA,89.4
201909,2019-09-01,9,EARA,89.2
201910,2019-10-01,9,EARA,88.2
201911,2019-11-01,9,EARA,86.2
201912,2019-12-01,9,EARA,87.6
202001,2020-01-01,9,EARA,90.1
202002,2020-02-01,9,EARA,87.9
202003,2020-03-01,9,EARA,55.7
202004,2020-04-01,9,EARA,27.0
202005,2020-05-01,9,EARA,32.4
202006,2020-06-01,9,EARA,57.3
202007,2020-07-01,9,EARA,68.5
202008,2020-08-01,9,EARA,75.3
202009,2020-09-01,9,EARA,76.6
202010,2020-10-01,9,EARA,76.2
202011,2020-11-01,9,EARA,58.3
202012,2020-12-01,9,EARA,76.8
202101,2021-01-01,9,EARA,47.5
202102,2021-02-01,9,EARA,44.0
202103,2021-03-01,9,EARA,50.5
202104,2021-04-01,9,EARA,84.3
202105,2021-05-01,9,EARA,82.3
202106,2021-06-01,9,EARA,83.9
202107,2021-07-01,9,EARA,82.5
202108,2021-08-01,9,EARA,85.4
202109,2021-09-01,9,EARA,86.8
202110,2021-10-01,9,EARA,89.8
202111,2021-11-01,9,EARA,90.8
202112,2021-12-01,9,EARA,89.3
202201,2022-01-01,9,EARA,83.5
202202,2022-02-01,9,EARA,90.2
202203,2022-03-01,9,EARA,90.8
202204,2022-04-01,9,EARA,92.0
202205,2022-05-01,9,EARA,94.2
202206,2022-06-01,9,EARA,94.0
202207,2022-07-01,9,EARA,95.1
202208,2022-08-01,9,EARA,90.6
202209,2022-09-01,9,EARA,92.7
202210,2022-10-01,9,EARA,95.8
202211,2022-11-01,9,EARA,97.3
202212,2022-12-01,9,EARA,99.8
202301,2023-01-01,9,EARA,99.7
202302,2023-02-01,9,EARA,101.4
202303,2023-03-01,9,EARA,99.1
202304,2023-04-01,9,EARA,102.0
202305,2023-05-01,9,EARA,100.8
202306,2023-06-01,9,EARA,103.1
202307,2023-07-01,9,EARA,100.1
202308,2023-08-01,9,EARA,99.2
202309,2023-09-01,9,EARA,96.5
202310,2023-10-01,9,EARA,99.6
202311,2023-11-01,9,EARA,101.2
202312,2023-12-01,9,EARA,98.1
202401,2024-01-01,9,EARA,98.5
202402,2024-02-01,9,EARA,98.7
202403,2024-03-01,9,EARA,97.8
202404,2024-04-01,9,EARA,94.9
202405,2024-05-01,9,EARA,100.3
202406,2024-06-01,9,EARA,98.0
202407,2024-07-01,9,EARA,98.1
202408,2024-08-01,9,EARA,99.7
202409,2024-09-01,9,EARA,99.2
202410,2024-10-01,9,EARA,97.4
202411,2024-11-01,9,EARA,93.9
202412,2024-12-01,9,EARA,97.8
202501,2025-01-01,9,EARA,96.1
202502,2025-02-01,9,EARA,99.5
202503,2025-03-01,9,EARA,101.1
202504,2025-04-01,9,EARA,99.7
202505,2025-05-01,9,EARA,95.4
202506,2025-06-01,9,EARA,97.9
202507,2025-07-01,9,EARA,101.3
202508,2025-08-01,9,EARA,101.6
202509,2025-09-01,9,EARA,105.6
202510,2025-10-01,9,EARA,102.8
202511,2025-11-01,9,EARA,104.3
202512,2025-12-01,9,EARA,102.6
202601,2026-01-01,9,EARA,103.9
202602,2026-02-01,9,EARA,102.5
202603,2026-03-01,9,EARA,104.1
202604,2026-04-01,9,EARA,102.4
202605,2026-05-01,9,EARA,102.9
202606,2026-06-01,9,EARA,104.5
198801,1988-01-01,10,JO2I,88.5
198802,1988-02-01,10,JO2I,86.1
198803,1988-03-01,10,JO2I,85.4
198804,1988-04-01,10,JO2I,83.3
198805,1988-05-01,10,JO2I,85.2
198806,1988-06-01,10,JO2I,89.4
198807,1988-07-01,10,JO2I,95.9
198808,1988-08-01,10,JO2I,93.2
198809,1988-09-01,10,JO2I,92.1
198810,1988-10-01,10,JO2I,96.2
198811,1988-11-01,10,JO2I,97.8
198812,1988-12-01,10,JO2I,97.7
198901,1989-01-01,10,JO2I,107.2
198902,1989-02-01,10,JO2I,102.5
198903,1989-03-01,10,JO2I,102.5
198904,1989-04-01,10,JO2I,102.2
198905,1989-05-01,10,JO2I,105.2
198906,1989-06-01,10,JO2I,97.2
198907,1989-07-01,10,JO2I,97.2
198908,1989-08-01,10,JO2I,102.2
198909,1989-09-01,10,JO2I,100.4
198910,1989-10-01,10,JO2I,107.4
198911,1989-11-01,10,JO2I,104.3
198912,1989-12-01,10,JO2I,109.8
199001,1990-01-01,10,JO2I,124.1
199002,1990-02-01,10,JO2I,125.3
199003,1990-03-01,10,JO2I,110.6
199004,1990-04-01,10,JO2I,117.7
199005,1990-05-01,10,JO2I,117.9
199006,1990-06-01,10,JO2I,109.9
199007,1990-07-01,10,JO2I,110.2
199008,1990-08-01,10,JO2I,110.4
199009,1990-09-01,10,JO2I,110.5
199010,1990-10-01,10,JO2I,110.3
199011,1990-11-01,10,JO2I,107.6
199012,1990-12-01,10,JO2I,121.9
199101,1991-01-01,10,JO2I,107.7
199102,1991-02-01,10,JO2I,107.0
199103,1991-03-01,10,JO2I,121.4
199104,1991-04-01,10,JO2I,114.0
199105,1991-05-01,10,JO2I,113.9
199106,1991-06-01,10,JO2I,120.0
199107,1991-07-01,10,JO2I,120.2
199108,1991-08-01,10,JO2I,111.1
199109,1991-09-01,10,JO2I,114.0
199110,1991-10-01,10,JO2I,112.5
199111,1991-11-01,10,JO2I,114.8
199112,1991-12-01,10,JO2I,111.0
199201,1992-01-01,10,JO2I,109.1
199202,1992-02-01,10,JO2I,106.1
199203,1992-03-01,10,JO2I,114.3
199204,1992-04-01,10,JO2I,105.0
199205,1992-05-01,10,JO2I,104.9
199206,1992-06-01,10,JO2I,111.9
199207,1992-07-01,10,JO2I,110.8
199208,1992-08-01,10,JO2I,116.2
199209,1992-09-01,10,JO2I,118.5
199210,1992-10-01,10,JO2I,111.4
199211,1992-11-01,10,JO2I,111.6
199212,1992-12-01,10,JO2I,150.3
199301,1993-01-01,10,JO2I,130.0
199302,1993-02-01,10,JO2I,141.5
199303,1993-03-01,10,JO2I,137.9
199304,1993-04-01,10,JO2I,142.2
199305,1993-05-01,10,JO2I,141.7
199306,1993-06-01,10,JO2I,136.7
199307,1993-07-01,10,JO2I,137.2
199308,1993-08-01,10,JO2I,142.8
199309,1993-09-01,10,JO2I,141.4
199310,1993-10-01,10,JO2I,143.9
199311,1993-11-01,10,JO2I,138.6
199312,1993-12-01,10,JO2I,132.3
199401,1994-01-01,10,JO2I,137.6
199402,1994-02-01,10,JO2I,132.3
199403,1994-03-01,10,JO2I,131.1
199404,1994-04-01,10,JO2I,128.1
199405,1994-05-01,10,JO2I,129.3
199406,1994-06-01,10,JO2I,125.4
199407,1994-07-01,10,JO2I,127.2
199408,1994-08-01,10,JO2I,130.7
199409,1994-09-01,10,JO2I,127.1
199410,1994-10-01,10,JO2I,126.2
199411,1994-11-01,10,JO2I,123.3
199412,1994-12-01,10,JO2I,116.3
199501,1995-01-01,10,JO2I,109.8
199502,1995-02-01,10,JO2I,112.1
199503,1995-03-01,10,JO2I,111.5
199504,1995-04-01,10,JO2I,110.0
199505,1995-05-01,10,JO2I,107.8
199506,1995-06-01,10,JO2I,106.3
199507,1995-07-01,10,JO2I,103.3
199508,1995-08-01,10,JO2I,101.0
199509,1995-09-01,10,JO2I,114.2
199510,1995-10-01,10,JO2I,106.3
199511,1995-11-01,10,JO2I,109.2
199512,1995-12-01,10,JO2I,109.8
199601,1996-01-01,10,JO2I,109.4
199602,1996-02-01,10,JO2I,110.6
199603,1996-03-01,10,JO2I,110.2
199604,1996-04-01,10,JO2I,109.7
199605,1996-05-01,10,JO2I,110.3
199606,1996-06-01,10,JO2I,111.0
199607,1996-07-01,10,JO2I,105.1
199608,1996-08-01,10,JO2I,106.6
199609,1996-09-01,10,JO2I,114.5
199610,1996-10-01,10,JO2I,105.6
199611,1996-11-01,10,JO2I,103.3
199612,1996-12-01,10,JO2I,92.5
199701,1997-01-01,10,JO2I,108.3
199702,1997-02-01,10,JO2I,108.4
199703,1997-03-01,10,JO2I,107.3
199704,1997-04-01,10,JO2I,109.3
199705,1997-05-01,10,JO2I,111.0
199706,1997-06-01,10,JO2I,118.0
199707,1997-07-01,10,JO2I,113.3
199708,1997-08-01,10,JO2I,107.8
199709,1997-09-01,10,JO2I,112.4
199710,1997-10-01,10,JO2I,114.7
199711,1997-11-01,10,JO2I,112.2
199712,1997-12-01,10,JO2I,135.8
199801,1998-01-01,10,JO2I,116.2
199802,1998-02-01,10,JO2I,114.0
199803,1998-03-01,10,JO2I,116.0
199804,1998-04-01,10,JO2I,120.7
199805,1998-05-01,10,JO2I,116.3
199806,1998-06-01,10,JO2I,110.7
199807,1998-07-01,10,JO2I,125.6
199808,1998-08-01,10,JO2I,116.3
199809,1998-09-01,10,JO2I,110.7
199810,1998-10-01,10,JO2I,107.6
199811,1998-11-01,10,JO2I,113.1
199812,1998-12-01,10,JO2I,117.0
199901,1999-01-01,10,JO2I,112.4
199902,1999-02-01,10,JO2I,117.1
199903,1999-03-01,10,JO2I,117.3
199904,1999-04-01,10,JO2I,115.6
199905,1999-05-01,10,JO2I,112.7
199906,1999-06-01,10,JO2I,116.3
199907,1999-07-01,10,JO2I,117.4
199908,1999-08-01,10,JO2I,121.9
199909,1999-09-01,10,JO2I,120.5
199910,1999-10-01,10,JO2I,119.3
199911,1999-11-01,10,JO2I,117.2
199912,1999-12-01,10,JO2I,113.7
200001,2000-01-01,10,JO2I,119.5
200002,2000-02-01,10,JO2I,115.7
200003,2000-03-01,10,JO2I,112.7
200004,2000-04-01,10,JO2I,108.8
200005,2000-05-01,10,JO2I,113.6
200006,2000-06-01,10,JO2I,112.3
200007,2000-07-01,10,JO2I,116.4
200008,2000-08-01,10,JO2I,106.0
200009,2000-09-01,10,JO2I,106.6
200010,2000-10-01,10,JO2I,121.5
200011,2000-11-01,10,JO2I,116.8
200012,2000-12-01,10,JO2I,90.8
200101,2001-01-01,10,JO2I,109.3
200102,2001-02-01,10,JO2I,112.6
200103,2001-03-01,10,JO2I,113.1
200104,2001-04-01,10,JO2I,115.5
200105,2001-05-01,10,JO2I,116.9
200106,2001-06-01,10,JO2I,119.4
200107,2001-07-01,10,JO2I,116.3
200108,2001-08-01,10,JO2I,120.4
200109,2001-09-01,10,JO2I,123.3
200110,2001-10-01,10,JO2I,126.8
200111,2001-11-01,10,JO2I,128.6
200112,2001-12-01,10,JO2I,128.4
200201,2002-01-01,10,JO2I,136.3
200202,2002-02-01,10,JO2I,126.5
200203,2002-03-01,10,JO2I,137.1
200204,2002-04-01,10,JO2I,140.4
200205,2002-05-01,10,JO2I,137.0
200206,2002-06-01,10,JO2I,145.6
200207,2002-07-01,10,JO2I,148.8
200208,2002-08-01,10,JO2I,151.3
200209,2002-09-01,10,JO2I,145.7
200210,2002-10-01,10,JO2I,136.2
200211,2002-11-01,10,JO2I,135.7
200212,2002-12-01,10,JO2I,120.8
200301,2003-01-01,10,JO2I,131.5
200302,2003-02-01,10,JO2I,142.4
200303,2003-03-01,10,JO2I,128.6
200304,2003-04-01,10,JO2I,124.1
200305,2003-05-01,10,JO2I,126.1
200306,2003-06-01,10,JO2I,116.7
200307,2003-07-01,10,JO2I,125.1
200308,2003-08-01,10,JO2I,122.8
200309,2003-09-01,10,JO2I,129.5
200310,2003-10-01,10,JO2I,131.9
200311,2003-11-01,10,JO2I,132.4
200312,2003-12-01,10,JO2I,147.5
200401,2004-01-01,10,JO2I,123.2
200402,2004-02-01,10,JO2I,132.1
200403,2004-03-01,10,JO2I,134.9
200404,2004-04-01,10,JO2I,134.2
200405,2004-05-01,10,JO2I,135.3
200406,2004-06-01,10,JO2I,136.7
200407,2004-07-01,10,JO2I,134.9
200408,2004-08-01,10,JO2I,140.2
200409,2004-09-01,10,JO2I,116.4
200410,2004-10-01,10,JO2I,136.6
200411,2004-11-01,10,JO2I,128.3
200412,2004-12-01,10,JO2I,122.2
200501,2005-01-01,10,JO2I,123.7
200502,2005-02-01,10,JO2I,114.7
200503,2005-03-01,10,JO2I,110.7
200504,2005-04-01,10,JO2I,119.2
200505,2005-05-01,10,JO2I,111.4
200506,2005-06-01,10,JO2I,116.0
200507,2005-07-01,10,JO2I,117.4
200508,2005-08-01,10,JO2I,118.7
200509,2005-09-01,10,JO2I,121.7
200510,2005-10-01,10,JO2I,114.8
200511,2005-11-01,10,JO2I,116.0
200512,2005-12-01,10,JO2I,122.0
200601,2006-01-01,10,JO2I,113.8
200602,2006-02-01,10,JO2I,113.4
200603,2006-03-01,10,JO2I,112.5
200604,2006-04-01,10,JO2I,107.1
200605,2006-05-01,10,JO2I,117.2
200606,2006-06-01,10,JO2I,106.5
200607,2006-07-01,10,JO2I,105.7
200608,2006-08-01,10,JO2I,105.9
200609,2006-09-01,10,JO2I,101.6
200610,2006-10-01,10,JO2I,104.2
200611,2006-11-01,10,JO2I,109.1
200612,2006-12-01,10,JO2I,112.5
200701,2007-01-01,10,JO2I,116.6
200702,2007-02-01,10,JO2I,142.9
200703,2007-03-01,10,JO2I,134.8
200704,2007-04-01,10,JO2I,130.6
200705,2007-05-01,10,JO2I,125.5
200706,2007-06-01,10,JO2I,126.6
200707,2007-07-01,10,JO2I,105.2
200708,2007-08-01,10,JO2I,103.0
200709,2007-09-01,10,JO2I,98.9
200710,2007-10-01,10,JO2I,112.0
200711,2007-11-01,10,JO2I,125.0
200712,2007-12-01,10,JO2I,131.3
200801,2008-01-01,10,JO2I,99.0
200802,2008-02-01,10,JO2I,91.4
200803,2008-03-01,10,JO2I,96.9
200804,2008-04-01,10,JO2I,104.1
200805,2008-05-01,10,JO2I,88.1
200806,2008-06-01,10,JO2I,94.6
200807,2008-07-01,10,JO2I,98.2
200808,2008-08-01,10,JO2I,95.3
200809,2008-09-01,10,JO2I,104.7
200810,2008-10-01,10,JO2I,92.2
200811,2008-11-01,10,JO2I,76.3
200812,2008-12-01,10,JO2I,87.1
200901,2009-01-01,10,JO2I,117.9
200902,2009-02-01,10,JO2I,111.0
200903,2009-03-01,10,JO2I,83.1
200904,2009-04-01,10,JO2I,90.9
200905,2009-05-01,10,JO2I,101.6
200906,2009-06-01,10,JO2I,92.4
200907,2009-07-01,10,JO2I,96.6
200908,2009-08-01,10,JO2I,92.7
200909,2009-09-01,10,JO2I,91.5
200910,2009-10-01,10,JO2I,93.6
200911,2009-11-01,10,JO2I,84.0
200912,2009-12-01,10,JO2I,87.2
201001,2010-01-01,10,JO2I,92.2
201002,2010-02-01,10,JO2I,92.5
201003,2010-03-01,10,JO2I,91.8
201004,2010-04-01,10,JO2I,96.6
201005,2010-05-01,10,JO2I,95.3
201006,2010-06-01,10,JO2I,95.3
201007,2010-07-01,10,JO2I,99.8
201008,2010-08-01,10,JO2I,102.2
201009,2010-09-01,10,JO2I,99.0
201010,2010-10-01,10,JO2I,99.0
201011,2010-11-01,10,JO2I,103.7
201012,2010-12-01,10,JO2I,96.3
201101,2011-01-01,10,JO2I,87.4
201102,2011-02-01,10,JO2I,83.9
201103,2011-03-01,10,JO2I,83.9
201104,2011-04-01,10,JO2I,78.2
201105,2011-05-01,10,JO2I,80.3
201106,2011-06-01,10,JO2I,81.5
201107,2011-07-01,10,JO2I,80.8
201108,2011-08-01,10,JO2I,76.6
201109,2011-09-01,10,JO2I,89.6
201110,2011-10-01,10,JO2I,77.5
201111,2011-11-01,10,JO2I,81.3
201112,2011-12-01,10,JO2I,84.4
201201,2012-01-01,10,JO2I,85.4
201202,2012-02-01,10,JO2I,85.6
201203,2012-03-01,10,JO2I,82.2
201204,2012-04-01,10,JO2I,81.5
201205,2012-05-01,10,JO2I,80.6
201206,2012-06-01,10,JO2I,84.4
201207,2012-07-01,10,JO2I,81.9
201208,2012-08-01,10,JO2I,89.4
201209,2012-09-01,10,JO2I,89.7
201210,2012-10-01,10,JO2I,90.9
201211,2012-11-01,10,JO2I,82.0
201212,2012-12-01,10,JO2I,84.1
201301,2013-01-01,10,JO2I,92.5
201302,2013-02-01,10,JO2I,91.2
201303,2013-03-01,10,JO2I,85.9
201304,2013-04-01,10,JO2I,89.8
201305,2013-05-01,10,JO2I,92.7
201306,2013-06-01,10,JO2I,95.3
201307,2013-07-01,10,JO2I,89.5
201308,2013-08-01,10,JO2I,92.8
201309,2013-09-01,10,JO2I,83.4
201310,2013-10-01,10,JO2I,84.0
201311,2013-11-01,10,JO2I,82.2
201312,2013-12-01,10,JO2I,77.9
201401,2014-01-01,10,JO2I,87.0
201402,2014-02-01,10,JO2I,94.5
201403,2014-03-01,10,JO2I,97.0
201404,2014-04-01,10,JO2I,98.1
201405,2014-05-01,10,JO2I,92.9
201406,2014-06-01,10,JO2I,91.6
201407,2014-07-01,10,JO2I,97.8
201408,2014-08-01,10,JO2I,93.7
201409,2014-09-01,10,JO2I,99.0
201410,2014-10-01,10,JO2I,94.3
201411,2014-11-01,10,JO2I,86.7
201412,2014-12-01,10,JO2I,100.5
201501,2015-01-01,10,JO2I,73.9
201502,2015-02-01,10,JO2I,80.8
201503,2015-03-01,10,JO2I,90.2
201504,2015-04-01,10,JO2I,92.4
201505,2015-05-01,10,JO2I,97.2
201506,2015-06-01,10,JO2I,96.6
201507,2015-07-01,10,JO2I,96.9
201508,2015-08-01,10,JO2I,91.1
201509,2015-09-01,10,JO2I,94.7
201510,2015-10-01,10,JO2I,95.1
201511,2015-11-01,10,JO2I,101.5
201512,2015-12-01,10,JO2I,104.3
201601,2016-01-01,10,JO2I,96.0
201602,2016-02-01,10,JO2I,93.1
201603,2016-03-01,10,JO2I,94.5
201604,2016-04-01,10,JO2I,94.8
201605,2016-05-01,10,JO2I,92.9
201606,2016-06-01,10,JO2I,109.2
201607,2016-07-01,10,JO2I,102.2
201608,2016-08-01,10,JO2I,106.7
201609,2016-09-01,10,JO2I,98.3
201610,2016-10-01,10,JO2I,102.5
201611,2016-11-01,10,JO2I,107.9
201612,2016-12-01,10,JO2I,98.6
201701,2017-01-01,10,JO2I,101.8
201702,2017-02-01,10,JO2I,104.5
201703,2017-03-01,10,JO2I,110.9
201704,2017-04-01,10,JO2I,105.5
201705,2017-05-01,10,JO2I,103.9
201706,2017-06-01,10,JO2I,94.9
201707,2017-07-01,10,JO2I,94.5
201708,2017-08-01,10,JO2I,86.5
201709,2017-09-01,10,JO2I,99.3
201710,2017-10-01,10,JO2I,99.6
201711,2017-11-01,10,JO2I,93.5
201712,2017-12-01,10,JO2I,100.0
201801,2018-01-01,10,JO2I,98.9
201802,2018-02-01,10,JO2I,98.6
201803,2018-03-01,10,JO2I,98.3
201804,2018-04-01,10,JO2I,102.3
201805,2018-05-01,10,JO2I,100.2
201806,2018-06-01,10,JO2I,102.0
201807,2018-07-01,10,JO2I,101.9
201808,2018-08-01,10,JO2I,106.3
201809,2018-09-01,10,JO2I,102.0
201810,2018-10-01,10,JO2I,100.7
201811,2018-11-01,10,JO2I,111.7
201812,2018-12-01,10,JO2I,98.4
201901,2019-01-01,10,JO2I,102.8
201902,2019-02-01,10,JO2I,105.9
201903,2019-03-01,10,JO2I,98.2
201904,2019-04-01,10,JO2I,95.0
201905,2019-05-01,10,JO2I,103.8
201906,2019-06-01,10,JO2I,104.1
201907,2019-07-01,10,JO2I,107.6
201908,2019-08-01,10,JO2I,103.7
201909,2019-09-01,10,JO2I,98.2
201910,2019-10-01,10,JO2I,93.7
201911,2019-11-01,10,JO2I,88.7
201912,2019-12-01,10,JO2I,96.4
202001,2020-01-01,10,JO2I,77.4
202002,2020-02-01,10,JO2I,86.3
202003,2020-03-01,10,JO2I,66.8
202004,2020-04-01,10,JO2I,57.3
202005,2020-05-01,10,JO2I,35.5
202006,2020-06-01,10,JO2I,101.4
202007,2020-07-01,10,JO2I,117.9
202008,2020-08-01,10,JO2I,105.0
202009,2020-09-01,10,JO2I,113.4
202010,2020-10-01,10,JO2I,116.7
202011,2020-11-01,10,JO2I,78.3
202012,2020-12-01,10,JO2I,118.7
202101,2021-01-01,10,JO2I,128.9
202102,2021-02-01,10,JO2I,77.9
202103,2021-03-01,10,JO2I,69.6
202104,2021-04-01,10,JO2I,96.0
202105,2021-05-01,10,JO2I,102.8
202106,2021-06-01,10,JO2I,116.3
202107,2021-07-01,10,JO2I,98.3
202108,2021-08-01,10,JO2I,101.6
202109,2021-09-01,10,JO2I,101.8
202110,2021-10-01,10,JO2I,107.5
202111,2021-11-01,10,JO2I,110.0
202112,2021-12-01,10,JO2I,117.8
202201,2022-01-01,10,JO2I,117.5
202202,2022-02-01,10,JO2I,116.4
202203,2022-03-01,10,JO2I,122.0
202204,2022-04-01,10,JO2I,113.4
202205,2022-05-01,10,JO2I,112.6
202206,2022-06-01,10,JO2I,120.0
202207,2022-07-01,10,JO2I,120.2
202208,2022-08-01,10,JO2I,123.2
202209,2022-09-01,10,JO2I,135.9
202210,2022-10-01,10,JO2I,136.7
202211,2022-11-01,10,JO2I,156.9
202212,2022-12-01,10,JO2I,146.5
202301,2023-01-01,10,JO2I,132.3
202302,2023-02-01,10,JO2I,123.4
202303,2023-03-01,10,JO2I,92.0
202304,2023-04-01,10,JO2I,110.2
202305,2023-05-01,10,JO2I,110.2
202306,2023-06-01,10,JO2I,89.9
202307,2023-07-01,10,JO2I,95.9
202308,2023-08-01,10,JO2I,105.6
202309,2023-09-01,10,JO2I,97.3
202310,2023-10-01,10,JO2I,95.3
202311,2023-11-01,10,JO2I,92.4
202312,2023-12-01,10,JO2I,68.3
202401,2024-01-01,10,JO2I,116.9
202402,2024-02-01,10,JO2I,120.5
202403,2024-03-01,10,JO2I,111.8
202404,2024-04-01,10,JO2I,116.2
202405,2024-05-01,10,JO2I,121.7
202406,2024-06-01,10,JO2I,122.4
202407,2024-07-01,10,JO2I,123.0
202408,2024-08-01,10,JO2I,113.7
202409,2024-09-01,10,JO2I,115.0
202410,2024-10-01,10,JO2I,100.1
202411,2024-11-01,10,JO2I,80.7
202412,2024-12-01,10,JO2I,79.8
202501,2025-01-01,10,JO2I,74.9
202502,2025-02-01,10,JO2I,77.0
202503,2025-03-01,10,JO2I,81.6
202504,2025-04-01,10,JO2I,80.7
202505,2025-05-01,10,JO2I,78.2
202506,2025-06-01,10,JO2I,75.9
202507,2025-07-01,10,JO2I,76.3
202508,2025-08-01,10,JO2I,86.9
202509,2025-09-01,10,JO2I,71.4
202510,2025-10-01,10,JO2I,65.4
202511,2025-11-01,10,JO2I,63.1
202512,2025-12-01,10,JO2I,47.1
202601,2026-01-01,10,JO2I,59.4
202602,2026-02-01,10,JO2I,73.8
202603,2026-03-01,10,JO2I,70.0
202604,2026-04-01,10,JO2I,70.5
202605,2026-05-01,10,JO2I,66.7
202606,2026-06-01,10,JO2I,71.6
198801,1988-01-01,11,JO2O,29.3
198802,1988-02-01,11,JO2O,28.8
198803,1988-03-01,11,JO2O,28.7
198804,1988-04-01,11,JO2O,28.9
198805,1988-05-01,11,JO2O,29.4
198806,1988-06-01,11,JO2O,30.1
198807,1988-07-01,11,JO2O,30.2
198808,1988-08-01,11,JO2O,30.4
198809,1988-09-01,11,JO2O,30.4
198810,1988-10-01,11,JO2O,31.1
198811,1988-11-01,11,JO2O,31.4
198812,1988-12-01,11,JO2O,31.2
198901,1989-01-01,11,JO2O,31.4
198902,1989-02-01,11,JO2O,31.3
198903,1989-03-01,11,JO2O,31.6
198904,1989-04-01,11,JO2O,31.6
198905,1989-05-01,11,JO2O,33.0
198906,1989-06-01,11,JO2O,31.4
198907,1989-07-01,11,JO2O,31.3
198908,1989-08-01,11,JO2O,31.7
198909,1989-09-01,11,JO2O,32.1
198910,1989-10-01,11,JO2O,31.8
198911,1989-11-01,11,JO2O,32.0
198912,1989-12-01,11,JO2O,32.3
199001,1990-01-01,11,JO2O,33.5
199002,1990-02-01,11,JO2O,34.4
199003,1990-03-01,11,JO2O,34.3
199004,1990-04-01,11,JO2O,33.7
199005,1990-05-01,11,JO2O,35.0
199006,1990-06-01,11,JO2O,33.8
199007,1990-07-01,11,JO2O,35.1
199008,1990-08-01,11,JO2O,33.8
199009,1990-09-01,11,JO2O,33.9
199010,1990-10-01,11,JO2O,32.5
199011,1990-11-01,11,JO2O,32.1
199012,1990-12-01,11,JO2O,32.9
199101,1991-01-01,11,JO2O,34.0
199102,1991-02-01,11,JO2O,33.3
199103,1991-03-01,11,JO2O,34.8
199104,1991-04-01,11,JO2O,34.8
199105,1991-05-01,11,JO2O,34.5
199106,1991-06-01,11,JO2O,34.9
199107,1991-07-01,11,JO2O,35.7
199108,1991-08-01,11,JO2O,34.6
199109,1991-09-01,11,JO2O,34.2
199110,1991-10-01,11,JO2O,34.4
199111,1991-11-01,11,JO2O,35.3
199112,1991-12-01,11,JO2O,33.0
199201,1992-01-01,11,JO2O,33.6
199202,1992-02-01,11,JO2O,34.6
199203,1992-03-01,11,JO2O,34.1
199204,1992-04-01,11,JO2O,34.1
199205,1992-05-01,11,JO2O,35.9
199206,1992-06-01,11,JO2O,34.5
199207,1992-07-01,11,JO2O,34.2
199208,1992-08-01,11,JO2O,35.8
199209,1992-09-01,11,JO2O,35.5
199210,1992-10-01,11,JO2O,36.4
199211,1992-11-01,11,JO2O,36.1
199212,1992-12-01,11,JO2O,36.0
199301,1993-01-01,11,JO2O,35.4
199302,1993-02-01,11,JO2O,35.7
199303,1993-03-01,11,JO2O,34.9
199304,1993-04-01,11,JO2O,35.4
199305,1993-05-01,11,JO2O,35.4
199306,1993-06-01,11,JO2O,36.2
199307,1993-07-01,11,JO2O,35.6
199308,1993-08-01,11,JO2O,36.7
199309,1993-09-01,11,JO2O,36.6
199310,1993-10-01,11,JO2O,37.6
199311,1993-11-01,11,JO2O,37.4
199312,1993-12-01,11,JO2O,38.9
199401,1994-01-01,11,JO2O,38.0
199402,1994-02-01,11,JO2O,36.9
199403,1994-03-01,11,JO2O,38.3
199404,1994-04-01,11,JO2O,37.7
199405,1994-05-01,11,JO2O,38.2
199406,1994-06-01,11,JO2O,38.2
199407,1994-07-01,11,JO2O,38.3
199408,1994-08-01,11,JO2O,38.5
199409,1994-09-01,11,JO2O,39.5
199410,1994-10-01,11,JO2O,38.9
199411,1994-11-01,11,JO2O,38.3
199412,1994-12-01,11,JO2O,39.7
199501,1995-01-01,11,JO2O,39.4
199502,1995-02-01,11,JO2O,39.4
199503,1995-03-01,11,JO2O,39.4
199504,1995-04-01,11,JO2O,40.1
199505,1995-05-01,11,JO2O,40.2
199506,1995-06-01,11,JO2O,39.5
199507,1995-07-01,11,JO2O,40.2
199508,1995-08-01,11,JO2O,39.0
199509,1995-09-01,11,JO2O,40.4
199510,1995-10-01,11,JO2O,39.1
199511,1995-11-01,11,JO2O,40.2
199512,1995-12-01,11,JO2O,41.6
199601,1996-01-01,11,JO2O,40.0
199602,1996-02-01,11,JO2O,41.0
199603,1996-03-01,11,JO2O,41.0
199604,1996-04-01,11,JO2O,42.1
199605,1996-05-01,11,JO2O,40.9
199606,1996-06-01,11,JO2O,43.3
199607,1996-07-01,11,JO2O,41.1
199608,1996-08-01,11,JO2O,42.6
199609,1996-09-01,11,JO2O,43.3
199610,1996-10-01,11,JO2O,42.8
199611,1996-11-01,11,JO2O,45.9
199612,1996-12-01,11,JO2O,41.4
199701,1997-01-01,11,JO2O,42.6
199702,1997-02-01,11,JO2O,43.7
199703,1997-03-01,11,JO2O,44.6
199704,1997-04-01,11,JO2O,44.8
199705,1997-05-01,11,JO2O,43.8
199706,1997-06-01,11,JO2O,45.5
199707,1997-07-01,11,JO2O,45.2
199708,1997-08-01,11,JO2O,44.6
199709,1997-09-01,11,JO2O,44.7
199710,1997-10-01,11,JO2O,46.4
199711,1997-11-01,11,JO2O,46.4
199712,1997-12-01,11,JO2O,45.7
199801,1998-01-01,11,JO2O,45.1
199802,1998-02-01,11,JO2O,45.3
199803,1998-03-01,11,JO2O,44.6
199804,1998-04-01,11,JO2O,44.7
199805,1998-05-01,11,JO2O,46.4
199806,1998-06-01,11,JO2O,44.5
199807,1998-07-01,11,JO2O,45.8
199808,1998-08-01,11,JO2O,46.5
199809,1998-09-01,11,JO2O,45.6
199810,1998-10-01,11,JO2O,45.5
199811,1998-11-01,11,JO2O,46.6
199812,1998-12-01,11,JO2O,46.2
199901,1999-01-01,11,JO2O,46.0
199902,1999-02-01,11,JO2O,45.6
199903,1999-03-01,11,JO2O,46.1
199904,1999-04-01,11,JO2O,46.0
199905,1999-05-01,11,JO2O,46.6
199906,1999-06-01,11,JO2O,46.6
199907,1999-07-01,11,JO2O,47.0
199908,1999-08-01,11,JO2O,46.9
199909,1999-09-01,11,JO2O,45.8
199910,1999-10-01,11,JO2O,46.8
199911,1999-11-01,11,JO2O,47.3
199912,1999-12-01,11,JO2O,48.9
200001,2000-01-01,11,JO2O,48.4
200002,2000-02-01,11,JO2O,46.9
200003,2000-03-01,11,JO2O,48.0
200004,2000-04-01,11,JO2O,48.3
200005,2000-05-01,11,JO2O,49.4
200006,2000-06-01,11,JO2O,49.0
200007,2000-07-01,11,JO2O,49.0
200008,2000-08-01,11,JO2O,49.5
200009,2000-09-01,11,JO2O,49.9
200010,2000-10-01,11,JO2O,51.7
200011,2000-11-01,11,JO2O,49.5
200012,2000-12-01,11,JO2O,49.9
200101,2001-01-01,11,JO2O,55.3
200102,2001-02-01,11,JO2O,52.5
200103,2001-03-01,11,JO2O,51.7
200104,2001-04-01,11,JO2O,51.5
200105,2001-05-01,11,JO2O,53.5
200106,2001-06-01,11,JO2O,53.6
200107,2001-07-01,11,JO2O,53.0
200108,2001-08-01,11,JO2O,53.3
200109,2001-09-01,11,JO2O,56.0
200110,2001-10-01,11,JO2O,52.9
200111,2001-11-01,11,JO2O,55.5
200112,2001-12-01,11,JO2O,55.3
200201,2002-01-01,11,JO2O,56.3
200202,2002-02-01,11,JO2O,57.0
200203,2002-03-01,11,JO2O,56.9
200204,2002-04-01,11,JO2O,59.8
200205,2002-05-01,11,JO2O,55.1
200206,2002-06-01,11,JO2O,55.5
200207,2002-07-01,11,JO2O,57.0
200208,2002-08-01,11,JO2O,57.7
200209,2002-09-01,11,JO2O,56.1
200210,2002-10-01,11,JO2O,57.9
200211,2002-11-01,11,JO2O,57.8
200212,2002-12-01,11,JO2O,57.6
200301,2003-01-01,11,JO2O,58.5
200302,2003-02-01,11,JO2O,58.5
200303,2003-03-01,11,JO2O,58.9
200304,2003-04-01,11,JO2O,58.6
200305,2003-05-01,11,JO2O,56.9
200306,2003-06-01,11,JO2O,58.9
200307,2003-07-01,11,JO2O,59.6
200308,2003-08-01,11,JO2O,58.1
200309,2003-09-01,11,JO2O,59.8
200310,2003-10-01,11,JO2O,59.5
200311,2003-11-01,11,JO2O,59.0
200312,2003-12-01,11,JO2O,59.3
200401,2004-01-01,11,JO2O,62.8
200402,2004-02-01,11,JO2O,60.7
200403,2004-03-01,11,JO2O,61.2
200404,2004-04-01,11,JO2O,62.1
200405,2004-05-01,11,JO2O,62.3
200406,2004-06-01,11,JO2O,61.5
200407,2004-07-01,11,JO2O,60.7
200408,2004-08-01,11,JO2O,62.2
200409,2004-09-01,11,JO2O,62.6
200410,2004-10-01,11,JO2O,62.6
200411,2004-11-01,11,JO2O,62.3
200412,2004-12-01,11,JO2O,63.2
200501,2005-01-01,11,JO2O,61.6
200502,2005-02-01,11,JO2O,62.2
200503,2005-03-01,11,JO2O,61.9
200504,2005-04-01,11,JO2O,62.9
200505,2005-05-01,11,JO2O,62.5
200506,2005-06-01,11,JO2O,64.0
200507,2005-07-01,11,JO2O,62.5
200508,2005-08-01,11,JO2O,62.2
200509,2005-09-01,11,JO2O,62.2
200510,2005-10-01,11,JO2O,61.8
200511,2005-11-01,11,JO2O,64.6
200512,2005-12-01,11,JO2O,63.0
200601,2006-01-01,11,JO2O,63.8
200602,2006-02-01,11,JO2O,64.2
200603,2006-03-01,11,JO2O,64.7
200604,2006-04-01,11,JO2O,65.0
200605,2006-05-01,11,JO2O,66.9
200606,2006-06-01,11,JO2O,66.4
200607,2006-07-01,11,JO2O,67.2
200608,2006-08-01,11,JO2O,67.2
200609,2006-09-01,11,JO2O,65.5
200610,2006-10-01,11,JO2O,68.0
200611,2006-11-01,11,JO2O,69.0
200612,2006-12-01,11,JO2O,68.1
200701,2007-01-01,11,JO2O,64.6
200702,2007-02-01,11,JO2O,68.1
200703,2007-03-01,11,JO2O,68.7
200704,2007-04-01,11,JO2O,71.1
200705,2007-05-01,11,JO2O,68.0
200706,2007-06-01,11,JO2O,67.8
200707,2007-07-01,11,JO2O,67.3
200708,2007-08-01,11,JO2O,68.2
200709,2007-09-01,11,JO2O,70.0
200710,2007-10-01,11,JO2O,67.4
200711,2007-11-01,11,JO2O,67.1
200712,2007-12-01,11,JO2O,66.9
200801,2008-01-01,11,JO2O,66.4
200802,2008-02-01,11,JO2O,70.4
200803,2008-03-01,11,JO2O,66.7
200804,2008-04-01,11,JO2O,66.2
200805,2008-05-01,11,JO2O,74.3
200806,2008-06-01,11,JO2O,66.6
200807,2008-07-01,11,JO2O,67.6
200808,2008-08-01,11,JO2O,70.2
200809,2008-09-01,11,JO2O,68.3
200810,2008-10-01,11,JO2O,67.7
200811,2008-11-01,11,JO2O,68.5
200812,2008-12-01,11,JO2O,67.8
200901,2009-01-01,11,JO2O,68.7
200902,2009-02-01,11,JO2O,67.3
200903,2009-03-01,11,JO2O,68.7
200904,2009-04-01,11,JO2O,69.0
200905,2009-05-01,11,JO2O,67.6
200906,2009-06-01,11,JO2O,69.4
200907,2009-07-01,11,JO2O,69.3
200908,2009-08-01,11,JO2O,68.4
200909,2009-09-01,11,JO2O,68.9
200910,2009-10-01,11,JO2O,69.6
200911,2009-11-01,11,JO2O,68.7
200912,2009-12-01,11,JO2O,70.3
201001,2010-01-01,11,JO2O,70.8
201002,2010-02-01,11,JO2O,72.4
201003,2010-03-01,11,JO2O,71.8
201004,2010-04-01,11,JO2O,74.9
201005,2010-05-01,11,JO2O,72.0
201006,2010-06-01,11,JO2O,71.4
201007,2010-07-01,11,JO2O,71.9
201008,2010-08-01,11,JO2O,72.1
201009,2010-09-01,11,JO2O,72.6
201010,2010-10-01,11,JO2O,73.4
201011,2010-11-01,11,JO2O,73.3
201012,2010-12-01,11,JO2O,73.1
201101,2011-01-01,11,JO2O,74.5
201102,2011-02-01,11,JO2O,75.0
201103,2011-03-01,11,JO2O,74.3
201104,2011-04-01,11,JO2O,79.6
201105,2011-05-01,11,JO2O,75.5
201106,2011-06-01,11,JO2O,74.9
201107,2011-07-01,11,JO2O,75.5
201108,2011-08-01,11,JO2O,74.9
201109,2011-09-01,11,JO2O,74.2
201110,2011-10-01,11,JO2O,75.8
201111,2011-11-01,11,JO2O,75.8
201112,2011-12-01,11,JO2O,77.4
201201,2012-01-01,11,JO2O,76.7
201202,2012-02-01,11,JO2O,76.3
201203,2012-03-01,11,JO2O,78.6
201204,2012-04-01,11,JO2O,75.4
201205,2012-05-01,11,JO2O,75.5
201206,2012-06-01,11,JO2O,75.7
201207,2012-07-01,11,JO2O,76.2
201208,2012-08-01,11,JO2O,76.6
201209,2012-09-01,11,JO2O,77.5
201210,2012-10-01,11,JO2O,77.8
201211,2012-11-01,11,JO2O,75.4
201212,2012-12-01,11,JO2O,76.5
201301,2013-01-01,11,JO2O,77.4
201302,2013-02-01,11,JO2O,78.8
201303,2013-03-01,11,JO2O,77.3
201304,2013-04-01,11,JO2O,76.4
201305,2013-05-01,11,JO2O,78.4
201306,2013-06-01,11,JO2O,79.2
201307,2013-07-01,11,JO2O,78.7
201308,2013-08-01,11,JO2O,78.4
201309,2013-09-01,11,JO2O,81.0
201310,2013-10-01,11,JO2O,79.4
201311,2013-11-01,11,JO2O,79.9
201312,2013-12-01,11,JO2O,80.0
201401,2014-01-01,11,JO2O,80.5
201402,2014-02-01,11,JO2O,78.6
201403,2014-03-01,11,JO2O,82.3
201404,2014-04-01,11,JO2O,82.3
201405,2014-05-01,11,JO2O,83.0
201406,2014-06-01,11,JO2O,82.6
201407,2014-07-01,11,JO2O,82.4
201408,2014-08-01,11,JO2O,85.1
201409,2014-09-01,11,JO2O,79.5
201410,2014-10-01,11,JO2O,81.8
201411,2014-11-01,11,JO2O,83.3
201412,2014-12-01,11,JO2O,86.0
201501,2015-01-01,11,JO2O,83.4
201502,2015-02-01,11,JO2O,85.1
201503,2015-03-01,11,JO2O,84.9
201504,2015-04-01,11,JO2O,86.9
201505,2015-05-01,11,JO2O,84.5
201506,2015-06-01,11,JO2O,86.1
201507,2015-07-01,11,JO2O,83.6
201508,2015-08-01,11,JO2O,85.2
201509,2015-09-01,11,JO2O,83.7
201510,2015-10-01,11,JO2O,83.3
201511,2015-11-01,11,JO2O,83.5
201512,2015-12-01,11,JO2O,83.8
201601,2016-01-01,11,JO2O,82.5
201602,2016-02-01,11,JO2O,81.6
201603,2016-03-01,11,JO2O,78.7
201604,2016-04-01,11,JO2O,79.9
201605,2016-05-01,11,JO2O,80.9
201606,2016-06-01,11,JO2O,80.1
201607,2016-07-01,11,JO2O,84.3
201608,2016-08-01,11,JO2O,81.9
201609,2016-09-01,11,JO2O,80.7
201610,2016-10-01,11,JO2O,86.8
201611,2016-11-01,11,JO2O,83.5
201612,2016-12-01,11,JO2O,82.9
201701,2017-01-01,11,JO2O,84.5
201702,2017-02-01,11,JO2O,85.8
201703,2017-03-01,11,JO2O,87.1
201704,2017-04-01,11,JO2O,86.1
201705,2017-05-01,11,JO2O,86.5
201706,2017-06-01,11,JO2O,87.6
201707,2017-07-01,11,JO2O,88.4
201708,2017-08-01,11,JO2O,89.3
201709,2017-09-01,11,JO2O,88.7
201710,2017-10-01,11,JO2O,88.0
201711,2017-11-01,11,JO2O,88.6
201712,2017-12-01,11,JO2O,87.4
201801,2018-01-01,11,JO2O,87.2
201802,2018-02-01,11,JO2O,87.4
201803,2018-03-01,11,JO2O,85.8
201804,2018-04-01,11,JO2O,87.0
201805,2018-05-01,11,JO2O,89.5
201806,2018-06-01,11,JO2O,89.1
201807,2018-07-01,11,JO2O,90.4
201808,2018-08-01,11,JO2O,88.7
201809,2018-09-01,11,JO2O,89.5
201810,2018-10-01,11,JO2O,89.0
201811,2018-11-01,11,JO2O,90.0
201812,2018-12-01,11,JO2O,91.1
201901,2019-01-01,11,JO2O,90.0
201902,2019-02-01,11,JO2O,89.7
201903,2019-03-01,11,JO2O,91.9
201904,2019-04-01,11,JO2O,92.8
201905,2019-05-01,11,JO2O,88.2
201906,2019-06-01,11,JO2O,91.7
201907,2019-07-01,11,JO2O,91.8
201908,2019-08-01,11,JO2O,90.4
201909,2019-09-01,11,JO2O,90.6
201910,2019-10-01,11,JO2O,89.7
201911,2019-11-01,11,JO2O,87.3
201912,2019-12-01,11,JO2O,88.7
202001,2020-01-01,11,JO2O,91.0
202002,2020-02-01,11,JO2O,89.7
202003,2020-03-01,11,JO2O,56.9
202004,2020-04-01,11,JO2O,26.8
202005,2020-05-01,11,JO2O,33.3
202006,2020-06-01,11,JO2O,58.7
202007,2020-07-01,11,JO2O,70.1
202008,2020-08-01,11,JO2O,75.9
202009,2020-09-01,11,JO2O,76.9
202010,2020-10-01,11,JO2O,77.1
202011,2020-11-01,11,JO2O,59.4
202012,2020-12-01,11,JO2O,78.1
202101,2021-01-01,11,JO2O,47.2
202102,2021-02-01,11,JO2O,44.1
202103,2021-03-01,11,JO2O,51.4
202104,2021-04-01,11,JO2O,86.4
202105,2021-05-01,11,JO2O,83.7
202106,2021-06-01,11,JO2O,85.4
202107,2021-07-01,11,JO2O,84.6
202108,2021-08-01,11,JO2O,87.2
202109,2021-09-01,11,JO2O,89.1
202110,2021-10-01,11,JO2O,91.5
202111,2021-11-01,11,JO2O,92.4
202112,2021-12-01,11,JO2O,90.8
202201,2022-01-01,11,JO2O,84.6
202202,2022-02-01,11,JO2O,91.2
202203,2022-03-01,11,JO2O,91.9
202204,2022-04-01,11,JO2O,92.7
202205,2022-05-01,11,JO2O,96.3
202206,2022-06-01,11,JO2O,95.4
202207,2022-07-01,11,JO2O,96.1
202208,2022-08-01,11,JO2O,90.9
202209,2022-09-01,11,JO2O,92.7
202210,2022-10-01,11,JO2O,96.0
202211,2022-11-01,11,JO2O,97.2
202212,2022-12-01,11,JO2O,99.8
202301,2023-01-01,11,JO2O,99.9
202302,2023-02-01,11,JO2O,101.4
202303,2023-03-01,11,JO2O,99.1
202304,2023-04-01,11,JO2O,102.3
202305,2023-05-01,11,JO2O,101.9
202306,2023-06-01,11,JO2O,102.8
202307,2023-07-01,11,JO2O,100.1
202308,2023-08-01,11,JO2O,98.8
202309,2023-09-01,11,JO2O,95.8
202310,2023-10-01,11,JO2O,99.4
202311,2023-11-01,11,JO2O,101.0
202312,2023-12-01,11,JO2O,98.5
202401,2024-01-01,11,JO2O,98.2
202402,2024-02-01,11,JO2O,98.8
202403,2024-03-01,11,JO2O,97.9
202404,2024-04-01,11,JO2O,93.8
202405,2024-05-01,11,JO2O,99.2
202406,2024-06-01,11,JO2O,96.7
202407,2024-07-01,11,JO2O,97.3
202408,2024-08-01,11,JO2O,99.0
202409,2024-09-01,11,JO2O,98.4
202410,2024-10-01,11,JO2O,97.1
202411,2024-11-01,11,JO2O,94.4
202412,2024-12-01,11,JO2O,98.0
202501,2025-01-01,11,JO2O,97.4
202502,2025-02-01,11,JO2O,99.1
202503,2025-03-01,11,JO2O,101.4
202504,2025-04-01,11,JO2O,99.8
202505,2025-05-01,11,JO2O,94.9
202506,2025-06-01,11,JO2O,98.3
202507,2025-07-01,11,JO2O,101.6
202508,2025-08-01,11,JO2O,102.3
202509,2025-09-01,11,JO2O,107.1
202510,2025-10-01,11,JO2O,103.8
202511,2025-11-01,11,JO2O,103.5
202512,2025-12-01,11,JO2O,103.3
202601,2026-01-01,11,JO2O,105.2
202602,2026-02-01,11,JO2O,103.8
202603,2026-03-01,11,JO2O,105.6
202604,2026-04-01,11,JO2O,104.2
202605,2026-05-01,11,JO2O,104.7
202606,2026-06-01,11,JO2O,106.4
198801,1988-01-01,12,JO2P,44.3
198802,1988-02-01,12,JO2P,44.8
198803,1988-03-01,12,JO2P,43.3
198804,1988-04-01,12,JO2P,44.3
198805,1988-05-01,12,JO2P,45.6
198806,1988-06-01,12,JO2P,44.4
198807,1988-07-01,12,JO2P,45.2
198808,1988-08-01,12,JO2P,45.5
198809,1988-09-01,12,JO2P,45.5
198810,1988-10-01,12,JO2P,46.5
198811,1988-11-01,12,JO2P,48.2
198812,1988-12-01,12,JO2P,46.7
198901,1989-01-01,12,JO2P,48.9
198902,1989-02-01,12,JO2P,49.1
198903,1989-03-01,12,JO2P,50.3
198904,1989-04-01,12,JO2P,48.6
198905,1989-05-01,12,JO2P,54.0
198906,1989-06-01,12,JO2P,49.9
198907,1989-07-01,12,JO2P,48.0
198908,1989-08-01,12,JO2P,48.6
198909,1989-09-01,12,JO2P,50.0
198910,1989-10-01,12,JO2P,48.9
198911,1989-11-01,12,JO2P,49.5
198912,1989-12-01,12,JO2P,50.6
199001,1990-01-01,12,JO2P,55.1
199002,1990-02-01,12,JO2P,56.6
199003,1990-03-01,12,JO2P,56.8
199004,1990-04-01,12,JO2P,57.0
199005,1990-05-01,12,JO2P,61.1
199006,1990-06-01,12,JO2P,53.0
199007,1990-07-01,12,JO2P,56.0
199008,1990-08-01,12,JO2P,54.4
199009,1990-09-01,12,JO2P,55.2
199010,1990-10-01,12,JO2P,54.4
199011,1990-11-01,12,JO2P,53.5
199012,1990-12-01,12,JO2P,54.5
199101,1991-01-01,12,JO2P,49.4
199102,1991-02-01,12,JO2P,49.7
199103,1991-03-01,12,JO2P,53.0
199104,1991-04-01,12,JO2P,51.1
199105,1991-05-01,12,JO2P,51.0
199106,1991-06-01,12,JO2P,50.7
199107,1991-07-01,12,JO2P,52.5
199108,1991-08-01,12,JO2P,50.9
199109,1991-09-01,12,JO2P,49.6
199110,1991-10-01,12,JO2P,50.3
199111,1991-11-01,12,JO2P,50.8
199112,1991-12-01,12,JO2P,50.1
199201,1992-01-01,12,JO2P,43.6
199202,1992-02-01,12,JO2P,46.2
199203,1992-03-01,12,JO2P,45.3
199204,1992-04-01,12,JO2P,45.6
199205,1992-05-01,12,JO2P,49.0
199206,1992-06-01,12,JO2P,44.6
199207,1992-07-01,12,JO2P,45.2
199208,1992-08-01,12,JO2P,50.2
199209,1992-09-01,12,JO2P,45.4
199210,1992-10-01,12,JO2P,46.2
199211,1992-11-01,12,JO2P,45.5
199212,1992-12-01,12,JO2P,45.8
199301,1993-01-01,12,JO2P,47.0
199302,1993-02-01,12,JO2P,47.8
199303,1993-03-01,12,JO2P,46.5
199304,1993-04-01,12,JO2P,47.6
199305,1993-05-01,12,JO2P,45.8
199306,1993-06-01,12,JO2P,48.4
199307,1993-07-01,12,JO2P,46.5
199308,1993-08-01,12,JO2P,48.1
199309,1993-09-01,12,JO2P,48.3
199310,1993-10-01,12,JO2P,48.0
199311,1993-11-01,12,JO2P,47.3
199312,1993-12-01,12,JO2P,46.9
199401,1994-01-01,12,JO2P,52.7
199402,1994-02-01,12,JO2P,49.9
199403,1994-03-01,12,JO2P,49.8
199404,1994-04-01,12,JO2P,49.7
199405,1994-05-01,12,JO2P,49.5
199406,1994-06-01,12,JO2P,49.9
199407,1994-07-01,12,JO2P,50.1
199408,1994-08-01,12,JO2P,51.5
199409,1994-09-01,12,JO2P,52.4
199410,1994-10-01,12,JO2P,51.2
199411,1994-11-01,12,JO2P,49.5
199412,1994-12-01,12,JO2P,52.1
199501,1995-01-01,12,JO2P,51.4
199502,1995-02-01,12,JO2P,50.5
199503,1995-03-01,12,JO2P,48.7
199504,1995-04-01,12,JO2P,50.8
199505,1995-05-01,12,JO2P,50.8
199506,1995-06-01,12,JO2P,49.4
199507,1995-07-01,12,JO2P,49.9
199508,1995-08-01,12,JO2P,47.7
199509,1995-09-01,12,JO2P,50.2
199510,1995-10-01,12,JO2P,47.9
199511,1995-11-01,12,JO2P,49.2
199512,1995-12-01,12,JO2P,49.6
199601,1996-01-01,12,JO2P,47.9
199602,1996-02-01,12,JO2P,48.2
199603,1996-03-01,12,JO2P,49.0
199604,1996-04-01,12,JO2P,49.0
199605,1996-05-01,12,JO2P,46.7
199606,1996-06-01,12,JO2P,50.3
199607,1996-07-01,12,JO2P,49.3
199608,1996-08-01,12,JO2P,48.8
199609,1996-09-01,12,JO2P,48.0
199610,1996-10-01,12,JO2P,48.8
199611,1996-11-01,12,JO2P,50.1
199612,1996-12-01,12,JO2P,48.2
199701,1997-01-01,12,JO2P,48.8
199702,1997-02-01,12,JO2P,50.1
199703,1997-03-01,12,JO2P,52.8
199704,1997-04-01,12,JO2P,56.3
199705,1997-05-01,12,JO2P,52.5
199706,1997-06-01,12,JO2P,52.9
199707,1997-07-01,12,JO2P,52.3
199708,1997-08-01,12,JO2P,49.8
199709,1997-09-01,12,JO2P,50.9
199710,1997-10-01,12,JO2P,52.7
199711,1997-11-01,12,JO2P,51.8
199712,1997-12-01,12,JO2P,53.5
199801,1998-01-01,12,JO2P,51.6
199802,1998-02-01,12,JO2P,52.3
199803,1998-03-01,12,JO2P,50.9
199804,1998-04-01,12,JO2P,49.3
199805,1998-05-01,12,JO2P,51.6
199806,1998-06-01,12,JO2P,45.4
199807,1998-07-01,12,JO2P,47.9
199808,1998-08-01,12,JO2P,50.4
199809,1998-09-01,12,JO2P,46.5
199810,1998-10-01,12,JO2P,47.1
199811,1998-11-01,12,JO2P,48.1
199812,1998-12-01,12,JO2P,46.1
199901,1999-01-01,12,JO2P,48.7
199902,1999-02-01,12,JO2P,48.4
199903,1999-03-01,12,JO2P,49.1
199904,1999-04-01,12,JO2P,48.9
199905,1999-05-01,12,JO2P,47.8
199906,1999-06-01,12,JO2P,49.7
199907,1999-07-01,12,JO2P,50.6
199908,1999-08-01,12,JO2P,50.5
199909,1999-09-01,12,JO2P,48.6
199910,1999-10-01,12,JO2P,48.5
199911,1999-11-01,12,JO2P,48.6
199912,1999-12-01,12,JO2P,48.7
200001,2000-01-01,12,JO2P,50.7
200002,2000-02-01,12,JO2P,48.8
200003,2000-03-01,12,JO2P,48.0
200004,2000-04-01,12,JO2P,48.6
200005,2000-05-01,12,JO2P,50.7
200006,2000-06-01,12,JO2P,48.7
200007,2000-07-01,12,JO2P,49.8
200008,2000-08-01,12,JO2P,52.3
200009,2000-09-01,12,JO2P,53.0
200010,2000-10-01,12,JO2P,52.9
200011,2000-11-01,12,JO2P,50.5
200012,2000-12-01,12,JO2P,50.0
200101,2001-01-01,12,JO2P,50.9
200102,2001-02-01,12,JO2P,49.6
200103,2001-03-01,12,JO2P,49.4
200104,2001-04-01,12,JO2P,49.9
200105,2001-05-01,12,JO2P,51.7
200106,2001-06-01,12,JO2P,48.1
200107,2001-07-01,12,JO2P,49.1
200108,2001-08-01,12,JO2P,48.6
200109,2001-09-01,12,JO2P,50.0
200110,2001-10-01,12,JO2P,46.8
200111,2001-11-01,12,JO2P,49.2
200112,2001-12-01,12,JO2P,49.9
200201,2002-01-01,12,JO2P,48.5
200202,2002-02-01,12,JO2P,50.8
200203,2002-03-01,12,JO2P,47.8
200204,2002-04-01,12,JO2P,48.4
200205,2002-05-01,12,JO2P,48.7
200206,2002-06-01,12,JO2P,51.5
200207,2002-07-01,12,JO2P,52.1
200208,2002-08-01,12,JO2P,52.1
200209,2002-09-01,12,JO2P,49.3
200210,2002-10-01,12,JO2P,50.8
200211,2002-11-01,12,JO2P,52.0
200212,2002-12-01,12,JO2P,51.2
200301,2003-01-01,12,JO2P,48.5
200302,2003-02-01,12,JO2P,52.4
200303,2003-03-01,12,JO2P,55.4
200304,2003-04-01,12,JO2P,58.1
200305,2003-05-01,12,JO2P,50.5
200306,2003-06-01,12,JO2P,56.0
200307,2003-07-01,12,JO2P,56.2
200308,2003-08-01,12,JO2P,53.6
200309,2003-09-01,12,JO2P,57.6
200310,2003-10-01,12,JO2P,56.2
200311,2003-11-01,12,JO2P,54.7
200312,2003-12-01,12,JO2P,55.8
200401,2004-01-01,12,JO2P,53.7
200402,2004-02-01,12,JO2P,53.8
200403,2004-03-01,12,JO2P,56.9
200404,2004-04-01,12,JO2P,57.3
200405,2004-05-01,12,JO2P,57.2
200406,2004-06-01,12,JO2P,57.7
200407,2004-07-01,12,JO2P,55.6
200408,2004-08-01,12,JO2P,56.7
200409,2004-09-01,12,JO2P,56.6
200410,2004-10-01,12,JO2P,59.3
200411,2004-11-01,12,JO2P,58.6
200412,2004-12-01,12,JO2P,58.1
200501,2005-01-01,12,JO2P,61.7
200502,2005-02-01,12,JO2P,65.2
200503,2005-03-01,12,JO2P,58.7
200504,2005-04-01,12,JO2P,54.9
200505,2005-05-01,12,JO2P,55.6
200506,2005-06-01,12,JO2P,56.1
200507,2005-07-01,12,JO2P,56.0
200508,2005-08-01,12,JO2P,56.1
200509,2005-09-01,12,JO2P,57.3
200510,2005-10-01,12,JO2P,56.2
200511,2005-11-01,12,JO2P,60.7
200512,2005-12-01,12,JO2P,57.4
200601,2006-01-01,12,JO2P,56.6
200602,2006-02-01,12,JO2P,55.3
200603,2006-03-01,12,JO2P,54.6
200604,2006-04-01,12,JO2P,55.8
200605,2006-05-01,12,JO2P,57.4
200606,2006-06-01,12,JO2P,56.2
200607,2006-07-01,12,JO2P,56.5
200608,2006-08-01,12,JO2P,54.3
200609,2006-09-01,12,JO2P,55.8
200610,2006-10-01,12,JO2P,58.2
200611,2006-11-01,12,JO2P,57.0
200612,2006-12-01,12,JO2P,58.9
200701,2007-01-01,12,JO2P,55.8
200702,2007-02-01,12,JO2P,56.0
200703,2007-03-01,12,JO2P,56.6
200704,2007-04-01,12,JO2P,64.2
200705,2007-05-01,12,JO2P,58.0
200706,2007-06-01,12,JO2P,57.9
200707,2007-07-01,12,JO2P,58.7
200708,2007-08-01,12,JO2P,60.7
200709,2007-09-01,12,JO2P,58.6
200710,2007-10-01,12,JO2P,57.0
200711,2007-11-01,12,JO2P,56.7
200712,2007-12-01,12,JO2P,57.2
200801,2008-01-01,12,JO2P,58.3
200802,2008-02-01,12,JO2P,60.1
200803,2008-03-01,12,JO2P,59.5
200804,2008-04-01,12,JO2P,55.0
200805,2008-05-01,12,JO2P,62.8
200806,2008-06-01,12,JO2P,59.7
200807,2008-07-01,12,JO2P,59.7
200808,2008-08-01,12,JO2P,61.9
200809,2008-09-01,12,JO2P,61.1
200810,2008-10-01,12,JO2P,57.3
200811,2008-11-01,12,JO2P,59.5
200812,2008-12-01,12,JO2P,59.2
200901,2009-01-01,12,JO2P,59.7
200902,2009-02-01,12,JO2P,61.6
200903,2009-03-01,12,JO2P,61.4
200904,2009-04-01,12,JO2P,65.4
200905,2009-05-01,12,JO2P,61.5
200906,2009-06-01,12,JO2P,61.2
200907,2009-07-01,12,JO2P,59.5
200908,2009-08-01,12,JO2P,59.6
200909,2009-09-01,12,JO2P,58.0
200910,2009-10-01,12,JO2P,60.1
200911,2009-11-01,12,JO2P,58.8
200912,2009-12-01,12,JO2P,57.8
201001,2010-01-01,12,JO2P,60.9
201002,2010-02-01,12,JO2P,62.9
201003,2010-03-01,12,JO2P,63.6
201004,2010-04-01,12,JO2P,63.9
201005,2010-05-01,12,JO2P,64.3
201006,2010-06-01,12,JO2P,65.0
201007,2010-07-01,12,JO2P,66.2
201008,2010-08-01,12,JO2P,65.7
201009,2010-09-01,12,JO2P,67.6
201010,2010-10-01,12,JO2P,67.0
201011,2010-11-01,12,JO2P,68.1
201012,2010-12-01,12,JO2P,65.8
201101,2011-01-01,12,JO2P,65.3
201102,2011-02-01,12,JO2P,64.4
201103,2011-03-01,12,JO2P,63.3
201104,2011-04-01,12,JO2P,67.3
201105,2011-05-01,12,JO2P,64.8
201106,2011-06-01,12,JO2P,66.4
201107,2011-07-01,12,JO2P,68.2
201108,2011-08-01,12,JO2P,62.9
201109,2011-09-01,12,JO2P,65.4
201110,2011-10-01,12,JO2P,65.7
201111,2011-11-01,12,JO2P,68.3
201112,2011-12-01,12,JO2P,69.3
201201,2012-01-01,12,JO2P,68.7
201202,2012-02-01,12,JO2P,67.2
201203,2012-03-01,12,JO2P,71.0
201204,2012-04-01,12,JO2P,66.5
201205,2012-05-01,12,JO2P,67.8
201206,2012-06-01,12,JO2P,67.0
201207,2012-07-01,12,JO2P,68.1
201208,2012-08-01,12,JO2P,67.3
201209,2012-09-01,12,JO2P,69.5
201210,2012-10-01,12,JO2P,71.2
201211,2012-11-01,12,JO2P,64.5
201212,2012-12-01,12,JO2P,66.9
201301,2013-01-01,12,JO2P,71.5
201302,2013-02-01,12,JO2P,73.1
201303,2013-03-01,12,JO2P,63.6
201304,2013-04-01,12,JO2P,63.9
201305,2013-05-01,12,JO2P,64.4
201306,2013-06-01,12,JO2P,62.5
201307,2013-07-01,12,JO2P,63.1
201308,2013-08-01,12,JO2P,65.5
201309,2013-09-01,12,JO2P,68.7
201310,2013-10-01,12,JO2P,67.0
201311,2013-11-01,12,JO2P,65.5
201312,2013-12-01,12,JO2P,70.3
201401,2014-01-01,12,JO2P,64.0
201402,2014-02-01,12,JO2P,67.1
201403,2014-03-01,12,JO2P,70.8
201404,2014-04-01,12,JO2P,65.8
201405,2014-05-01,12,JO2P,63.7
201406,2014-06-01,12,JO2P,66.7
201407,2014-07-01,12,JO2P,65.4
201408,2014-08-01,12,JO2P,66.1
201409,2014-09-01,12,JO2P,64.6
201410,2014-10-01,12,JO2P,67.0
201411,2014-11-01,12,JO2P,66.9
201412,2014-12-01,12,JO2P,68.5
201501,2015-01-01,12,JO2P,67.9
201502,2015-02-01,12,JO2P,69.5
201503,2015-03-01,12,JO2P,64.8
201504,2015-04-01,12,JO2P,70.8
201505,2015-05-01,12,JO2P,69.5
201506,2015-06-01,12,JO2P,72.0
201507,2015-07-01,12,JO2P,68.8
201508,2015-08-01,12,JO2P,72.7
201509,2015-09-01,12,JO2P,70.4
201510,2015-10-01,12,JO2P,68.8
201511,2015-11-01,12,JO2P,69.9
201512,2015-12-01,12,JO2P,68.7
201601,2016-01-01,12,JO2P,70.7
201602,2016-02-01,12,JO2P,68.2
201603,2016-03-01,12,JO2P,76.4
201604,2016-04-01,12,JO2P,69.9
201605,2016-05-01,12,JO2P,73.8
201606,2016-06-01,12,JO2P,69.3
201607,2016-07-01,12,JO2P,78.0
201608,2016-08-01,12,JO2P,72.9
201609,2016-09-01,12,JO2P,71.1
201610,2016-10-01,12,JO2P,73.9
201611,2016-11-01,12,JO2P,74.4
201612,2016-12-01,12,JO2P,73.5
201701,2017-01-01,12,JO2P,72.5
201702,2017-02-01,12,JO2P,72.1
201703,2017-03-01,12,JO2P,76.6
201704,2017-04-01,12,JO2P,77.5
201705,2017-05-01,12,JO2P,75.5
201706,2017-06-01,12,JO2P,78.7
201707,2017-07-01,12,JO2P,76.7
201708,2017-08-01,12,JO2P,74.4
201709,2017-09-01,12,JO2P,80.3
201710,2017-10-01,12,JO2P,75.0
201711,2017-11-01,12,JO2P,74.8
201712,2017-12-01,12,JO2P,76.4
201801,2018-01-01,12,JO2P,75.5
201802,2018-02-01,12,JO2P,74.1
201803,2018-03-01,12,JO2P,71.9
201804,2018-04-01,12,JO2P,70.4
201805,2018-05-01,12,JO2P,72.6
201806,2018-06-01,12,JO2P,71.9
201807,2018-07-01,12,JO2P,75.4
201808,2018-08-01,12,JO2P,71.5
201809,2018-09-01,12,JO2P,69.0
201810,2018-10-01,12,JO2P,68.7
201811,2018-11-01,12,JO2P,69.8
201812,2018-12-01,12,JO2P,72.5
201901,2019-01-01,12,JO2P,79.8
201902,2019-02-01,12,JO2P,77.1
201903,2019-03-01,12,JO2P,71.8
201904,2019-04-01,12,JO2P,76.3
201905,2019-05-01,12,JO2P,74.1
201906,2019-06-01,12,JO2P,76.9
201907,2019-07-01,12,JO2P,78.9
201908,2019-08-01,12,JO2P,80.4
201909,2019-09-01,12,JO2P,77.8
201910,2019-10-01,12,JO2P,77.0
201911,2019-11-01,12,JO2P,78.2
201912,2019-12-01,12,JO2P,77.9
202001,2020-01-01,12,JO2P,84.9
202002,2020-02-01,12,JO2P,74.7
202003,2020-03-01,12,JO2P,45.1
202004,2020-04-01,12,JO2P,24.8
202005,2020-05-01,12,JO2P,25.3
202006,2020-06-01,12,JO2P,41.4
202007,2020-07-01,12,JO2P,50.9
202008,2020-08-01,12,JO2P,67.1
202009,2020-09-01,12,JO2P,69.5
202010,2020-10-01,12,JO2P,65.4
202011,2020-11-01,12,JO2P,48.2
202012,2020-12-01,12,JO2P,62.3
202101,2021-01-01,12,JO2P,39.8
202102,2021-02-01,12,JO2P,39.3
202103,2021-03-01,12,JO2P,41.7
202104,2021-04-01,12,JO2P,67.2
202105,2021-05-01,12,JO2P,69.9
202106,2021-06-01,12,JO2P,68.4
202107,2021-07-01,12,JO2P,64.8
202108,2021-08-01,12,JO2P,70.5
202109,2021-09-01,12,JO2P,68.5
202110,2021-10-01,12,JO2P,75.2
202111,2021-11-01,12,JO2P,76.6
202112,2021-12-01,12,JO2P,74.3
202201,2022-01-01,12,JO2P,71.1
202202,2022-02-01,12,JO2P,79.5
202203,2022-03-01,12,JO2P,78.6
202204,2022-04-01,12,JO2P,84.6
202205,2022-05-01,12,JO2P,77.0
202206,2022-06-01,12,JO2P,80.4
202207,2022-07-01,12,JO2P,84.8
202208,2022-08-01,12,JO2P,84.3
202209,2022-09-01,12,JO2P,87.4
202210,2022-10-01,12,JO2P,89.5
202211,2022-11-01,12,JO2P,90.4
202212,2022-12-01,12,JO2P,94.2
202301,2023-01-01,12,JO2P,94.3
202302,2023-02-01,12,JO2P,99.1
202303,2023-03-01,12,JO2P,100.2
202304,2023-04-01,12,JO2P,98.7
202305,2023-05-01,12,JO2P,91.4
202306,2023-06-01,12,JO2P,106.6
202307,2023-07-01,12,JO2P,100.2
202308,2023-08-01,12,JO2P,101.4
202309,2023-09-01,12,JO2P,102.0
202310,2023-10-01,12,JO2P,101.7
202311,2023-11-01,12,JO2P,103.2
202312,2023-12-01,12,JO2P,99.1
202401,2024-01-01,12,JO2P,98.6
202402,2024-02-01,12,JO2P,95.4
202403,2024-03-01,12,JO2P,95.0
202404,2024-04-01,12,JO2P,100.5
202405,2024-05-01,12,JO2P,105.8
202406,2024-06-01,12,JO2P,104.8
202407,2024-07-01,12,JO2P,101.1
202408,2024-08-01,12,JO2P,103.3
202409,2024-09-01,12,JO2P,103.4
202410,2024-10-01,12,JO2P,99.5
202411,2024-11-01,12,JO2P,91.5
202412,2024-12-01,12,JO2P,98.1
202501,2025-01-01,12,JO2P,89.5
202502,2025-02-01,12,JO2P,105.0
202503,2025-03-01,12,JO2P,101.5
202504,2025-04-01,12,JO2P,101.8
202505,2025-05-01,12,JO2P,101.5
202506,2025-06-01,12,JO2P,97.1
202507,2025-07-01,12,JO2P,101.6
202508,2025-08-01,12,JO2P,97.8
202509,2025-09-01,12,JO2P,99.1
202510,2025-10-01,12,JO2P,99.5
202511,2025-11-01,12,JO2P,114.6
202512,2025-12-01,12,JO2P,103.9
202601,2026-01-01,12,JO2P,99.4
202602,2026-02-01,12,JO2P,96.4
202603,2026-03-01,12,JO2P,96.9
202604,2026-04-01,12,JO2P,92.6
202605,2026-05-01,12,JO2P,94.1
202606,2026-06-01,12,JO2P,94.7
198801,1988-01-01,13,EARB,48.6
198802,1988-02-01,13,EARB,47.5
198803,1988-03-01,13,EARB,47.9
198804,1988-04-01,13,EARB,48.7
198805,1988-05-01,13,EARB,49.4
198806,1988-06-01,13,EARB,49.5
198807,1988-07-01,13,EARB,53.3
198808,1988-08-01,13,EARB,52.2
198809,1988-09-01,13,EARB,51.2
198810,1988-10-01,13,EARB,52.6
198811,1988-11-01,13,EARB,52.2
198812,1988-12-01,13,EARB,52.9
198901,1989-01-01,13,EARB,52.4
198902,1989-02-01,13,EARB,52.1
198903,1989-03-01,13,EARB,51.4
198904,1989-04-01,13,EARB,54.2
198905,1989-05-01,13,EARB,53.1
198906,1989-06-01,13,EARB,51.6
198907,1989-07-01,13,EARB,51.7
198908,1989-08-01,13,EARB,53.1
198909,1989-09-01,13,EARB,52.8
198910,1989-10-01,13,EARB,53.8
198911,1989-11-01,13,EARB,53.7
198912,1989-12-01,13,EARB,54.7
199001,1990-01-01,13,EARB,54.9
199002,1990-02-01,13,EARB,55.4
199003,1990-03-01,13,EARB,54.3
199004,1990-04-01,13,EARB,53.8
199005,1990-05-01,13,EARB,55.8
199006,1990-06-01,13,EARB,55.0
199007,1990-07-01,13,EARB,54.0
199008,1990-08-01,13,EARB,54.4
199009,1990-09-01,13,EARB,53.6
199010,1990-10-01,13,EARB,54.4
199011,1990-11-01,13,EARB,54.0
199012,1990-12-01,13,EARB,55.6
199101,1991-01-01,13,EARB,53.2
199102,1991-02-01,13,EARB,52.7
199103,1991-03-01,13,EARB,57.1
199104,1991-04-01,13,EARB,54.8
199105,1991-05-01,13,EARB,53.5
199106,1991-06-01,13,EARB,54.7
199107,1991-07-01,13,EARB,54.7
199108,1991-08-01,13,EARB,53.2
199109,1991-09-01,13,EARB,54.3
199110,1991-10-01,13,EARB,53.0
199111,1991-11-01,13,EARB,54.6
199112,1991-12-01,13,EARB,55.0
199201,1992-01-01,13,EARB,54.5
199202,1992-02-01,13,EARB,54.8
199203,1992-03-01,13,EARB,54.0
199204,1992-04-01,13,EARB,53.9
199205,1992-05-01,13,EARB,52.8
199206,1992-06-01,13,EARB,54.0
199207,1992-07-01,13,EARB,53.6
199208,1992-08-01,13,EARB,54.9
199209,1992-09-01,13,EARB,54.4
199210,1992-10-01,13,EARB,53.4
199211,1992-11-01,13,EARB,54.0
199212,1992-12-01,13,EARB,53.9
199301,1993-01-01,13,EARB,56.5
199302,1993-02-01,13,EARB,56.9
199303,1993-03-01,13,EARB,57.0
199304,1993-04-01,13,EARB,57.7
199305,1993-05-01,13,EARB,57.1
199306,1993-06-01,13,EARB,58.1
199307,1993-07-01,13,EARB,57.4
199308,1993-08-01,13,EARB,58.7
199309,1993-09-01,13,EARB,58.6
199310,1993-10-01,13,EARB,58.5
199311,1993-11-01,13,EARB,58.6
199312,1993-12-01,13,EARB,56.7
199401,1994-01-01,13,EARB,61.4
199402,1994-02-01,13,EARB,58.6
199403,1994-03-01,13,EARB,59.1
199404,1994-04-01,13,EARB,59.2
199405,1994-05-01,13,EARB,59.8
199406,1994-06-01,13,EARB,58.6
199407,1994-07-01,13,EARB,57.6
199408,1994-08-01,13,EARB,59.6
199409,1994-09-01,13,EARB,59.6
199410,1994-10-01,13,EARB,59.8
199411,1994-11-01,13,EARB,60.1
199412,1994-12-01,13,EARB,60.2
199501,1995-01-01,13,EARB,59.8
199502,1995-02-01,13,EARB,59.7
199503,1995-03-01,13,EARB,59.8
199504,1995-04-01,13,EARB,58.7
199505,1995-05-01,13,EARB,59.8
199506,1995-06-01,13,EARB,59.8
199507,1995-07-01,13,EARB,59.5
199508,1995-08-01,13,EARB,59.0
199509,1995-09-01,13,EARB,60.9
199510,1995-10-01,13,EARB,62.2
199511,1995-11-01,13,EARB,62.2
199512,1995-12-01,13,EARB,62.9
199601,1996-01-01,13,EARB,61.0
199602,1996-02-01,13,EARB,63.2
199603,1996-03-01,13,EARB,63.9
199604,1996-04-01,13,EARB,63.2
199605,1996-05-01,13,EARB,65.5
199606,1996-06-01,13,EARB,64.2
199607,1996-07-01,13,EARB,64.5
199608,1996-08-01,13,EARB,65.2
199609,1996-09-01,13,EARB,67.0
199610,1996-10-01,13,EARB,67.4
199611,1996-11-01,13,EARB,68.4
199612,1996-12-01,13,EARB,67.3
199701,1997-01-01,13,EARB,66.7
199702,1997-02-01,13,EARB,68.5
199703,1997-03-01,13,EARB,67.3
199704,1997-04-01,13,EARB,69.6
199705,1997-05-01,13,EARB,69.6
199706,1997-06-01,13,EARB,74.8
199707,1997-07-01,13,EARB,71.9
199708,1997-08-01,13,EARB,71.3
199709,1997-09-01,13,EARB,70.3
199710,1997-10-01,13,EARB,71.8
199711,1997-11-01,13,EARB,72.5
199712,1997-12-01,13,EARB,74.1
199801,1998-01-01,13,EARB,73.7
199802,1998-02-01,13,EARB,73.0
199803,1998-03-01,13,EARB,73.6
199804,1998-04-01,13,EARB,74.7
199805,1998-05-01,13,EARB,73.0
199806,1998-06-01,13,EARB,74.0
199807,1998-07-01,13,EARB,74.9
199808,1998-08-01,13,EARB,73.2
199809,1998-09-01,13,EARB,75.3
199810,1998-10-01,13,EARB,73.2
199811,1998-11-01,13,EARB,73.4
199812,1998-12-01,13,EARB,76.2
199901,1999-01-01,13,EARB,76.4
199902,1999-02-01,13,EARB,76.2
199903,1999-03-01,13,EARB,75.5
199904,1999-04-01,13,EARB,74.5
199905,1999-05-01,13,EARB,76.9
199906,1999-06-01,13,EARB,77.2
199907,1999-07-01,13,EARB,77.0
199908,1999-08-01,13,EARB,79.0
199909,1999-09-01,13,EARB,77.6
199910,1999-10-01,13,EARB,78.2
199911,1999-11-01,13,EARB,78.8
199912,1999-12-01,13,EARB,77.8
200001,2000-01-01,13,EARB,83.0
200002,2000-02-01,13,EARB,77.8
200003,2000-03-01,13,EARB,79.5
200004,2000-04-01,13,EARB,78.2
200005,2000-05-01,13,EARB,79.0
200006,2000-06-01,13,EARB,79.4
200007,2000-07-01,13,EARB,79.5
200008,2000-08-01,13,EARB,80.2
200009,2000-09-01,13,EARB,78.9
200010,2000-10-01,13,EARB,79.3
200011,2000-11-01,13,EARB,81.0
200012,2000-12-01,13,EARB,81.5
200101,2001-01-01,13,EARB,82.6
200102,2001-02-01,13,EARB,83.3
200103,2001-03-01,13,EARB,83.6
200104,2001-04-01,13,EARB,85.5
200105,2001-05-01,13,EARB,86.2
200106,2001-06-01,13,EARB,85.8
200107,2001-07-01,13,EARB,85.4
200108,2001-08-01,13,EARB,86.6
200109,2001-09-01,13,EARB,86.3
200110,2001-10-01,13,EARB,89.7
200111,2001-11-01,13,EARB,86.0
200112,2001-12-01,13,EARB,89.8
200201,2002-01-01,13,EARB,86.8
200202,2002-02-01,13,EARB,89.1
200203,2002-03-01,13,EARB,91.0
200204,2002-04-01,13,EARB,90.5
200205,2002-05-01,13,EARB,90.5
200206,2002-06-01,13,EARB,87.8
200207,2002-07-01,13,EARB,88.6
200208,2002-08-01,13,EARB,88.4
200209,2002-09-01,13,EARB,90.9
200210,2002-10-01,13,EARB,90.0
200211,2002-11-01,13,EARB,91.9
200212,2002-12-01,13,EARB,88.2
200301,2003-01-01,13,EARB,86.3
200302,2003-02-01,13,EARB,89.0
200303,2003-03-01,13,EARB,89.5
200304,2003-04-01,13,EARB,88.6
200305,2003-05-01,13,EARB,90.5
200306,2003-06-01,13,EARB,88.3
200307,2003-07-01,13,EARB,89.1
200308,2003-08-01,13,EARB,88.7
200309,2003-09-01,13,EARB,89.6
200310,2003-10-01,13,EARB,90.0
200311,2003-11-01,13,EARB,90.1
200312,2003-12-01,13,EARB,89.4
200401,2004-01-01,13,EARB,91.0
200402,2004-02-01,13,EARB,92.4
200403,2004-03-01,13,EARB,91.5
200404,2004-04-01,13,EARB,92.1
200405,2004-05-01,13,EARB,92.0
200406,2004-06-01,13,EARB,92.7
200407,2004-07-01,13,EARB,93.8
200408,2004-08-01,13,EARB,92.6
200409,2004-09-01,13,EARB,94.2
200410,2004-10-01,13,EARB,92.4
200411,2004-11-01,13,EARB,94.6
200412,2004-12-01,13,EARB,89.0
200501,2005-01-01,13,EARB,91.7
200502,2005-02-01,13,EARB,90.7
200503,2005-03-01,13,EARB,89.5
200504,2005-04-01,13,EARB,90.0
200505,2005-05-01,13,EARB,88.6
200506,2005-06-01,13,EARB,88.7
200507,2005-07-01,13,EARB,88.5
200508,2005-08-01,13,EARB,87.5
200509,2005-09-01,13,EARB,88.1
200510,2005-10-01,13,EARB,88.9
200511,2005-11-01,13,EARB,88.1
200512,2005-12-01,13,EARB,90.4
200601,2006-01-01,13,EARB,88.9
200602,2006-02-01,13,EARB,87.9
200603,2006-03-01,13,EARB,88.1
200604,2006-04-01,13,EARB,90.4
200605,2006-05-01,13,EARB,90.0
200606,2006-06-01,13,EARB,91.3
200607,2006-07-01,13,EARB,87.5
200608,2006-08-01,13,EARB,91.5
200609,2006-09-01,13,EARB,89.9
200610,2006-10-01,13,EARB,89.1
200611,2006-11-01,13,EARB,90.5
200612,2006-12-01,13,EARB,92.8
200701,2007-01-01,13,EARB,92.0
200702,2007-02-01,13,EARB,93.4
200703,2007-03-01,13,EARB,94.2
200704,2007-04-01,13,EARB,91.9
200705,2007-05-01,13,EARB,93.4
200706,2007-06-01,13,EARB,95.3
200707,2007-07-01,13,EARB,94.9
200708,2007-08-01,13,EARB,92.8
200709,2007-09-01,13,EARB,91.6
200710,2007-10-01,13,EARB,91.7
200711,2007-11-01,13,EARB,91.6
200712,2007-12-01,13,EARB,92.6
200801,2008-01-01,13,EARB,93.1
200802,2008-02-01,13,EARB,93.3
200803,2008-03-01,13,EARB,93.0
200804,2008-04-01,13,EARB,92.8
200805,2008-05-01,13,EARB,94.7
200806,2008-06-01,13,EARB,91.9
200807,2008-07-01,13,EARB,90.5
200808,2008-08-01,13,EARB,90.8
200809,2008-09-01,13,EARB,89.0
200810,2008-10-01,13,EARB,86.8
200811,2008-11-01,13,EARB,88.1
200812,2008-12-01,13,EARB,87.2
200901,2009-01-01,13,EARB,86.2
200902,2009-02-01,13,EARB,84.4
200903,2009-03-01,13,EARB,84.0
200904,2009-04-01,13,EARB,84.3
200905,2009-05-01,13,EARB,85.0
200906,2009-06-01,13,EARB,84.1
200907,2009-07-01,13,EARB,86.4
200908,2009-08-01,13,EARB,87.6
200909,2009-09-01,13,EARB,87.5
200910,2009-10-01,13,EARB,88.7
200911,2009-11-01,13,EARB,89.0
200912,2009-12-01,13,EARB,90.2
201001,2010-01-01,13,EARB,76.5
201002,2010-02-01,13,EARB,85.9
201003,2010-03-01,13,EARB,87.6
201004,2010-04-01,13,EARB,83.5
201005,2010-05-01,13,EARB,85.0
201006,2010-06-01,13,EARB,84.7
201007,2010-07-01,13,EARB,84.6
201008,2010-08-01,13,EARB,84.6
201009,2010-09-01,13,EARB,83.0
201010,2010-10-01,13,EARB,81.7
201011,2010-11-01,13,EARB,80.7
201012,2010-12-01,13,EARB,78.5
201101,2011-01-01,13,EARB,81.9
201102,2011-02-01,13,EARB,81.6
201103,2011-03-01,13,EARB,81.4
201104,2011-04-01,13,EARB,81.9
201105,2011-05-01,13,EARB,80.5
201106,2011-06-01,13,EARB,81.3
201107,2011-07-01,13,EARB,81.3
201108,2011-08-01,13,EARB,80.5
201109,2011-09-01,13,EARB,81.4
201110,2011-10-01,13,EARB,82.6
201111,2011-11-01,13,EARB,79.6
201112,2011-12-01,13,EARB,80.5
201201,2012-01-01,13,EARB,79.7
201202,2012-02-01,13,EARB,79.6
201203,2012-03-01,13,EARB,81.9
201204,2012-04-01,13,EARB,82.6
201205,2012-05-01,13,EARB,82.5
201206,2012-06-01,13,EARB,82.5
201207,2012-07-01,13,EARB,80.8
201208,2012-08-01,13,EARB,79.0
201209,2012-09-01,13,EARB,78.9
201210,2012-10-01,13,EARB,78.7
201211,2012-11-01,13,EARB,79.5
201212,2012-12-01,13,EARB,79.5
201301,2013-01-01,13,EARB,76.8
201302,2013-02-01,13,EARB,79.3
201303,2013-03-01,13,EARB,75.5
201304,2013-04-01,13,EARB,76.4
201305,2013-05-01,13,EARB,81.0
201306,2013-06-01,13,EARB,78.9
201307,2013-07-01,13,EARB,78.4
201308,2013-08-01,13,EARB,75.9
201309,2013-09-01,13,EARB,78.1
201310,2013-10-01,13,EARB,77.5
201311,2013-11-01,13,EARB,77.1
201312,2013-12-01,13,EARB,79.8
201401,2014-01-01,13,EARB,82.2
201402,2014-02-01,13,EARB,80.6
201403,2014-03-01,13,EARB,80.9
201404,2014-04-01,13,EARB,81.0
201405,2014-05-01,13,EARB,80.1
201406,2014-06-01,13,EARB,82.9
201407,2014-07-01,13,EARB,81.3
201408,2014-08-01,13,EARB,83.9
201409,2014-09-01,13,EARB,82.2
201410,2014-10-01,13,EARB,84.5
201411,2014-11-01,13,EARB,82.8
201412,2014-12-01,13,EARB,85.5
201501,2015-01-01,13,EARB,85.2
201502,2015-02-01,13,EARB,84.9
201503,2015-03-01,13,EARB,88.4
201504,2015-04-01,13,EARB,86.2
201505,2015-05-01,13,EARB,86.7
201506,2015-06-01,13,EARB,86.5
201507,2015-07-01,13,EARB,89.3
201508,2015-08-01,13,EARB,85.3
201509,2015-09-01,13,EARB,88.1
201510,2015-10-01,13,EARB,86.6
201511,2015-11-01,13,EARB,86.3
201512,2015-12-01,13,EARB,87.1
201601,2016-01-01,13,EARB,89.8
201602,2016-02-01,13,EARB,89.3
201603,2016-03-01,13,EARB,85.8
201604,2016-04-01,13,EARB,86.2
201605,2016-05-01,13,EARB,88.4
201606,2016-06-01,13,EARB,85.9
201607,2016-07-01,13,EARB,88.7
201608,2016-08-01,13,EARB,84.5
201609,2016-09-01,13,EARB,85.2
201610,2016-10-01,13,EARB,88.8
201611,2016-11-01,13,EARB,90.0
201612,2016-12-01,13,EARB,89.4
201701,2017-01-01,13,EARB,87.4
201702,2017-02-01,13,EARB,88.5
201703,2017-03-01,13,EARB,88.7
201704,2017-04-01,13,EARB,93.9
201705,2017-05-01,13,EARB,86.6
201706,2017-06-01,13,EARB,88.5
201707,2017-07-01,13,EARB,90.7
201708,2017-08-01,13,EARB,86.8
201709,2017-09-01,13,EARB,88.9
201710,2017-10-01,13,EARB,91.4
201711,2017-11-01,13,EARB,90.0
201712,2017-12-01,13,EARB,88.3
201801,2018-01-01,13,EARB,91.2
201802,2018-02-01,13,EARB,92.6
201803,2018-03-01,13,EARB,93.7
201804,2018-04-01,13,EARB,94.6
201805,2018-05-01,13,EARB,94.5
201806,2018-06-01,13,EARB,92.9
201807,2018-07-01,13,EARB,92.1
201808,2018-08-01,13,EARB,96.0
201809,2018-09-01,13,EARB,97.2
201810,2018-10-01,13,EARB,96.2
201811,2018-11-01,13,EARB,97.1
201812,2018-12-01,13,EARB,95.8
201901,2019-01-01,13,EARB,91.3
201902,2019-02-01,13,EARB,91.4
201903,2019-03-01,13,EARB,92.6
201904,2019-04-01,13,EARB,90.7
201905,2019-05-01,13,EARB,91.6
201906,2019-06-01,13,EARB,92.7
201907,2019-07-01,13,EARB,89.1
201908,2019-08-01,13,EARB,90.9
201909,2019-09-01,13,EARB,94.0
201910,2019-10-01,13,EARB,92.0
201911,2019-11-01,13,EARB,91.7
201912,2019-12-01,13,EARB,93.1
202001,2020-01-01,13,EARB,91.1
202002,2020-02-01,13,EARB,91.7
202003,2020-03-01,13,EARB,83.1
202004,2020-04-01,13,EARB,43.7
202005,2020-05-01,13,EARB,62.9
202006,2020-06-01,13,EARB,90.7
202007,2020-07-01,13,EARB,100.1
202008,2020-08-01,13,EARB,101.9
202009,2020-09-01,13,EARB,105.2
202010,2020-10-01,13,EARB,109.3
202011,2020-11-01,13,EARB,104.3
202012,2020-12-01,13,EARB,105.1
202101,2021-01-01,13,EARB,82.9
202102,2021-02-01,13,EARB,94.4
202103,2021-03-01,13,EARB,99.4
202104,2021-04-01,13,EARB,110.1
202105,2021-05-01,13,EARB,115.1
202106,2021-06-01,13,EARB,107.9
202107,2021-07-01,13,EARB,105.7
202108,2021-08-01,13,EARB,103.8
202109,2021-09-01,13,EARB,99.4
202110,2021-10-01,13,EARB,103.0
202111,2021-11-01,13,EARB,100.0
202112,2021-12-01,13,EARB,101.4
202201,2022-01-01,13,EARB,102.6
202202,2022-02-01,13,EARB,102.4
202203,2022-03-01,13,EARB,106.2
202204,2022-04-01,13,EARB,102.7
202205,2022-05-01,13,EARB,102.3
202206,2022-06-01,13,EARB,98.1
202207,2022-07-01,13,EARB,98.0
202208,2022-08-01,13,EARB,98.5
202209,2022-09-01,13,EARB,100.0
202210,2022-10-01,13,EARB,99.5
202211,2022-11-01,13,EARB,101.7
202212,2022-12-01,13,EARB,100.9
202301,2023-01-01,13,EARB,101.0
202302,2023-02-01,13,EARB,99.2
202303,2023-03-01,13,EARB,100.5
202304,2023-04-01,13,EARB,102.7
202305,2023-05-01,13,EARB,101.9
202306,2023-06-01,13,EARB,101.4
202307,2023-07-01,13,EARB,101.4
202308,2023-08-01,13,EARB,101.3
202309,2023-09-01,13,EARB,99.1
202310,2023-10-01,13,EARB,97.0
202311,2023-11-01,13,EARB,98.6
202312,2023-12-01,13,EARB,96.5
202401,2024-01-01,13,EARB,96.1
202402,2024-02-01,13,EARB,95.9
202403,2024-03-01,13,EARB,96.1
202404,2024-04-01,13,EARB,93.4
202405,2024-05-01,13,EARB,96.8
202406,2024-06-01,13,EARB,94.1
202407,2024-07-01,13,EARB,93.3
202408,2024-08-01,13,EARB,95.1
202409,2024-09-01,13,EARB,95.1
202410,2024-10-01,13,EARB,95.1
202411,2024-11-01,13,EARB,95.0
202412,2024-12-01,13,EARB,97.2
202501,2025-01-01,13,EARB,95.9
202502,2025-02-01,13,EARB,102.2
202503,2025-03-01,13,EARB,98.5
202504,2025-04-01,13,EARB,97.2
202505,2025-05-01,13,EARB,94.3
202506,2025-06-01,13,EARB,96.1
202507,2025-07-01,13,EARB,97.0
202508,2025-08-01,13,EARB,97.7
202509,2025-09-01,13,EARB,97.5
202510,2025-10-01,13,EARB,100.4
202511,2025-11-01,13,EARB,100.6
202512,2025-12-01,13,EARB,96.6
202601,2026-01-01,13,EARB,101.5
202602,2026-02-01,13,EARB,98.2
202603,2026-03-01,13,EARB,101.2
202604,2026-04-01,13,EARB,102.3
202605,2026-05-01,13,EARB,105.1
202606,2026-06-01,13,EARB,104.2
198801,1988-01-01,14,JO2M,41.4
198802,1988-02-01,14,JO2M,41.9
198803,1988-03-01,14,JO2M,41.8
198804,1988-04-01,14,JO2M,43.3
198805,1988-05-01,14,JO2M,43.8
198806,1988-06-01,14,JO2M,44.0
198807,1988-07-01,14,JO2M,47.1
198808,1988-08-01,14,JO2M,45.5
198809,1988-09-01,14,JO2M,44.6
198810,1988-10-01,14,JO2M,46.2
198811,1988-11-01,14,JO2M,46.5
198812,1988-12-01,14,JO2M,47.5
198901,1989-01-01,14,JO2M,46.6
198902,1989-02-01,14,JO2M,46.7
198903,1989-03-01,14,JO2M,46.9
198904,1989-04-01,14,JO2M,47.5
198905,1989-05-01,14,JO2M,46.9
198906,1989-06-01,14,JO2M,44.1
198907,1989-07-01,14,JO2M,45.1
198908,1989-08-01,14,JO2M,46.0
198909,1989-09-01,14,JO2M,46.0
198910,1989-10-01,14,JO2M,47.2
198911,1989-11-01,14,JO2M,47.2
198912,1989-12-01,14,JO2M,46.5
199001,1990-01-01,14,JO2M,49.4
199002,1990-02-01,14,JO2M,48.9
199003,1990-03-01,14,JO2M,47.9
199004,1990-04-01,14,JO2M,47.7
199005,1990-05-01,14,JO2M,47.9
199006,1990-06-01,14,JO2M,47.6
199007,1990-07-01,14,JO2M,47.0
199008,1990-08-01,14,JO2M,47.6
199009,1990-09-01,14,JO2M,46.7
199010,1990-10-01,14,JO2M,47.6
199011,1990-11-01,14,JO2M,46.8
199012,1990-12-01,14,JO2M,46.1
199101,1991-01-01,14,JO2M,44.0
199102,1991-02-01,14,JO2M,43.9
199103,1991-03-01,14,JO2M,48.6
199104,1991-04-01,14,JO2M,43.5
199105,1991-05-01,14,JO2M,43.8
199106,1991-06-01,14,JO2M,45.4
199107,1991-07-01,14,JO2M,45.2
199108,1991-08-01,14,JO2M,44.0
199109,1991-09-01,14,JO2M,44.1
199110,1991-10-01,14,JO2M,43.5
199111,1991-11-01,14,JO2M,42.9
199112,1991-12-01,14,JO2M,44.3
199201,1992-01-01,14,JO2M,43.8
199202,1992-02-01,14,JO2M,44.9
199203,1992-03-01,14,JO2M,43.2
199204,1992-04-01,14,JO2M,43.1
199205,1992-05-01,14,JO2M,41.0
199206,1992-06-01,14,JO2M,43.5
199207,1992-07-01,14,JO2M,43.8
199208,1992-08-01,14,JO2M,43.9
199209,1992-09-01,14,JO2M,43.3
199210,1992-10-01,14,JO2M,42.6
199211,1992-11-01,14,JO2M,43.3
199212,1992-12-01,14,JO2M,43.1
199301,1993-01-01,14,JO2M,46.0
199302,1993-02-01,14,JO2M,45.3
199303,1993-03-01,14,JO2M,46.6
199304,1993-04-01,14,JO2M,46.7
199305,1993-05-01,14,JO2M,46.5
199306,1993-06-01,14,JO2M,46.1
199307,1993-07-01,14,JO2M,47.5
199308,1993-08-01,14,JO2M,47.7
199309,1993-09-01,14,JO2M,48.2
199310,1993-10-01,14,JO2M,47.8
199311,1993-11-01,14,JO2M,47.4
199312,1993-12-01,14,JO2M,45.0
199401,1994-01-01,14,JO2M,51.1
199402,1994-02-01,14,JO2M,48.1
199403,1994-03-01,14,JO2M,48.1
199404,1994-04-01,14,JO2M,48.4
199405,1994-05-01,14,JO2M,48.8
199406,1994-06-01,14,JO2M,45.9
199407,1994-07-01,14,JO2M,44.0
199408,1994-08-01,14,JO2M,47.2
199409,1994-09-01,14,JO2M,47.7
199410,1994-10-01,14,JO2M,47.4
199411,1994-11-01,14,JO2M,47.8
199412,1994-12-01,14,JO2M,46.9
199501,1995-01-01,14,JO2M,46.4
199502,1995-02-01,14,JO2M,46.5
199503,1995-03-01,14,JO2M,46.7
199504,1995-04-01,14,JO2M,44.8
199505,1995-05-01,14,JO2M,45.3
199506,1995-06-01,14,JO2M,45.4
199507,1995-07-01,14,JO2M,44.6
199508,1995-08-01,14,JO2M,43.1
199509,1995-09-01,14,JO2M,45.4
199510,1995-10-01,14,JO2M,46.2
199511,1995-11-01,14,JO2M,47.0
199512,1995-12-01,14,JO2M,46.1
199601,1996-01-01,14,JO2M,46.3
199602,1996-02-01,14,JO2M,47.2
199603,1996-03-01,14,JO2M,47.1
199604,1996-04-01,14,JO2M,49.0
199605,1996-05-01,14,JO2M,51.2
199606,1996-06-01,14,JO2M,49.0
199607,1996-07-01,14,JO2M,48.1
199608,1996-08-01,14,JO2M,48.9
199609,1996-09-01,14,JO2M,50.0
199610,1996-10-01,14,JO2M,51.4
199611,1996-11-01,14,JO2M,50.2
199612,1996-12-01,14,JO2M,52.2
199701,1997-01-01,14,JO2M,51.5
199702,1997-02-01,14,JO2M,53.2
199703,1997-03-01,14,JO2M,52.7
199704,1997-04-01,14,JO2M,51.8
199705,1997-05-01,14,JO2M,53.3
199706,1997-06-01,14,JO2M,58.6
199707,1997-07-01,14,JO2M,56.7
199708,1997-08-01,14,JO2M,55.5
199709,1997-09-01,14,JO2M,55.0
199710,1997-10-01,14,JO2M,56.4
199711,1997-11-01,14,JO2M,56.4
199712,1997-12-01,14,JO2M,60.7
199801,1998-01-01,14,JO2M,57.1
199802,1998-02-01,14,JO2M,55.9
199803,1998-03-01,14,JO2M,58.2
199804,1998-04-01,14,JO2M,59.7
199805,1998-05-01,14,JO2M,55.9
199806,1998-06-01,14,JO2M,60.1
199807,1998-07-01,14,JO2M,59.9
199808,1998-08-01,14,JO2M,57.3
199809,1998-09-01,14,JO2M,59.0
199810,1998-10-01,14,JO2M,55.9
199811,1998-11-01,14,JO2M,56.3
199812,1998-12-01,14,JO2M,59.8
199901,1999-01-01,14,JO2M,56.3
199902,1999-02-01,14,JO2M,56.3
199903,1999-03-01,14,JO2M,54.7
199904,1999-04-01,14,JO2M,55.4
199905,1999-05-01,14,JO2M,56.8
199906,1999-06-01,14,JO2M,58.4
199907,1999-07-01,14,JO2M,56.3
199908,1999-08-01,14,JO2M,60.1
199909,1999-09-01,14,JO2M,58.5
199910,1999-10-01,14,JO2M,59.3
199911,1999-11-01,14,JO2M,59.5
199912,1999-12-01,14,JO2M,60.8
200001,2000-01-01,14,JO2M,61.5
200002,2000-02-01,14,JO2M,57.0
200003,2000-03-01,14,JO2M,57.8
200004,2000-04-01,14,JO2M,56.8
200005,2000-05-01,14,JO2M,57.3
200006,2000-06-01,14,JO2M,57.5
200007,2000-07-01,14,JO2M,58.0
200008,2000-08-01,14,JO2M,58.2
200009,2000-09-01,14,JO2M,57.3
200010,2000-10-01,14,JO2M,56.4
200011,2000-11-01,14,JO2M,59.5
200012,2000-12-01,14,JO2M,58.3
200101,2001-01-01,14,JO2M,61.2
200102,2001-02-01,14,JO2M,60.9
200103,2001-03-01,14,JO2M,59.3
200104,2001-04-01,14,JO2M,60.5
200105,2001-05-01,14,JO2M,58.6
200106,2001-06-01,14,JO2M,58.2
200107,2001-07-01,14,JO2M,58.5
200108,2001-08-01,14,JO2M,58.5
200109,2001-09-01,14,JO2M,58.8
200110,2001-10-01,14,JO2M,59.8
200111,2001-11-01,14,JO2M,59.0
200112,2001-12-01,14,JO2M,59.2
200201,2002-01-01,14,JO2M,61.2
200202,2002-02-01,14,JO2M,64.1
200203,2002-03-01,14,JO2M,65.8
200204,2002-04-01,14,JO2M,66.4
200205,2002-05-01,14,JO2M,66.8
200206,2002-06-01,14,JO2M,64.1
200207,2002-07-01,14,JO2M,65.6
200208,2002-08-01,14,JO2M,66.0
200209,2002-09-01,14,JO2M,66.1
200210,2002-10-01,14,JO2M,67.9
200211,2002-11-01,14,JO2M,65.6
200212,2002-12-01,14,JO2M,64.7
200301,2003-01-01,14,JO2M,59.8
200302,2003-02-01,14,JO2M,62.5
200303,2003-03-01,14,JO2M,63.4
200304,2003-04-01,14,JO2M,62.3
200305,2003-05-01,14,JO2M,66.3
200306,2003-06-01,14,JO2M,63.1
200307,2003-07-01,14,JO2M,62.9
200308,2003-08-01,14,JO2M,61.6
200309,2003-09-01,14,JO2M,63.6
200310,2003-10-01,14,JO2M,64.9
200311,2003-11-01,14,JO2M,64.6
200312,2003-12-01,14,JO2M,64.6
200401,2004-01-01,14,JO2M,66.1
200402,2004-02-01,14,JO2M,66.7
200403,2004-03-01,14,JO2M,65.2
200404,2004-04-01,14,JO2M,64.3
200405,2004-05-01,14,JO2M,66.6
200406,2004-06-01,14,JO2M,65.9
200407,2004-07-01,14,JO2M,67.7
200408,2004-08-01,14,JO2M,65.9
200409,2004-09-01,14,JO2M,68.3
200410,2004-10-01,14,JO2M,66.1
200411,2004-11-01,14,JO2M,69.7
200412,2004-12-01,14,JO2M,63.4
200501,2005-01-01,14,JO2M,64.9
200502,2005-02-01,14,JO2M,66.8
200503,2005-03-01,14,JO2M,64.9
200504,2005-04-01,14,JO2M,66.1
200505,2005-05-01,14,JO2M,63.2
200506,2005-06-01,14,JO2M,62.5
200507,2005-07-01,14,JO2M,62.9
200508,2005-08-01,14,JO2M,64.1
200509,2005-09-01,14,JO2M,64.0
200510,2005-10-01,14,JO2M,64.3
200511,2005-11-01,14,JO2M,64.7
200512,2005-12-01,14,JO2M,66.8
200601,2006-01-01,14,JO2M,66.8
200602,2006-02-01,14,JO2M,65.8
200603,2006-03-01,14,JO2M,68.0
200604,2006-04-01,14,JO2M,67.9
200605,2006-05-01,14,JO2M,66.3
200606,2006-06-01,14,JO2M,66.9
200607,2006-07-01,14,JO2M,64.4
200608,2006-08-01,14,JO2M,69.0
200609,2006-09-01,14,JO2M,67.7
200610,2006-10-01,14,JO2M,67.5
200611,2006-11-01,14,JO2M,69.3
200612,2006-12-01,14,JO2M,70.4
200701,2007-01-01,14,JO2M,66.1
200702,2007-02-01,14,JO2M,69.2
200703,2007-03-01,14,JO2M,72.2
200704,2007-04-01,14,JO2M,68.2
200705,2007-05-01,14,JO2M,71.7
200706,2007-06-01,14,JO2M,72.5
200707,2007-07-01,14,JO2M,72.8
200708,2007-08-01,14,JO2M,68.7
200709,2007-09-01,14,JO2M,67.9
200710,2007-10-01,14,JO2M,65.0
200711,2007-11-01,14,JO2M,68.2
200712,2007-12-01,14,JO2M,67.1
200801,2008-01-01,14,JO2M,68.2
200802,2008-02-01,14,JO2M,71.3
200803,2008-03-01,14,JO2M,71.7
200804,2008-04-01,14,JO2M,71.7
200805,2008-05-01,14,JO2M,71.5
200806,2008-06-01,14,JO2M,71.4
200807,2008-07-01,14,JO2M,67.6
200808,2008-08-01,14,JO2M,68.0
200809,2008-09-01,14,JO2M,66.2
200810,2008-10-01,14,JO2M,66.0
200811,2008-11-01,14,JO2M,63.6
200812,2008-12-01,14,JO2M,62.5
200901,2009-01-01,14,JO2M,62.8
200902,2009-02-01,14,JO2M,58.9
200903,2009-03-01,14,JO2M,58.8
200904,2009-04-01,14,JO2M,61.4
200905,2009-05-01,14,JO2M,62.0
200906,2009-06-01,14,JO2M,62.4
200907,2009-07-01,14,JO2M,65.9
200908,2009-08-01,14,JO2M,66.6
200909,2009-09-01,14,JO2M,66.3
200910,2009-10-01,14,JO2M,67.4
200911,2009-11-01,14,JO2M,68.0
200912,2009-12-01,14,JO2M,65.9
201001,2010-01-01,14,JO2M,55.7
201002,2010-02-01,14,JO2M,64.0
201003,2010-03-01,14,JO2M,62.9
201004,2010-04-01,14,JO2M,60.7
201005,2010-05-01,14,JO2M,62.1
201006,2010-06-01,14,JO2M,59.3
201007,2010-07-01,14,JO2M,60.0
201008,2010-08-01,14,JO2M,61.1
201009,2010-09-01,14,JO2M,60.3
201010,2010-10-01,14,JO2M,61.4
201011,2010-11-01,14,JO2M,61.5
201012,2010-12-01,14,JO2M,58.3
201101,2011-01-01,14,JO2M,63.2
201102,2011-02-01,14,JO2M,66.2
201103,2011-03-01,14,JO2M,61.9
201104,2011-04-01,14,JO2M,58.5
201105,2011-05-01,14,JO2M,60.7
201106,2011-06-01,14,JO2M,62.2
201107,2011-07-01,14,JO2M,62.7
201108,2011-08-01,14,JO2M,62.9
201109,2011-09-01,14,JO2M,65.1
201110,2011-10-01,14,JO2M,63.6
201111,2011-11-01,14,JO2M,63.3
201112,2011-12-01,14,JO2M,63.5
201201,2012-01-01,14,JO2M,61.1
201202,2012-02-01,14,JO2M,62.2
201203,2012-03-01,14,JO2M,64.3
201204,2012-04-01,14,JO2M,68.3
201205,2012-05-01,14,JO2M,67.3
201206,2012-06-01,14,JO2M,70.6
201207,2012-07-01,14,JO2M,65.8
201208,2012-08-01,14,JO2M,64.7
201209,2012-09-01,14,JO2M,64.9
201210,2012-10-01,14,JO2M,65.6
201211,2012-11-01,14,JO2M,64.6
201212,2012-12-01,14,JO2M,64.4
201301,2013-01-01,14,JO2M,65.7
201302,2013-02-01,14,JO2M,67.0
201303,2013-03-01,14,JO2M,66.0
201304,2013-04-01,14,JO2M,63.1
201305,2013-05-01,14,JO2M,69.6
201306,2013-06-01,14,JO2M,66.3
201307,2013-07-01,14,JO2M,66.6
201308,2013-08-01,14,JO2M,60.6
201309,2013-09-01,14,JO2M,65.9
201310,2013-10-01,14,JO2M,64.7
201311,2013-11-01,14,JO2M,66.0
201312,2013-12-01,14,JO2M,71.0
201401,2014-01-01,14,JO2M,69.3
201402,2014-02-01,14,JO2M,69.3
201403,2014-03-01,14,JO2M,68.8
201404,2014-04-01,14,JO2M,69.1
201405,2014-05-01,14,JO2M,68.4
201406,2014-06-01,14,JO2M,71.9
201407,2014-07-01,14,JO2M,71.8
201408,2014-08-01,14,JO2M,73.4
201409,2014-09-01,14,JO2M,73.1
201410,2014-10-01,14,JO2M,76.7
201411,2014-11-01,14,JO2M,74.8
201412,2014-12-01,14,JO2M,74.5
201501,2015-01-01,14,JO2M,75.3
201502,2015-02-01,14,JO2M,75.5
201503,2015-03-01,14,JO2M,80.1
201504,2015-04-01,14,JO2M,79.3
201505,2015-05-01,14,JO2M,81.0
201506,2015-06-01,14,JO2M,81.8
201507,2015-07-01,14,JO2M,84.6
201508,2015-08-01,14,JO2M,76.0
201509,2015-09-01,14,JO2M,80.8
201510,2015-10-01,14,JO2M,79.5
201511,2015-11-01,14,JO2M,79.2
201512,2015-12-01,14,JO2M,81.2
201601,2016-01-01,14,JO2M,84.5
201602,2016-02-01,14,JO2M,84.0
201603,2016-03-01,14,JO2M,82.7
201604,2016-04-01,14,JO2M,84.8
201605,2016-05-01,14,JO2M,83.3
201606,2016-06-01,14,JO2M,78.1
201607,2016-07-01,14,JO2M,78.5
201608,2016-08-01,14,JO2M,80.3
201609,2016-09-01,14,JO2M,80.2
201610,2016-10-01,14,JO2M,81.3
201611,2016-11-01,14,JO2M,82.5
201612,2016-12-01,14,JO2M,82.7
201701,2017-01-01,14,JO2M,79.4
201702,2017-02-01,14,JO2M,80.4
201703,2017-03-01,14,JO2M,83.2
201704,2017-04-01,14,JO2M,88.2
201705,2017-05-01,14,JO2M,82.5
201706,2017-06-01,14,JO2M,83.6
201707,2017-07-01,14,JO2M,86.0
201708,2017-08-01,14,JO2M,79.7
201709,2017-09-01,14,JO2M,84.3
201710,2017-10-01,14,JO2M,86.4
201711,2017-11-01,14,JO2M,88.2
201712,2017-12-01,14,JO2M,85.1
201801,2018-01-01,14,JO2M,90.3
201802,2018-02-01,14,JO2M,90.1
201803,2018-03-01,14,JO2M,86.5
201804,2018-04-01,14,JO2M,86.9
201805,2018-05-01,14,JO2M,87.9
201806,2018-06-01,14,JO2M,85.3
201807,2018-07-01,14,JO2M,84.0
201808,2018-08-01,14,JO2M,89.2
201809,2018-09-01,14,JO2M,90.4
201810,2018-10-01,14,JO2M,86.0
201811,2018-11-01,14,JO2M,91.2
201812,2018-12-01,14,JO2M,90.2
201901,2019-01-01,14,JO2M,84.6
201902,2019-02-01,14,JO2M,90.7
201903,2019-03-01,14,JO2M,89.7
201904,2019-04-01,14,JO2M,90.4
201905,2019-05-01,14,JO2M,90.0
201906,2019-06-01,14,JO2M,91.2
201907,2019-07-01,14,JO2M,78.1
201908,2019-08-01,14,JO2M,88.4
201909,2019-09-01,14,JO2M,90.8
201910,2019-10-01,14,JO2M,92.6
201911,2019-11-01,14,JO2M,87.9
201912,2019-12-01,14,JO2M,90.4
202001,2020-01-01,14,JO2M,87.6
202002,2020-02-01,14,JO2M,85.8
202003,2020-03-01,14,JO2M,66.8
202004,2020-04-01,14,JO2M,20.5
202005,2020-05-01,14,JO2M,32.8
202006,2020-06-01,14,JO2M,75.9
202007,2020-07-01,14,JO2M,91.0
202008,2020-08-01,14,JO2M,91.0
202009,2020-09-01,14,JO2M,94.4
202010,2020-10-01,14,JO2M,99.8
202011,2020-11-01,14,JO2M,84.5
202012,2020-12-01,14,JO2M,92.2
202101,2021-01-01,14,JO2M,67.1
202102,2021-02-01,14,JO2M,69.3
202103,2021-03-01,14,JO2M,71.4
202104,2021-04-01,14,JO2M,93.4
202105,2021-05-01,14,JO2M,111.3
202106,2021-06-01,14,JO2M,95.6
202107,2021-07-01,14,JO2M,94.8
202108,2021-08-01,14,JO2M,93.0
202109,2021-09-01,14,JO2M,85.9
202110,2021-10-01,14,JO2M,91.2
202111,2021-11-01,14,JO2M,87.4
202112,2021-12-01,14,JO2M,81.1
202201,2022-01-01,14,JO2M,96.4
202202,2022-02-01,14,JO2M,96.1
202203,2022-03-01,14,JO2M,103.4
202204,2022-04-01,14,JO2M,102.8
202205,2022-05-01,14,JO2M,99.0
202206,2022-06-01,14,JO2M,98.4
202207,2022-07-01,14,JO2M,96.7
202208,2022-08-01,14,JO2M,97.2
202209,2022-09-01,14,JO2M,98.6
202210,2022-10-01,14,JO2M,96.8
202211,2022-11-01,14,JO2M,100.9
202212,2022-12-01,14,JO2M,99.7
202301,2023-01-01,14,JO2M,98.2
202302,2023-02-01,14,JO2M,97.0
202303,2023-03-01,14,JO2M,102.0
202304,2023-04-01,14,JO2M,103.5
202305,2023-05-01,14,JO2M,102.7
202306,2023-06-01,14,JO2M,103.0
202307,2023-07-01,14,JO2M,102.3
202308,2023-08-01,14,JO2M,101.9
202309,2023-09-01,14,JO2M,99.3
202310,2023-10-01,14,JO2M,96.5
202311,2023-11-01,14,JO2M,98.8
202312,2023-12-01,14,JO2M,95.1
202401,2024-01-01,14,JO2M,91.3
202402,2024-02-01,14,JO2M,90.5
202403,2024-03-01,14,JO2M,90.0
202404,2024-04-01,14,JO2M,86.7
202405,2024-05-01,14,JO2M,92.0
202406,2024-06-01,14,JO2M,86.9
202407,2024-07-01,14,JO2M,85.7
202408,2024-08-01,14,JO2M,87.5
202409,2024-09-01,14,JO2M,87.7
202410,2024-10-01,14,JO2M,89.1
202411,2024-11-01,14,JO2M,89.9
202412,2024-12-01,14,JO2M,91.0
202501,2025-01-01,14,JO2M,91.6
202502,2025-02-01,14,JO2M,96.5
202503,2025-03-01,14,JO2M,91.4
202504,2025-04-01,14,JO2M,90.4
202505,2025-05-01,14,JO2M,89.5
202506,2025-06-01,14,JO2M,88.6
202507,2025-07-01,14,JO2M,88.2
202508,2025-08-01,14,JO2M,90.3
202509,2025-09-01,14,JO2M,91.4
202510,2025-10-01,14,JO2M,92.6
202511,2025-11-01,14,JO2M,91.8
202512,2025-12-01,14,JO2M,91.1
202601,2026-01-01,14,JO2M,97.6
202602,2026-02-01,14,JO2M,94.5
202603,2026-03-01,14,JO2M,95.9
202604,2026-04-01,14,JO2M,97.4
202605,2026-05-01,14,JO2M,99.4
202606,2026-06-01,14,JO2M,100.2
198801,1988-01-01,15,JO2L,85.1
198802,1988-02-01,15,JO2L,80.4
198803,1988-03-01,15,JO2L,82.3
198804,1988-04-01,15,JO2L,82.6
198805,1988-05-01,15,JO2L,84.2
198806,1988-06-01,15,JO2L,82.2
198807,1988-07-01,15,JO2L,91.4
198808,1988-08-01,15,JO2L,88.6
198809,1988-09-01,15,JO2L,86.3
198810,1988-10-01,15,JO2L,88.8
198811,1988-11-01,15,JO2L,85.1
198812,1988-12-01,15,JO2L,83.2
198901,1989-01-01,15,JO2L,86.4
198902,1989-02-01,15,JO2L,85.2
198903,1989-03-01,15,JO2L,80.2
198904,1989-04-01,15,JO2L,94.3
198905,1989-05-01,15,JO2L,88.3
198906,1989-06-01,15,JO2L,87.5
198907,1989-07-01,15,JO2L,86.6
198908,1989-08-01,15,JO2L,88.9
198909,1989-09-01,15,JO2L,87.3
198910,1989-10-01,15,JO2L,88.2
198911,1989-11-01,15,JO2L,86.7
198912,1989-12-01,15,JO2L,89.0
199001,1990-01-01,15,JO2L,87.5
199002,1990-02-01,15,JO2L,89.0
199003,1990-03-01,15,JO2L,85.9
199004,1990-04-01,15,JO2L,87.9
199005,1990-05-01,15,JO2L,94.9
199006,1990-06-01,15,JO2L,91.9
199007,1990-07-01,15,JO2L,88.3
199008,1990-08-01,15,JO2L,89.9
199009,1990-09-01,15,JO2L,87.7
199010,1990-10-01,15,JO2L,88.9
199011,1990-11-01,15,JO2L,87.3
199012,1990-12-01,15,JO2L,92.4
199101,1991-01-01,15,JO2L,86.9
199102,1991-02-01,15,JO2L,88.1
199103,1991-03-01,15,JO2L,93.6
199104,1991-04-01,15,JO2L,92.5
199105,1991-05-01,15,JO2L,86.1
199106,1991-06-01,15,JO2L,90.5
199107,1991-07-01,15,JO2L,89.7
199108,1991-08-01,15,JO2L,85.9
199109,1991-09-01,15,JO2L,89.8
199110,1991-10-01,15,JO2L,83.8
199111,1991-11-01,15,JO2L,91.6
199112,1991-12-01,15,JO2L,90.8
199201,1992-01-01,15,JO2L,89.3
199202,1992-02-01,15,JO2L,88.3
199203,1992-03-01,15,JO2L,87.1
199204,1992-04-01,15,JO2L,84.6
199205,1992-05-01,15,JO2L,83.1
199206,1992-06-01,15,JO2L,84.5
199207,1992-07-01,15,JO2L,88.3
199208,1992-08-01,15,JO2L,89.4
199209,1992-09-01,15,JO2L,88.5
199210,1992-10-01,15,JO2L,85.6
199211,1992-11-01,15,JO2L,88.3
199212,1992-12-01,15,JO2L,88.4
199301,1993-01-01,15,JO2L,91.7
199302,1993-02-01,15,JO2L,94.5
199303,1993-03-01,15,JO2L,91.5
199304,1993-04-01,15,JO2L,91.8
199305,1993-05-01,15,JO2L,92.8
199306,1993-06-01,15,JO2L,92.1
199307,1993-07-01,15,JO2L,93.6
199308,1993-08-01,15,JO2L,93.7
199309,1993-09-01,15,JO2L,93.6
199310,1993-10-01,15,JO2L,94.7
199311,1993-11-01,15,JO2L,96.4
199312,1993-12-01,15,JO2L,93.2
199401,1994-01-01,15,JO2L,96.5
199402,1994-02-01,15,JO2L,93.4
199403,1994-03-01,15,JO2L,94.1
199404,1994-04-01,15,JO2L,95.4
199405,1994-05-01,15,JO2L,96.3
199406,1994-06-01,15,JO2L,96.2
199407,1994-07-01,15,JO2L,95.8
199408,1994-08-01,15,JO2L,97.2
199409,1994-09-01,15,JO2L,96.3
199410,1994-10-01,15,JO2L,98.1
199411,1994-11-01,15,JO2L,98.3
199412,1994-12-01,15,JO2L,100.1
199501,1995-01-01,15,JO2L,96.8
199502,1995-02-01,15,JO2L,97.9
199503,1995-03-01,15,JO2L,99.7
199504,1995-04-01,15,JO2L,100.5
199505,1995-05-01,15,JO2L,104.5
199506,1995-06-01,15,JO2L,104.4
199507,1995-07-01,15,JO2L,104.0
199508,1995-08-01,15,JO2L,105.5
199509,1995-09-01,15,JO2L,107.4
199510,1995-10-01,15,JO2L,110.4
199511,1995-11-01,15,JO2L,107.6
199512,1995-12-01,15,JO2L,113.4
199601,1996-01-01,15,JO2L,105.3
199602,1996-02-01,15,JO2L,111.6
199603,1996-03-01,15,JO2L,115.3
199604,1996-04-01,15,JO2L,104.3
199605,1996-05-01,15,JO2L,111.2
199606,1996-06-01,15,JO2L,109.3
199607,1996-07-01,15,JO2L,111.2
199608,1996-08-01,15,JO2L,113.6
199609,1996-09-01,15,JO2L,118.0
199610,1996-10-01,15,JO2L,115.1
199611,1996-11-01,15,JO2L,123.3
199612,1996-12-01,15,JO2L,115.3
199701,1997-01-01,15,JO2L,116.1
199702,1997-02-01,15,JO2L,118.4
199703,1997-03-01,15,JO2L,112.1
199704,1997-04-01,15,JO2L,123.1
199705,1997-05-01,15,JO2L,121.1
199706,1997-06-01,15,JO2L,132.8
199707,1997-07-01,15,JO2L,123.4
199708,1997-08-01,15,JO2L,122.8
199709,1997-09-01,15,JO2L,119.9
199710,1997-10-01,15,JO2L,123.0
199711,1997-11-01,15,JO2L,125.5
199712,1997-12-01,15,JO2L,120.8
199801,1998-01-01,15,JO2L,126.1
199802,1998-02-01,15,JO2L,124.7
199803,1998-03-01,15,JO2L,125.3
199804,1998-04-01,15,JO2L,124.6
199805,1998-05-01,15,JO2L,120.1
199806,1998-06-01,15,JO2L,124.3
199807,1998-07-01,15,JO2L,125.4
199808,1998-08-01,15,JO2L,121.2
199809,1998-09-01,15,JO2L,126.5
199810,1998-10-01,15,JO2L,124.8
199811,1998-11-01,15,JO2L,125.6
199812,1998-12-01,15,JO2L,128.9
199901,1999-01-01,15,JO2L,137.5
199902,1999-02-01,15,JO2L,130.2
199903,1999-03-01,15,JO2L,130.5
199904,1999-04-01,15,JO2L,127.2
199905,1999-05-01,15,JO2L,134.1
199906,1999-06-01,15,JO2L,132.6
199907,1999-07-01,15,JO2L,133.3
199908,1999-08-01,15,JO2L,135.2
199909,1999-09-01,15,JO2L,132.8
199910,1999-10-01,15,JO2L,132.3
199911,1999-11-01,15,JO2L,131.7
199912,1999-12-01,15,JO2L,128.8
200001,2000-01-01,15,JO2L,146.0
200002,2000-02-01,15,JO2L,133.2
200003,2000-03-01,15,JO2L,135.8
200004,2000-04-01,15,JO2L,135.8
200005,2000-05-01,15,JO2L,134.2
200006,2000-06-01,15,JO2L,137.1
200007,2000-07-01,15,JO2L,137.0
200008,2000-08-01,15,JO2L,139.5
200009,2000-09-01,15,JO2L,137.2
200010,2000-10-01,15,JO2L,139.4
200011,2000-11-01,15,JO2L,137.1
200012,2000-12-01,15,JO2L,142.2
200101,2001-01-01,15,JO2L,142.3
200102,2001-02-01,15,JO2L,143.9
200103,2001-03-01,15,JO2L,150.0
200104,2001-04-01,15,JO2L,153.4
200105,2001-05-01,15,JO2L,150.2
200106,2001-06-01,15,JO2L,153.1
200107,2001-07-01,15,JO2L,154.0
200108,2001-08-01,15,JO2L,156.0
200109,2001-09-01,15,JO2L,149.9
200110,2001-10-01,15,JO2L,162.9
200111,2001-11-01,15,JO2L,147.6
200112,2001-12-01,15,JO2L,163.2
200201,2002-01-01,15,JO2L,152.7
200202,2002-02-01,15,JO2L,154.5
200203,2002-03-01,15,JO2L,147.0
200204,2002-04-01,15,JO2L,147.8
200205,2002-05-01,15,JO2L,151.1
200206,2002-06-01,15,JO2L,145.8
200207,2002-07-01,15,JO2L,142.8
200208,2002-08-01,15,JO2L,141.6
200209,2002-09-01,15,JO2L,149.2
200210,2002-10-01,15,JO2L,148.5
200211,2002-11-01,15,JO2L,159.3
200212,2002-12-01,15,JO2L,149.1
200301,2003-01-01,15,JO2L,145.1
200302,2003-02-01,15,JO2L,148.8
200303,2003-03-01,15,JO2L,147.5
200304,2003-04-01,15,JO2L,146.2
200305,2003-05-01,15,JO2L,146.8
200306,2003-06-01,15,JO2L,143.5
200307,2003-07-01,15,JO2L,148.1
200308,2003-08-01,15,JO2L,149.5
200309,2003-09-01,15,JO2L,147.4
200310,2003-10-01,15,JO2L,145.3
200311,2003-11-01,15,JO2L,150.8
200312,2003-12-01,15,JO2L,144.9
200401,2004-01-01,15,JO2L,146.4
200402,2004-02-01,15,JO2L,148.1
200403,2004-03-01,15,JO2L,149.2
200404,2004-04-01,15,JO2L,145.9
200405,2004-05-01,15,JO2L,143.0
200406,2004-06-01,15,JO2L,151.4
200407,2004-07-01,15,JO2L,149.1
200408,2004-08-01,15,JO2L,148.2
200409,2004-09-01,15,JO2L,152.4
200410,2004-10-01,15,JO2L,147.3
200411,2004-11-01,15,JO2L,149.4
200412,2004-12-01,15,JO2L,140.0
200501,2005-01-01,15,JO2L,149.8
200502,2005-02-01,15,JO2L,141.3
200503,2005-03-01,15,JO2L,139.2
200504,2005-04-01,15,JO2L,143.0
200505,2005-05-01,15,JO2L,140.7
200506,2005-06-01,15,JO2L,139.1
200507,2005-07-01,15,JO2L,141.2
200508,2005-08-01,15,JO2L,136.4
200509,2005-09-01,15,JO2L,139.3
200510,2005-10-01,15,JO2L,139.5
200511,2005-11-01,15,JO2L,138.0
200512,2005-12-01,15,JO2L,141.9
200601,2006-01-01,15,JO2L,141.0
200602,2006-02-01,15,JO2L,140.7
200603,2006-03-01,15,JO2L,140.9
200604,2006-04-01,15,JO2L,147.4
200605,2006-05-01,15,JO2L,149.5
200606,2006-06-01,15,JO2L,145.7
200607,2006-07-01,15,JO2L,137.5
200608,2006-08-01,15,JO2L,146.8
200609,2006-09-01,15,JO2L,138.5
200610,2006-10-01,15,JO2L,139.8
200611,2006-11-01,15,JO2L,139.6
200612,2006-12-01,15,JO2L,144.4
200701,2007-01-01,15,JO2L,143.2
200702,2007-02-01,15,JO2L,146.6
200703,2007-03-01,15,JO2L,146.7
200704,2007-04-01,15,JO2L,137.4
200705,2007-05-01,15,JO2L,142.2
200706,2007-06-01,15,JO2L,149.4
200707,2007-07-01,15,JO2L,146.9
200708,2007-08-01,15,JO2L,142.2
200709,2007-09-01,15,JO2L,140.9
200710,2007-10-01,15,JO2L,146.0
200711,2007-11-01,15,JO2L,136.9
200712,2007-12-01,15,JO2L,145.2
200801,2008-01-01,15,JO2L,142.5
200802,2008-02-01,15,JO2L,135.0
200803,2008-03-01,15,JO2L,141.5
200804,2008-04-01,15,JO2L,138.8
200805,2008-05-01,15,JO2L,135.9
200806,2008-06-01,15,JO2L,130.9
200807,2008-07-01,15,JO2L,129.4
200808,2008-08-01,15,JO2L,136.7
200809,2008-09-01,15,JO2L,128.5
200810,2008-10-01,15,JO2L,117.1
200811,2008-11-01,15,JO2L,128.3
200812,2008-12-01,15,JO2L,133.0
200901,2009-01-01,15,JO2L,125.7
200902,2009-02-01,15,JO2L,129.8
200903,2009-03-01,15,JO2L,124.0
200904,2009-04-01,15,JO2L,124.8
200905,2009-05-01,15,JO2L,126.3
200906,2009-06-01,15,JO2L,121.0
200907,2009-07-01,15,JO2L,130.7
200908,2009-08-01,15,JO2L,130.6
200909,2009-09-01,15,JO2L,131.4
200910,2009-10-01,15,JO2L,131.3
200911,2009-11-01,15,JO2L,133.3
200912,2009-12-01,15,JO2L,130.9
201001,2010-01-01,15,JO2L,108.3
201002,2010-02-01,15,JO2L,127.8
201003,2010-03-01,15,JO2L,131.1
201004,2010-04-01,15,JO2L,116.8
201005,2010-05-01,15,JO2L,127.6
201006,2010-06-01,15,JO2L,136.6
201007,2010-07-01,15,JO2L,131.1
201008,2010-08-01,15,JO2L,127.6
201009,2010-09-01,15,JO2L,126.8
201010,2010-10-01,15,JO2L,124.9
201011,2010-11-01,15,JO2L,121.3
201012,2010-12-01,15,JO2L,119.1
201101,2011-01-01,15,JO2L,123.4
201102,2011-02-01,15,JO2L,113.6
201103,2011-03-01,15,JO2L,115.4
201104,2011-04-01,15,JO2L,109.6
201105,2011-05-01,15,JO2L,113.6
201106,2011-06-01,15,JO2L,113.6
201107,2011-07-01,15,JO2L,110.1
201108,2011-08-01,15,JO2L,114.1
201109,2011-09-01,15,JO2L,118.1
201110,2011-10-01,15,JO2L,121.5
201111,2011-11-01,15,JO2L,106.1
201112,2011-12-01,15,JO2L,105.9
201201,2012-01-01,15,JO2L,121.3
201202,2012-02-01,15,JO2L,116.2
201203,2012-03-01,15,JO2L,115.4
201204,2012-04-01,15,JO2L,120.4
201205,2012-05-01,15,JO2L,119.9
201206,2012-06-01,15,JO2L,116.1
201207,2012-07-01,15,JO2L,118.6
201208,2012-08-01,15,JO2L,109.3
201209,2012-09-01,15,JO2L,105.2
201210,2012-10-01,15,JO2L,107.6
201211,2012-11-01,15,JO2L,106.3
201212,2012-12-01,15,JO2L,103.6
201301,2013-01-01,15,JO2L,88.0
201302,2013-02-01,15,JO2L,95.2
201303,2013-03-01,15,JO2L,91.3
201304,2013-04-01,15,JO2L,95.1
201305,2013-05-01,15,JO2L,95.2
201306,2013-06-01,15,JO2L,94.7
201307,2013-07-01,15,JO2L,91.9
201308,2013-08-01,15,JO2L,97.1
201309,2013-09-01,15,JO2L,96.8
201310,2013-10-01,15,JO2L,95.6
201311,2013-11-01,15,JO2L,96.6
201312,2013-12-01,15,JO2L,95.3
201401,2014-01-01,15,JO2L,98.7
201402,2014-02-01,15,JO2L,97.0
201403,2014-03-01,15,JO2L,99.1
201404,2014-04-01,15,JO2L,99.4
201405,2014-05-01,15,JO2L,96.1
201406,2014-06-01,15,JO2L,98.6
201407,2014-07-01,15,JO2L,95.5
201408,2014-08-01,15,JO2L,99.1
201409,2014-09-01,15,JO2L,98.1
201410,2014-10-01,15,JO2L,99.7
201411,2014-11-01,15,JO2L,89.5
201412,2014-12-01,15,JO2L,103.7
201501,2015-01-01,15,JO2L,100.6
201502,2015-02-01,15,JO2L,104.0
201503,2015-03-01,15,JO2L,105.7
201504,2015-04-01,15,JO2L,97.5
201505,2015-05-01,15,JO2L,100.2
201506,2015-06-01,15,JO2L,97.8
201507,2015-07-01,15,JO2L,102.9
201508,2015-08-01,15,JO2L,98.4
201509,2015-09-01,15,JO2L,101.2
201510,2015-10-01,15,JO2L,99.6
201511,2015-11-01,15,JO2L,100.4
201512,2015-12-01,15,JO2L,103.5
201601,2016-01-01,15,JO2L,98.7
201602,2016-02-01,15,JO2L,96.5
201603,2016-03-01,15,JO2L,94.1
201604,2016-04-01,15,JO2L,88.7
201605,2016-05-01,15,JO2L,99.1
201606,2016-06-01,15,JO2L,100.2
201607,2016-07-01,15,JO2L,99.1
201608,2016-08-01,15,JO2L,93.2
201609,2016-09-01,15,JO2L,99.9
201610,2016-10-01,15,JO2L,98.7
201611,2016-11-01,15,JO2L,97.0
201612,2016-12-01,15,JO2L,100.3
201701,2017-01-01,15,JO2L,102.5
201702,2017-02-01,15,JO2L,103.2
201703,2017-03-01,15,JO2L,103.3
201704,2017-04-01,15,JO2L,104.3
201705,2017-05-01,15,JO2L,97.9
201706,2017-06-01,15,JO2L,105.7
201707,2017-07-01,15,JO2L,105.1
201708,2017-08-01,15,JO2L,106.6
201709,2017-09-01,15,JO2L,105.3
201710,2017-10-01,15,JO2L,106.8
201711,2017-11-01,15,JO2L,106.4
201712,2017-12-01,15,JO2L,105.2
201801,2018-01-01,15,JO2L,106.7
201802,2018-02-01,15,JO2L,104.9
201803,2018-03-01,15,JO2L,106.6
201804,2018-04-01,15,JO2L,106.2
201805,2018-05-01,15,JO2L,103.9
201806,2018-06-01,15,JO2L,105.8
201807,2018-07-01,15,JO2L,105.0
201808,2018-08-01,15,JO2L,108.6
201809,2018-09-01,15,JO2L,107.0
201810,2018-10-01,15,JO2L,106.9
201811,2018-11-01,15,JO2L,109.2
201812,2018-12-01,15,JO2L,105.7
201901,2019-01-01,15,JO2L,102.8
201902,2019-02-01,15,JO2L,102.8
201903,2019-03-01,15,JO2L,115.0
201904,2019-04-01,15,JO2L,103.7
201905,2019-05-01,15,JO2L,105.5
201906,2019-06-01,15,JO2L,103.3
201907,2019-07-01,15,JO2L,105.9
201908,2019-08-01,15,JO2L,105.3
201909,2019-09-01,15,JO2L,116.7
201910,2019-10-01,15,JO2L,109.6
201911,2019-11-01,15,JO2L,112.3
201912,2019-12-01,15,JO2L,114.4
202001,2020-01-01,15,JO2L,110.2
202002,2020-02-01,15,JO2L,109.4
202003,2020-03-01,15,JO2L,114.5
202004,2020-04-01,15,JO2L,77.8
202005,2020-05-01,15,JO2L,87.3
202006,2020-06-01,15,JO2L,117.0
202007,2020-07-01,15,JO2L,118.5
202008,2020-08-01,15,JO2L,115.7
202009,2020-09-01,15,JO2L,116.3
202010,2020-10-01,15,JO2L,123.1
202011,2020-11-01,15,JO2L,113.4
202012,2020-12-01,15,JO2L,112.5
202101,2021-01-01,15,JO2L,95.5
202102,2021-02-01,15,JO2L,116.7
202103,2021-03-01,15,JO2L,107.1
202104,2021-04-01,15,JO2L,127.5
202105,2021-05-01,15,JO2L,132.7
202106,2021-06-01,15,JO2L,123.3
202107,2021-07-01,15,JO2L,118.6
202108,2021-08-01,15,JO2L,116.9
202109,2021-09-01,15,JO2L,115.2
202110,2021-10-01,15,JO2L,125.5
202111,2021-11-01,15,JO2L,118.1
202112,2021-12-01,15,JO2L,109.4
202201,2022-01-01,15,JO2L,118.9
202202,2022-02-01,15,JO2L,118.6
202203,2022-03-01,15,JO2L,112.0
202204,2022-04-01,15,JO2L,110.6
202205,2022-05-01,15,JO2L,105.9
202206,2022-06-01,15,JO2L,105.1
202207,2022-07-01,15,JO2L,102.7
202208,2022-08-01,15,JO2L,104.6
202209,2022-09-01,15,JO2L,104.2
202210,2022-10-01,15,JO2L,102.5
202211,2022-11-01,15,JO2L,105.2
202212,2022-12-01,15,JO2L,105.1
202301,2023-01-01,15,JO2L,103.0
202302,2023-02-01,15,JO2L,102.8
202303,2023-03-01,15,JO2L,100.8
202304,2023-04-01,15,JO2L,100.1
202305,2023-05-01,15,JO2L,100.6
202306,2023-06-01,15,JO2L,98.8
202307,2023-07-01,15,JO2L,102.4
202308,2023-08-01,15,JO2L,101.3
202309,2023-09-01,15,JO2L,98.6
202310,2023-10-01,15,JO2L,99.3
202311,2023-11-01,15,JO2L,97.9
202312,2023-12-01,15,JO2L,95.7
202401,2024-01-01,15,JO2L,95.8
202402,2024-02-01,15,JO2L,96.5
202403,2024-03-01,15,JO2L,95.7
202404,2024-04-01,15,JO2L,95.7
202405,2024-05-01,15,JO2L,96.4
202406,2024-06-01,15,JO2L,94.8
202407,2024-07-01,15,JO2L,95.9
202408,2024-08-01,15,JO2L,97.5
202409,2024-09-01,15,JO2L,97.7
202410,2024-10-01,15,JO2L,98.5
202411,2024-11-01,15,JO2L,97.5
202412,2024-12-01,15,JO2L,100.2
202501,2025-01-01,15,JO2L,103.2
202502,2025-02-01,15,JO2L,109.2
202503,2025-03-01,15,JO2L,106.1
202504,2025-04-01,15,JO2L,107.3
202505,2025-05-01,15,JO2L,102.3
202506,2025-06-01,15,JO2L,109.5
202507,2025-07-01,15,JO2L,106.4
202508,2025-08-01,15,JO2L,105.4
202509,2025-09-01,15,JO2L,108.5
202510,2025-10-01,15,JO2L,106.3
202511,2025-11-01,15,JO2L,107.3
202512,2025-12-01,15,JO2L,102.8
202601,2026-01-01,15,JO2L,104.6
202602,2026-02-01,15,JO2L,106.7
202603,2026-03-01,15,JO2L,109.6
202604,2026-04-01,15,JO2L,104.3
202605,2026-05-01,15,JO2L,114.8
202606,2026-06-01,15,JO2L,116.4
198801,1988-01-01,16,JO2J,32.6
198802,1988-02-01,16,JO2J,31.7
198803,1988-03-01,16,JO2J,31.6
198804,1988-04-01,16,JO2J,31.9
198805,1988-05-01,16,JO2J,32.5
198806,1988-06-01,16,JO2J,33.5
198807,1988-07-01,16,JO2J,34.4
198808,1988-08-01,16,JO2J,35.2
198809,1988-09-01,16,JO2J,35.1
198810,1988-10-01,16,JO2J,35.3
198811,1988-11-01,16,JO2J,36.1
198812,1988-12-01,16,JO2J,38.1
198901,1989-01-01,16,JO2J,35.8
198902,1989-02-01,16,JO2J,35.5
198903,1989-03-01,16,JO2J,35.8
198904,1989-04-01,16,JO2J,35.7
198905,1989-05-01,16,JO2J,36.3
198906,1989-06-01,16,JO2J,36.2
198907,1989-07-01,16,JO2J,35.6
198908,1989-08-01,16,JO2J,37.0
198909,1989-09-01,16,JO2J,37.2
198910,1989-10-01,16,JO2J,37.9
198911,1989-11-01,16,JO2J,38.5
198912,1989-12-01,16,JO2J,40.7
199001,1990-01-01,16,JO2J,38.4
199002,1990-02-01,16,JO2J,39.6
199003,1990-03-01,16,JO2J,39.5
199004,1990-04-01,16,JO2J,37.5
199005,1990-05-01,16,JO2J,38.9
199006,1990-06-01,16,JO2J,38.5
199007,1990-07-01,16,JO2J,38.7
199008,1990-08-01,16,JO2J,38.0
199009,1990-09-01,16,JO2J,38.3
199010,1990-10-01,16,JO2J,38.9
199011,1990-11-01,16,JO2J,39.5
199012,1990-12-01,16,JO2J,42.0
199101,1991-01-01,16,JO2J,41.0
199102,1991-02-01,16,JO2J,39.2
199103,1991-03-01,16,JO2J,41.7
199104,1991-04-01,16,JO2J,43.3
199105,1991-05-01,16,JO2J,42.3
199106,1991-06-01,16,JO2J,41.2
199107,1991-07-01,16,JO2J,42.0
199108,1991-08-01,16,JO2J,41.5
199109,1991-09-01,16,JO2J,42.5
199110,1991-10-01,16,JO2J,42.9
199111,1991-11-01,16,JO2J,43.8
199112,1991-12-01,16,JO2J,42.9
199201,1992-01-01,16,JO2J,43.8
199202,1992-02-01,16,JO2J,43.7
199203,1992-03-01,16,JO2J,44.1
199204,1992-04-01,16,JO2J,45.3
199205,1992-05-01,16,JO2J,46.1
199206,1992-06-01,16,JO2J,45.3
199207,1992-07-01,16,JO2J,41.7
199208,1992-08-01,16,JO2J,44.3
199209,1992-09-01,16,JO2J,44.2
199210,1992-10-01,16,JO2J,44.0
199211,1992-11-01,16,JO2J,43.2
199212,1992-12-01,16,JO2J,43.1
199301,1993-01-01,16,JO2J,44.8
199302,1993-02-01,16,JO2J,45.1
199303,1993-03-01,16,JO2J,45.6
199304,1993-04-01,16,JO2J,47.1
199305,1993-05-01,16,JO2J,45.3
199306,1993-06-01,16,JO2J,49.1
199307,1993-07-01,16,JO2J,44.4
199308,1993-08-01,16,JO2J,47.7
199309,1993-09-01,16,JO2J,46.8
199310,1993-10-01,16,JO2J,46.3
199311,1993-11-01,16,JO2J,46.1
199312,1993-12-01,16,JO2J,45.6
199401,1994-01-01,16,JO2J,49.1
199402,1994-02-01,16,JO2J,47.1
199403,1994-03-01,16,JO2J,48.2
199404,1994-04-01,16,JO2J,47.2
199405,1994-05-01,16,JO2J,47.9
199406,1994-06-01,16,JO2J,48.2
199407,1994-07-01,16,JO2J,48.0
199408,1994-08-01,16,JO2J,48.8
199409,1994-09-01,16,JO2J,48.7
199410,1994-10-01,16,JO2J,48.6
199411,1994-11-01,16,JO2J,48.5
199412,1994-12-01,16,JO2J,49.1
199501,1995-01-01,16,JO2J,50.2
199502,1995-02-01,16,JO2J,49.1
199503,1995-03-01,16,JO2J,47.9
199504,1995-04-01,16,JO2J,47.2
199505,1995-05-01,16,JO2J,47.3
199506,1995-06-01,16,JO2J,47.0
199507,1995-07-01,16,JO2J,47.4
199508,1995-08-01,16,JO2J,47.2
199509,1995-09-01,16,JO2J,48.1
199510,1995-10-01,16,JO2J,49.4
199511,1995-11-01,16,JO2J,49.7
199512,1995-12-01,16,JO2J,49.8
199601,1996-01-01,16,JO2J,48.7
199602,1996-02-01,16,JO2J,50.1
199603,1996-03-01,16,JO2J,50.2
199604,1996-04-01,16,JO2J,51.6
199605,1996-05-01,16,JO2J,51.4
199606,1996-06-01,16,JO2J,51.8
199607,1996-07-01,16,JO2J,52.8
199608,1996-08-01,16,JO2J,52.1
199609,1996-09-01,16,JO2J,53.5
199610,1996-10-01,16,JO2J,54.3
199611,1996-11-01,16,JO2J,54.0
199612,1996-12-01,16,JO2J,52.7
199701,1997-01-01,16,JO2J,51.9
199702,1997-02-01,16,JO2J,53.3
199703,1997-03-01,16,JO2J,54.0
199704,1997-04-01,16,JO2J,55.8
199705,1997-05-01,16,JO2J,54.0
199706,1997-06-01,16,JO2J,55.1
199707,1997-07-01,16,JO2J,55.1
199708,1997-08-01,16,JO2J,55.3
199709,1997-09-01,16,JO2J,55.1
199710,1997-10-01,16,JO2J,55.4
199711,1997-11-01,16,JO2J,56.3
199712,1997-12-01,16,JO2J,57.9
199801,1998-01-01,16,JO2J,58.2
199802,1998-02-01,16,JO2J,58.5
199803,1998-03-01,16,JO2J,57.1
199804,1998-04-01,16,JO2J,58.3
199805,1998-05-01,16,JO2J,61.4
199806,1998-06-01,16,JO2J,56.4
199807,1998-07-01,16,JO2J,58.6
199808,1998-08-01,16,JO2J,59.4
199809,1998-09-01,16,JO2J,60.1
199810,1998-10-01,16,JO2J,59.0
199811,1998-11-01,16,JO2J,58.6
199812,1998-12-01,16,JO2J,60.2
199901,1999-01-01,16,JO2J,59.8
199902,1999-02-01,16,JO2J,63.6
199903,1999-03-01,16,JO2J,63.9
199904,1999-04-01,16,JO2J,61.5
199905,1999-05-01,16,JO2J,62.7
199906,1999-06-01,16,JO2J,62.4
199907,1999-07-01,16,JO2J,64.1
199908,1999-08-01,16,JO2J,63.8
199909,1999-09-01,16,JO2J,63.3
199910,1999-10-01,16,JO2J,64.3
199911,1999-11-01,16,JO2J,66.0
199912,1999-12-01,16,JO2J,63.4
200001,2000-01-01,16,JO2J,66.6
200002,2000-02-01,16,JO2J,65.2
200003,2000-03-01,16,JO2J,67.6
200004,2000-04-01,16,JO2J,65.2
200005,2000-05-01,16,JO2J,68.0
200006,2000-06-01,16,JO2J,66.8
200007,2000-07-01,16,JO2J,66.5
200008,2000-08-01,16,JO2J,66.9
200009,2000-09-01,16,JO2J,65.5
200010,2000-10-01,16,JO2J,66.8
200011,2000-11-01,16,JO2J,68.3
200012,2000-12-01,16,JO2J,69.2
200101,2001-01-01,16,JO2J,67.6
200102,2001-02-01,16,JO2J,69.1
200103,2001-03-01,16,JO2J,68.1
200104,2001-04-01,16,JO2J,70.4
200105,2001-05-01,16,JO2J,76.9
200106,2001-06-01,16,JO2J,74.2
200107,2001-07-01,16,JO2J,72.2
200108,2001-08-01,16,JO2J,74.6
200109,2001-09-01,16,JO2J,76.5
200110,2001-10-01,16,JO2J,77.6
200111,2001-11-01,16,JO2J,76.8
200112,2001-12-01,16,JO2J,79.1
200201,2002-01-01,16,JO2J,73.8
200202,2002-02-01,16,JO2J,75.5
200203,2002-03-01,16,JO2J,82.9
200204,2002-04-01,16,JO2J,81.3
200205,2002-05-01,16,JO2J,77.1
200206,2002-06-01,16,JO2J,76.8
200207,2002-07-01,16,JO2J,79.1
200208,2002-08-01,16,JO2J,78.4
200209,2002-09-01,16,JO2J,81.4
200210,2002-10-01,16,JO2J,76.7
200211,2002-11-01,16,JO2J,78.5
200212,2002-12-01,16,JO2J,75.1
200301,2003-01-01,16,JO2J,79.2
200302,2003-02-01,16,JO2J,80.8
200303,2003-03-01,16,JO2J,82.4
200304,2003-04-01,16,JO2J,80.9
200305,2003-05-01,16,JO2J,80.5
200306,2003-06-01,16,JO2J,81.1
200307,2003-07-01,16,JO2J,80.6
200308,2003-08-01,16,JO2J,80.3
200309,2003-09-01,16,JO2J,81.9
200310,2003-10-01,16,JO2J,82.3
200311,2003-11-01,16,JO2J,79.8
200312,2003-12-01,16,JO2J,81.3
200401,2004-01-01,16,JO2J,83.5
200402,2004-02-01,16,JO2J,85.3
200403,2004-03-01,16,JO2J,84.4
200404,2004-04-01,16,JO2J,88.3
200405,2004-05-01,16,JO2J,87.1
200406,2004-06-01,16,JO2J,85.0
200407,2004-07-01,16,JO2J,87.1
200408,2004-08-01,16,JO2J,86.7
200409,2004-09-01,16,JO2J,85.5
200410,2004-10-01,16,JO2J,86.4
200411,2004-11-01,16,JO2J,86.9
200412,2004-12-01,16,JO2J,84.8
200501,2005-01-01,16,JO2J,84.6
200502,2005-02-01,16,JO2J,84.5
200503,2005-03-01,16,JO2J,84.3
200504,2005-04-01,16,JO2J,82.9
200505,2005-05-01,16,JO2J,83.5
200506,2005-06-01,16,JO2J,85.7
200507,2005-07-01,16,JO2J,83.0
200508,2005-08-01,16,JO2J,81.9
200509,2005-09-01,16,JO2J,81.9
200510,2005-10-01,16,JO2J,83.5
200511,2005-11-01,16,JO2J,81.7
200512,2005-12-01,16,JO2J,83.6
200601,2006-01-01,16,JO2J,79.5
200602,2006-02-01,16,JO2J,78.3
200603,2006-03-01,16,JO2J,76.5
200604,2006-04-01,16,JO2J,78.0
200605,2006-05-01,16,JO2J,78.3
200606,2006-06-01,16,JO2J,83.6
200607,2006-07-01,16,JO2J,80.4
200608,2006-08-01,16,JO2J,80.7
200609,2006-09-01,16,JO2J,82.7
200610,2006-10-01,16,JO2J,80.1
200611,2006-11-01,16,JO2J,81.9
200612,2006-12-01,16,JO2J,84.7
200701,2007-01-01,16,JO2J,87.5
200702,2007-02-01,16,JO2J,85.6
200703,2007-03-01,16,JO2J,84.2
200704,2007-04-01,16,JO2J,88.1
200705,2007-05-01,16,JO2J,85.4
200706,2007-06-01,16,JO2J,85.3
200707,2007-07-01,16,JO2J,84.1
200708,2007-08-01,16,JO2J,87.1
200709,2007-09-01,16,JO2J,85.2
200710,2007-10-01,16,JO2J,86.2
200711,2007-11-01,16,JO2J,88.0
200712,2007-12-01,16,JO2J,88.4
200801,2008-01-01,16,JO2J,89.1
200802,2008-02-01,16,JO2J,90.5
200803,2008-03-01,16,JO2J,84.5
200804,2008-04-01,16,JO2J,85.7
200805,2008-05-01,16,JO2J,91.9
200806,2008-06-01,16,JO2J,87.7
200807,2008-07-01,16,JO2J,88.3
200808,2008-08-01,16,JO2J,85.3
200809,2008-09-01,16,JO2J,86.8
200810,2008-10-01,16,JO2J,87.0
200811,2008-11-01,16,JO2J,87.9
200812,2008-12-01,16,JO2J,84.2
200901,2009-01-01,16,JO2J,84.6
200902,2009-02-01,16,JO2J,83.2
200903,2009-03-01,16,JO2J,85.9
200904,2009-04-01,16,JO2J,84.2
200905,2009-05-01,16,JO2J,84.4
200906,2009-06-01,16,JO2J,83.4
200907,2009-07-01,16,JO2J,81.8
200908,2009-08-01,16,JO2J,84.3
200909,2009-09-01,16,JO2J,84.4
200910,2009-10-01,16,JO2J,86.3
200911,2009-11-01,16,JO2J,84.9
200912,2009-12-01,16,JO2J,91.7
201001,2010-01-01,16,JO2J,79.2
201002,2010-02-01,16,JO2J,83.8
201003,2010-03-01,16,JO2J,88.2
201004,2010-04-01,16,JO2J,86.8
201005,2010-05-01,16,JO2J,83.8
201006,2010-06-01,16,JO2J,82.7
201007,2010-07-01,16,JO2J,84.1
201008,2010-08-01,16,JO2J,84.6
201009,2010-09-01,16,JO2J,83.0
201010,2010-10-01,16,JO2J,77.9
201011,2010-11-01,16,JO2J,76.1
201012,2010-12-01,16,JO2J,74.8
201101,2011-01-01,16,JO2J,78.0
201102,2011-02-01,16,JO2J,78.0
201103,2011-03-01,16,JO2J,82.3
201104,2011-04-01,16,JO2J,90.7
201105,2011-05-01,16,JO2J,82.7
201106,2011-06-01,16,JO2J,82.7
201107,2011-07-01,16,JO2J,83.8
201108,2011-08-01,16,JO2J,79.7
201109,2011-09-01,16,JO2J,77.2
201110,2011-10-01,16,JO2J,80.9
201111,2011-11-01,16,JO2J,80.2
201112,2011-12-01,16,JO2J,82.8
201201,2012-01-01,16,JO2J,77.5
201202,2012-02-01,16,JO2J,77.1
201203,2012-03-01,16,JO2J,81.2
201204,2012-04-01,16,JO2J,75.2
201205,2012-05-01,16,JO2J,76.6
201206,2012-06-01,16,JO2J,75.6
201207,2012-07-01,16,JO2J,75.0
201208,2012-08-01,16,JO2J,76.3
201209,2012-09-01,16,JO2J,77.8
201210,2012-10-01,16,JO2J,75.3
201211,2012-11-01,16,JO2J,79.9
201212,2012-12-01,16,JO2J,81.2
201301,2013-01-01,16,JO2J,79.7
201302,2013-02-01,16,JO2J,82.1
201303,2013-03-01,16,JO2J,75.4
201304,2013-04-01,16,JO2J,81.4
201305,2013-05-01,16,JO2J,85.2
201306,2013-06-01,16,JO2J,84.1
201307,2013-07-01,16,JO2J,84.2
201308,2013-08-01,16,JO2J,81.9
201309,2013-09-01,16,JO2J,81.5
201310,2013-10-01,16,JO2J,82.0
201311,2013-11-01,16,JO2J,79.0
201312,2013-12-01,16,JO2J,80.4
201401,2014-01-01,16,JO2J,87.7
201402,2014-02-01,16,JO2J,84.1
201403,2014-03-01,16,JO2J,84.9
201404,2014-04-01,16,JO2J,84.6
201405,2014-05-01,16,JO2J,84.4
201406,2014-06-01,16,JO2J,86.3
201407,2014-07-01,16,JO2J,83.6
201408,2014-08-01,16,JO2J,87.3
201409,2014-09-01,16,JO2J,83.8
201410,2014-10-01,16,JO2J,84.6
201411,2014-11-01,16,JO2J,87.3
201412,2014-12-01,16,JO2J,88.5
201501,2015-01-01,16,JO2J,88.7
201502,2015-02-01,16,JO2J,85.9
201503,2015-03-01,16,JO2J,87.5
201504,2015-04-01,16,JO2J,86.8
201505,2015-05-01,16,JO2J,84.9
201506,2015-06-01,16,JO2J,85.2
201507,2015-07-01,16,JO2J,86.5
201508,2015-08-01,16,JO2J,88.2
201509,2015-09-01,16,JO2J,88.6
201510,2015-10-01,16,JO2J,87.3
201511,2015-11-01,16,JO2J,86.6
201512,2015-12-01,16,JO2J,84.6
201601,2016-01-01,16,JO2J,90.3
201602,2016-02-01,16,JO2J,90.1
201603,2016-03-01,16,JO2J,83.2
201604,2016-04-01,16,JO2J,84.4
201605,2016-05-01,16,JO2J,87.7
201606,2016-06-01,16,JO2J,87.1
201607,2016-07-01,16,JO2J,95.5
201608,2016-08-01,16,JO2J,84.1
201609,2016-09-01,16,JO2J,83.0
201610,2016-10-01,16,JO2J,92.5
201611,2016-11-01,16,JO2J,94.9
201612,2016-12-01,16,JO2J,91.3
201701,2017-01-01,16,JO2J,88.7
201702,2017-02-01,16,JO2J,89.4
201703,2017-03-01,16,JO2J,86.7
201704,2017-04-01,16,JO2J,95.0
201705,2017-05-01,16,JO2J,84.6
201706,2017-06-01,16,JO2J,84.9
201707,2017-07-01,16,JO2J,88.2
201708,2017-08-01,16,JO2J,84.7
201709,2017-09-01,16,JO2J,86.1
201710,2017-10-01,16,JO2J,89.1
201711,2017-11-01,16,JO2J,83.0
201712,2017-12-01,16,JO2J,82.5
201801,2018-01-01,16,JO2J,83.1
201802,2018-02-01,16,JO2J,88.4
201803,2018-03-01,16,JO2J,94.5
201804,2018-04-01,16,JO2J,97.4
201805,2018-05-01,16,JO2J,97.8
201806,2018-06-01,16,JO2J,95.1
201807,2018-07-01,16,JO2J,94.8
201808,2018-08-01,16,JO2J,97.3
201809,2018-09-01,16,JO2J,100.1
201810,2018-10-01,16,JO2J,103.3
201811,2018-11-01,16,JO2J,98.1
201812,2018-12-01,16,JO2J,97.6
201901,2019-01-01,16,JO2J,91.3
201902,2019-02-01,16,JO2J,87.1
201903,2019-03-01,16,JO2J,85.6
201904,2019-04-01,16,JO2J,83.4
201905,2019-05-01,16,JO2J,84.3
201906,2019-06-01,16,JO2J,86.9
201907,2019-07-01,16,JO2J,92.2
201908,2019-08-01,16,JO2J,86.6
201909,2019-09-01,16,JO2J,85.9
201910,2019-10-01,16,JO2J,82.3
201911,2019-11-01,16,JO2J,86.0
201912,2019-12-01,16,JO2J,86.4
202001,2020-01-01,16,JO2J,86.1
202002,2020-02-01,16,JO2J,89.8
202003,2020-03-01,16,JO2J,88.1
202004,2020-04-01,16,JO2J,55.5
202005,2020-05-01,16,JO2J,89.5
202006,2020-06-01,16,JO2J,97.5
202007,2020-07-01,16,JO2J,102.8
202008,2020-08-01,16,JO2J,108.9
202009,2020-09-01,16,JO2J,113.4
202010,2020-10-01,16,JO2J,113.0
202011,2020-11-01,16,JO2J,124.9
202012,2020-12-01,16,JO2J,118.0
202101,2021-01-01,16,JO2J,97.4
202102,2021-02-01,16,JO2J,110.3
202103,2021-03-01,16,JO2J,132.7
202104,2021-04-01,16,JO2J,123.0
202105,2021-05-01,16,JO2J,111.2
202106,2021-06-01,16,JO2J,115.7
202107,2021-07-01,16,JO2J,113.2
202108,2021-08-01,16,JO2J,111.2
202109,2021-09-01,16,JO2J,109.4
202110,2021-10-01,16,JO2J,107.2
202111,2021-11-01,16,JO2J,107.6
202112,2021-12-01,16,JO2J,119.5
202201,2022-01-01,16,JO2J,103.0
202202,2022-02-01,16,JO2J,103.2
202203,2022-03-01,16,JO2J,108.3
202204,2022-04-01,16,JO2J,99.6
202205,2022-05-01,16,JO2J,105.0
202206,2022-06-01,16,JO2J,95.1
202207,2022-07-01,16,JO2J,98.7
202208,2022-08-01,16,JO2J,98.2
202209,2022-09-01,16,JO2J,100.5
202210,2022-10-01,16,JO2J,102.0
202211,2022-11-01,16,JO2J,101.6
202212,2022-12-01,16,JO2J,101.1
202301,2023-01-01,16,JO2J,104.0
202302,2023-02-01,16,JO2J,100.5
202303,2023-03-01,16,JO2J,98.4
202304,2023-04-01,16,JO2J,102.8
202305,2023-05-01,16,JO2J,101.8
202306,2023-06-01,16,JO2J,100.6
202307,2023-07-01,16,JO2J,99.6
202308,2023-08-01,16,JO2J,100.4
202309,2023-09-01,16,JO2J,99.3
202310,2023-10-01,16,JO2J,97.0
202311,2023-11-01,16,JO2J,98.5
202312,2023-12-01,16,JO2J,98.0
202401,2024-01-01,16,JO2J,101.0
202402,2024-02-01,16,JO2J,100.8
202403,2024-03-01,16,JO2J,102.4
202404,2024-04-01,16,JO2J,98.9
202405,2024-05-01,16,JO2J,101.7
202406,2024-06-01,16,JO2J,101.1
202407,2024-07-01,16,JO2J,100.1
202408,2024-08-01,16,JO2J,102.3
202409,2024-09-01,16,JO2J,101.9
202410,2024-10-01,16,JO2J,100.0
202411,2024-11-01,16,JO2J,98.9
202412,2024-12-01,16,JO2J,102.3
202501,2025-01-01,16,JO2J,96.2
202502,2025-02-01,16,JO2J,103.8
202503,2025-03-01,16,JO2J,102.2
202504,2025-04-01,16,JO2J,99.6
202505,2025-05-01,16,JO2J,94.8
202506,2025-06-01,16,JO2J,98.0
202507,2025-07-01,16,JO2J,102.0
202508,2025-08-01,16,JO2J,101.4
202509,2025-09-01,16,JO2J,98.3
202510,2025-10-01,16,JO2J,105.7
202511,2025-11-01,16,JO2J,107.1
202512,2025-12-01,16,JO2J,99.5
202601,2026-01-01,16,JO2J,104.8
202602,2026-02-01,16,JO2J,98.1
202603,2026-03-01,16,JO2J,103.5
202604,2026-04-01,16,JO2J,106.9
202605,2026-05-01,16,JO2J,106.9
202606,2026-06-01,16,JO2J,102.8
198801,1988-01-01,17,JO36,159.6
198802,1988-02-01,17,JO36,151.4
198803,1988-03-01,17,JO36,154.6
198804,1988-04-01,17,JO36,156.4
198805,1988-05-01,17,JO36,157.2
198806,1988-06-01,17,JO36,153.8
198807,1988-07-01,17,JO36,173.1
198808,1988-08-01,17,JO36,165.8
198809,1988-09-01,17,JO36,163.6
198810,1988-10-01,17,JO36,167.5
198811,1988-11-01,17,JO36,161.3
198812,1988-12-01,17,JO36,157.5
198901,1989-01-01,17,JO36,164.4
198902,1989-02-01,17,JO36,162.1
198903,1989-03-01,17,JO36,161.4
198904,1989-04-01,17,JO36,166.3
198905,1989-05-01,17,JO36,163.1
198906,1989-06-01,17,JO36,163.5
198907,1989-07-01,17,JO36,163.9
198908,1989-08-01,17,JO36,166.7
198909,1989-09-01,17,JO36,166.3
198910,1989-10-01,17,JO36,166.2
198911,1989-11-01,17,JO36,165.4
198912,1989-12-01,17,JO36,167.3
199001,1990-01-01,17,JO36,169.0
199002,1990-02-01,17,JO36,171.3
199003,1990-03-01,17,JO36,167.2
199004,1990-04-01,17,JO36,165.5
199005,1990-05-01,17,JO36,173.8
199006,1990-06-01,17,JO36,171.9
199007,1990-07-01,17,JO36,167.0
199008,1990-08-01,17,JO36,168.2
199009,1990-09-01,17,JO36,167.2
199010,1990-10-01,17,JO36,165.5
199011,1990-11-01,17,JO36,165.6
199012,1990-12-01,17,JO36,169.3
199101,1991-01-01,17,JO36,163.4
199102,1991-02-01,17,JO36,162.2
199103,1991-03-01,17,JO36,181.2
199104,1991-04-01,17,JO36,167.7
199105,1991-05-01,17,JO36,167.0
199106,1991-06-01,17,JO36,170.5
199107,1991-07-01,17,JO36,168.6
199108,1991-08-01,17,JO36,165.1
199109,1991-09-01,17,JO36,166.0
199110,1991-10-01,17,JO36,160.4
199111,1991-11-01,17,JO36,169.3
199112,1991-12-01,17,JO36,178.7
199201,1992-01-01,17,JO36,165.1
199202,1992-02-01,17,JO36,163.2
199203,1992-03-01,17,JO36,162.7
199204,1992-04-01,17,JO36,161.7
199205,1992-05-01,17,JO36,158.3
199206,1992-06-01,17,JO36,159.8
199207,1992-07-01,17,JO36,167.0
199208,1992-08-01,17,JO36,171.2
199209,1992-09-01,17,JO36,166.6
199210,1992-10-01,17,JO36,163.3
199211,1992-11-01,17,JO36,166.0
199212,1992-12-01,17,JO36,171.1
199301,1993-01-01,17,JO36,173.0
199302,1993-02-01,17,JO36,177.5
199303,1993-03-01,17,JO36,172.5
199304,1993-04-01,17,JO36,174.4
199305,1993-05-01,17,JO36,175.3
199306,1993-06-01,17,JO36,173.6
199307,1993-07-01,17,JO36,176.7
199308,1993-08-01,17,JO36,178.0
199309,1993-09-01,17,JO36,176.6
199310,1993-10-01,17,JO36,179.1
199311,1993-11-01,17,JO36,181.7
199312,1993-12-01,17,JO36,177.1
199401,1994-01-01,17,JO36,183.7
199402,1994-02-01,17,JO36,177.0
199403,1994-03-01,17,JO36,177.4
199404,1994-04-01,17,JO36,182.3
199405,1994-05-01,17,JO36,180.3
199406,1994-06-01,17,JO36,181.1
199407,1994-07-01,17,JO36,180.9
199408,1994-08-01,17,JO36,183.3
199409,1994-09-01,17,JO36,182.9
199410,1994-10-01,17,JO36,184.9
199411,1994-11-01,17,JO36,187.0
199412,1994-12-01,17,JO36,188.1
199501,1995-01-01,17,JO36,187.4
199502,1995-02-01,17,JO36,188.8
199503,1995-03-01,17,JO36,192.2
199504,1995-04-01,17,JO36,191.4
199505,1995-05-01,17,JO36,194.6
199506,1995-06-01,17,JO36,197.3
199507,1995-07-01,17,JO36,197.3
199508,1995-08-01,17,JO36,197.8
199509,1995-09-01,17,JO36,204.3
199510,1995-10-01,17,JO36,206.0
199511,1995-11-01,17,JO36,204.3
199512,1995-12-01,17,JO36,207.3
199601,1996-01-01,17,JO36,198.8
199602,1996-02-01,17,JO36,206.9
199603,1996-03-01,17,JO36,211.1
199604,1996-04-01,17,JO36,204.9
199605,1996-05-01,17,JO36,216.6
199606,1996-06-01,17,JO36,206.9
199607,1996-07-01,17,JO36,209.8
199608,1996-08-01,17,JO36,217.3
199609,1996-09-01,17,JO36,218.5
199610,1996-10-01,17,JO36,219.6
199611,1996-11-01,17,JO36,228.9
199612,1996-12-01,17,JO36,221.4
199701,1997-01-01,17,JO36,216.3
199702,1997-02-01,17,JO36,220.7
199703,1997-03-01,17,JO36,218.4
199704,1997-04-01,17,JO36,224.0
199705,1997-05-01,17,JO36,233.6
199706,1997-06-01,17,JO36,252.2
199707,1997-07-01,17,JO36,234.2
199708,1997-08-01,17,JO36,234.8
199709,1997-09-01,17,JO36,224.4
199710,1997-10-01,17,JO36,235.1
199711,1997-11-01,17,JO36,235.8
199712,1997-12-01,17,JO36,230.3
199801,1998-01-01,17,JO36,237.2
199802,1998-02-01,17,JO36,234.8
199803,1998-03-01,17,JO36,235.2
199804,1998-04-01,17,JO36,239.9
199805,1998-05-01,17,JO36,229.4
199806,1998-06-01,17,JO36,235.5
199807,1998-07-01,17,JO36,237.7
199808,1998-08-01,17,JO36,230.6
199809,1998-09-01,17,JO36,237.0
199810,1998-10-01,17,JO36,236.8
199811,1998-11-01,17,JO36,237.6
199812,1998-12-01,17,JO36,242.8
199901,1999-01-01,17,JO36,259.4
199902,1999-02-01,17,JO36,245.9
199903,1999-03-01,17,JO36,243.9
199904,1999-04-01,17,JO36,244.7
199905,1999-05-01,17,JO36,254.4
199906,1999-06-01,17,JO36,250.4
199907,1999-07-01,17,JO36,252.0
199908,1999-08-01,17,JO36,256.0
199909,1999-09-01,17,JO36,250.3
199910,1999-10-01,17,JO36,249.7
199911,1999-11-01,17,JO36,251.4
199912,1999-12-01,17,JO36,240.5
200001,2000-01-01,17,JO36,277.0
200002,2000-02-01,17,JO36,254.3
200003,2000-03-01,17,JO36,259.6
200004,2000-04-01,17,JO36,256.1
200005,2000-05-01,17,JO36,251.0
200006,2000-06-01,17,JO36,258.9
200007,2000-07-01,17,JO36,259.9
200008,2000-08-01,17,JO36,262.5
200009,2000-09-01,17,JO36,262.4
200010,2000-10-01,17,JO36,261.1
200011,2000-11-01,17,JO36,266.3
200012,2000-12-01,17,JO36,261.8
200101,2001-01-01,17,JO36,274.8
200102,2001-02-01,17,JO36,280.6
200103,2001-03-01,17,JO36,290.6
200104,2001-04-01,17,JO36,289.6
200105,2001-05-01,17,JO36,280.6
200106,2001-06-01,17,JO36,289.6
200107,2001-07-01,17,JO36,292.3
200108,2001-08-01,17,JO36,291.7
200109,2001-09-01,17,JO36,288.4
200110,2001-10-01,17,JO36,301.2
200111,2001-11-01,17,JO36,284.7
200112,2001-12-01,17,JO36,292.0
200201,2002-01-01,17,JO36,285.8
200202,2002-02-01,17,JO36,288.7
200203,2002-03-01,17,JO36,282.1
200204,2002-04-01,17,JO36,269.5
200205,2002-05-01,17,JO36,299.3
200206,2002-06-01,17,JO36,276.7
200207,2002-07-01,17,JO36,269.7
200208,2002-08-01,17,JO36,271.5
200209,2002-09-01,17,JO36,277.8
200210,2002-10-01,17,JO36,281.9
200211,2002-11-01,17,JO36,298.8
200212,2002-12-01,17,JO36,285.4
200301,2003-01-01,17,JO36,265.2
200302,2003-02-01,17,JO36,277.3
200303,2003-03-01,17,JO36,268.7
200304,2003-04-01,17,JO36,283.0
200305,2003-05-01,17,JO36,287.3
200306,2003-06-01,17,JO36,272.3
200307,2003-07-01,17,JO36,281.3
200308,2003-08-01,17,JO36,286.8
200309,2003-09-01,17,JO36,277.8
200310,2003-10-01,17,JO36,277.0
200311,2003-11-01,17,JO36,285.3
200312,2003-12-01,17,JO36,278.6
200401,2004-01-01,17,JO36,270.5
200402,2004-02-01,17,JO36,278.3
200403,2004-03-01,17,JO36,275.8
200404,2004-04-01,17,JO36,281.8
200405,2004-05-01,17,JO36,273.7
200406,2004-06-01,17,JO36,286.5
200407,2004-07-01,17,JO36,284.1
200408,2004-08-01,17,JO36,281.4
200409,2004-09-01,17,JO36,289.7
200410,2004-10-01,17,JO36,278.8
200411,2004-11-01,17,JO36,283.5
200412,2004-12-01,17,JO36,264.8
200501,2005-01-01,17,JO36,281.6
200502,2005-02-01,17,JO36,267.3
200503,2005-03-01,17,JO36,271.9
200504,2005-04-01,17,JO36,261.2
200505,2005-05-01,17,JO36,266.5
200506,2005-06-01,17,JO36,263.0
200507,2005-07-01,17,JO36,270.2
200508,2005-08-01,17,JO36,258.4
200509,2005-09-01,17,JO36,266.4
200510,2005-10-01,17,JO36,264.7
200511,2005-11-01,17,JO36,260.9
200512,2005-12-01,17,JO36,266.5
200601,2006-01-01,17,JO36,266.2
200602,2006-02-01,17,JO36,264.3
200603,2006-03-01,17,JO36,260.0
200604,2006-04-01,17,JO36,285.5
200605,2006-05-01,17,JO36,279.5
200606,2006-06-01,17,JO36,273.4
200607,2006-07-01,17,JO36,264.9
200608,2006-08-01,17,JO36,276.3
200609,2006-09-01,17,JO36,263.8
200610,2006-10-01,17,JO36,264.4
200611,2006-11-01,17,JO36,262.5
200612,2006-12-01,17,JO36,261.1
200701,2007-01-01,17,JO36,275.4
200702,2007-02-01,17,JO36,281.0
200703,2007-03-01,17,JO36,277.9
200704,2007-04-01,17,JO36,267.7
200705,2007-05-01,17,JO36,268.4
200706,2007-06-01,17,JO36,284.3
200707,2007-07-01,17,JO36,295.0
200708,2007-08-01,17,JO36,275.4
200709,2007-09-01,17,JO36,278.3
200710,2007-10-01,17,JO36,281.3
200711,2007-11-01,17,JO36,261.1
200712,2007-12-01,17,JO36,252.9
200801,2008-01-01,17,JO36,261.6
200802,2008-02-01,17,JO36,246.7
200803,2008-03-01,17,JO36,268.9
200804,2008-04-01,17,JO36,265.3
200805,2008-05-01,17,JO36,276.5
200806,2008-06-01,17,JO36,257.6
200807,2008-07-01,17,JO36,271.3
200808,2008-08-01,17,JO36,272.2
200809,2008-09-01,17,JO36,264.8
200810,2008-10-01,17,JO36,256.8
200811,2008-11-01,17,JO36,261.9
200812,2008-12-01,17,JO36,266.1
200901,2009-01-01,17,JO36,263.2
200902,2009-02-01,17,JO36,255.3
200903,2009-03-01,17,JO36,241.4
200904,2009-04-01,17,JO36,224.7
200905,2009-05-01,17,JO36,229.4
200906,2009-06-01,17,JO36,234.3
200907,2009-07-01,17,JO36,219.4
200908,2009-08-01,17,JO36,219.8
200909,2009-09-01,17,JO36,216.5
200910,2009-10-01,17,JO36,219.3
200911,2009-11-01,17,JO36,225.2
200912,2009-12-01,17,JO36,231.3
201001,2010-01-01,17,JO36,196.1
201002,2010-02-01,17,JO36,224.9
201003,2010-03-01,17,JO36,228.5
201004,2010-04-01,17,JO36,222.9
201005,2010-05-01,17,JO36,224.9
201006,2010-06-01,17,JO36,219.4
201007,2010-07-01,17,JO36,220.9
201008,2010-08-01,17,JO36,215.6
201009,2010-09-01,17,JO36,195.5
201010,2010-10-01,17,JO36,210.0
201011,2010-11-01,17,JO36,216.1
201012,2010-12-01,17,JO36,220.1
201101,2011-01-01,17,JO36,193.6
201102,2011-02-01,17,JO36,195.4
201103,2011-03-01,17,JO36,189.7
201104,2011-04-01,17,JO36,190.8
201105,2011-05-01,17,JO36,179.8
201106,2011-06-01,17,JO36,186.1
201107,2011-07-01,17,JO36,183.4
201108,2011-08-01,17,JO36,178.9
201109,2011-09-01,17,JO36,184.1
201110,2011-10-01,17,JO36,183.1
201111,2011-11-01,17,JO36,184.9
201112,2011-12-01,17,JO36,185.1
201201,2012-01-01,17,JO36,160.8
201202,2012-02-01,17,JO36,178.3
201203,2012-03-01,17,JO36,183.9
201204,2012-04-01,17,JO36,187.3
201205,2012-05-01,17,JO36,184.5
201206,2012-06-01,17,JO36,167.4
201207,2012-07-01,17,JO36,175.6
201208,2012-08-01,17,JO36,170.3
201209,2012-09-01,17,JO36,168.4
201210,2012-10-01,17,JO36,167.1
201211,2012-11-01,17,JO36,162.9
201212,2012-12-01,17,JO36,165.8
201301,2013-01-01,17,JO36,161.5
201302,2013-02-01,17,JO36,154.8
201303,2013-03-01,17,JO36,144.5
201304,2013-04-01,17,JO36,118.6
201305,2013-05-01,17,JO36,129.4
201306,2013-06-01,17,JO36,124.7
201307,2013-07-01,17,JO36,115.4
201308,2013-08-01,17,JO36,121.4
201309,2013-09-01,17,JO36,121.1
201310,2013-10-01,17,JO36,121.4
201311,2013-11-01,17,JO36,119.0
201312,2013-12-01,17,JO36,124.5
201401,2014-01-01,17,JO36,125.8
201402,2014-02-01,17,JO36,120.4
201403,2014-03-01,17,JO36,118.0
201404,2014-04-01,17,JO36,119.2
201405,2014-05-01,17,JO36,120.2
201406,2014-06-01,17,JO36,123.6
201407,2014-07-01,17,JO36,125.8
201408,2014-08-01,17,JO36,123.1
201409,2014-09-01,17,JO36,117.0
201410,2014-10-01,17,JO36,122.1
201411,2014-11-01,17,JO36,116.4
201412,2014-12-01,17,JO36,114.2
201501,2015-01-01,17,JO36,108.4
201502,2015-02-01,17,JO36,109.6
201503,2015-03-01,17,JO36,131.3
201504,2015-04-01,17,JO36,126.9
201505,2015-05-01,17,JO36,123.9
201506,2015-06-01,17,JO36,114.6
201507,2015-07-01,17,JO36,120.9
201508,2015-08-01,17,JO36,120.7
201509,2015-09-01,17,JO36,121.9
201510,2015-10-01,17,JO36,115.9
201511,2015-11-01,17,JO36,113.8
201512,2015-12-01,17,JO36,116.0
201601,2016-01-01,17,JO36,117.6
201602,2016-02-01,17,JO36,123.9
201603,2016-03-01,17,JO36,123.7
201604,2016-04-01,17,JO36,123.1
201605,2016-05-01,17,JO36,119.5
201606,2016-06-01,17,JO36,110.7
201607,2016-07-01,17,JO36,106.4
201608,2016-08-01,17,JO36,106.7
201609,2016-09-01,17,JO36,104.8
201610,2016-10-01,17,JO36,104.9
201611,2016-11-01,17,JO36,109.0
201612,2016-12-01,17,JO36,107.7
201701,2017-01-01,17,JO36,108.3
201702,2017-02-01,17,JO36,121.0
201703,2017-03-01,17,JO36,114.2
201704,2017-04-01,17,JO36,111.3
201705,2017-05-01,17,JO36,109.5
201706,2017-06-01,17,JO36,109.4
201707,2017-07-01,17,JO36,111.9
201708,2017-08-01,17,JO36,107.8
201709,2017-09-01,17,JO36,98.6
201710,2017-10-01,17,JO36,109.3
201711,2017-11-01,17,JO36,108.5
201712,2017-12-01,17,JO36,113.1
201801,2018-01-01,17,JO36,116.6
201802,2018-02-01,17,JO36,113.1
201803,2018-03-01,17,JO36,125.6
201804,2018-04-01,17,JO36,115.0
201805,2018-05-01,17,JO36,100.6
201806,2018-06-01,17,JO36,111.3
201807,2018-07-01,17,JO36,111.8
201808,2018-08-01,17,JO36,114.2
201809,2018-09-01,17,JO36,108.9
201810,2018-10-01,17,JO36,105.3
201811,2018-11-01,17,JO36,106.4
201812,2018-12-01,17,JO36,104.0
201901,2019-01-01,17,JO36,136.3
201902,2019-02-01,17,JO36,87.3
201903,2019-03-01,17,JO36,87.6
201904,2019-04-01,17,JO36,110.5
201905,2019-05-01,17,JO36,130.0
201906,2019-06-01,17,JO36,131.1
201907,2019-07-01,17,JO36,130.6
201908,2019-08-01,17,JO36,98.4
201909,2019-09-01,17,JO36,111.3
201910,2019-10-01,17,JO36,95.6
201911,2019-11-01,17,JO36,98.1
201912,2019-12-01,17,JO36,91.1
202001,2020-01-01,17,JO36,94.5
202002,2020-02-01,17,JO36,101.7
202003,2020-03-01,17,JO36,88.3
202004,2020-04-01,17,JO36,59.1
202005,2020-05-01,17,JO36,57.6
202006,2020-06-01,17,JO36,76.5
202007,2020-07-01,17,JO36,94.9
202008,2020-08-01,17,JO36,104.4
202009,2020-09-01,17,JO36,107.7
202010,2020-10-01,17,JO36,130.7
202011,2020-11-01,17,JO36,103.9
202012,2020-12-01,17,JO36,102.3
202101,2021-01-01,17,JO36,73.2
202102,2021-02-01,17,JO36,168.4
202103,2021-03-01,17,JO36,75.1
202104,2021-04-01,17,JO36,106.2
202105,2021-05-01,17,JO36,118.1
202106,2021-06-01,17,JO36,112.8
202107,2021-07-01,17,JO36,107.3
202108,2021-08-01,17,JO36,102.0
202109,2021-09-01,17,JO36,91.6
202110,2021-10-01,17,JO36,98.6
202111,2021-11-01,17,JO36,93.1
202112,2021-12-01,17,JO36,156.1
202201,2022-01-01,17,JO36,94.5
202202,2022-02-01,17,JO36,91.0
202203,2022-03-01,17,JO36,86.9
202204,2022-04-01,17,JO36,88.8
202205,2022-05-01,17,JO36,95.4
202206,2022-06-01,17,JO36,84.1
202207,2022-07-01,17,JO36,76.8
202208,2022-08-01,17,JO36,81.8
202209,2022-09-01,17,JO36,88.2
202210,2022-10-01,17,JO36,91.5
202211,2022-11-01,17,JO36,92.3
202212,2022-12-01,17,JO36,90.1
202301,2023-01-01,17,JO36,94.5
202302,2023-02-01,17,JO36,94.8
202303,2023-03-01,17,JO36,99.2
202304,2023-04-01,17,JO36,103.3
202305,2023-05-01,17,JO36,97.8
202306,2023-06-01,17,JO36,102.0
202307,2023-07-01,17,JO36,105.5
202308,2023-08-01,17,JO36,103.8
202309,2023-09-01,17,JO36,96.0
202310,2023-10-01,17,JO36,91.0
202311,2023-11-01,17,JO36,104.7
202312,2023-12-01,17,JO36,106.5
202401,2024-01-01,17,JO36,116.9
202402,2024-02-01,17,JO36,119.1
202403,2024-03-01,17,JO36,121.1
202404,2024-04-01,17,JO36,120.8
202405,2024-05-01,17,JO36,116.8
202406,2024-06-01,17,JO36,120.1
202407,2024-07-01,17,JO36,116.0
202408,2024-08-01,17,JO36,112.0
202409,2024-09-01,17,JO36,115.1
202410,2024-10-01,17,JO36,109.9
202411,2024-11-01,17,JO36,114.2
202412,2024-12-01,17,JO36,117.0
202501,2025-01-01,17,JO36,118.9
202502,2025-02-01,17,JO36,135.4
202503,2025-03-01,17,JO36,123.9
202504,2025-04-01,17,JO36,116.4
202505,2025-05-01,17,JO36,117.5
202506,2025-06-01,17,JO36,112.9
202507,2025-07-01,17,JO36,119.2
202508,2025-08-01,17,JO36,123.6
202509,2025-09-01,17,JO36,121.3
202510,2025-10-01,17,JO36,125.5
202511,2025-11-01,17,JO36,120.7
202512,2025-12-01,17,JO36,114.7
202601,2026-01-01,17,JO36,104.3
202602,2026-02-01,17,JO36,106.1
202603,2026-03-01,17,JO36,105.3
202604,2026-04-01,17,JO36,110.2
202605,2026-05-01,17,JO36,114.7
202606,2026-06-01,17,JO36,112.4
198801,1988-01-01,18,EAQZ,32.3
198802,1988-02-01,18,EAQZ,31.1
198803,1988-03-01,18,EAQZ,31.1
198804,1988-04-01,18,EAQZ,33.1
198805,1988-05-01,18,EAQZ,32.7
198806,1988-06-01,18,EAQZ,33.0
198807,1988-07-01,18,EAQZ,34.3
198808,1988-08-01,18,EAQZ,34.3
198809,1988-09-01,18,EAQZ,33.9
198810,1988-10-01,18,EAQZ,34.9
198811,1988-11-01,18,EAQZ,35.5
198812,1988-12-01,18,EAQZ,35.7
198901,1989-01-01,18,EAQZ,36.5
198902,1989-02-01,18,EAQZ,36.8
198903,1989-03-01,18,EAQZ,36.5
198904,1989-04-01,18,EAQZ,36.6
198905,1989-05-01,18,EAQZ,37.2
198906,1989-06-01,18,EAQZ,36.9
198907,1989-07-01,18,EAQZ,37.1
198908,1989-08-01,18,EAQZ,37.6
198909,1989-09-01,18,EAQZ,38.3
198910,1989-10-01,18,EAQZ,38.8
198911,1989-11-01,18,EAQZ,38.4
198912,1989-12-01,18,EAQZ,39.1
199001,1990-01-01,18,EAQZ,40.5
199002,1990-02-01,18,EAQZ,40.8
199003,1990-03-01,18,EAQZ,41.0
199004,1990-04-01,18,EAQZ,40.5
199005,1990-05-01,18,EAQZ,40.8
199006,1990-06-01,18,EAQZ,40.1
199007,1990-07-01,18,EAQZ,41.3
199008,1990-08-01,18,EAQZ,40.8
199009,1990-09-01,18,EAQZ,41.1
199010,1990-10-01,18,EAQZ,41.7
199011,1990-11-01,18,EAQZ,40.9
199012,1990-12-01,18,EAQZ,41.2
199101,1991-01-01,18,EAQZ,39.9
199102,1991-02-01,18,EAQZ,39.5
199103,1991-03-01,18,EAQZ,43.5
199104,1991-04-01,18,EAQZ,41.1
199105,1991-05-01,18,EAQZ,41.4
199106,1991-06-01,18,EAQZ,41.5
199107,1991-07-01,18,EAQZ,42.0
199108,1991-08-01,18,EAQZ,41.0
199109,1991-09-01,18,EAQZ,41.1
199110,1991-10-01,18,EAQZ,41.8
199111,1991-11-01,18,EAQZ,42.5
199112,1991-12-01,18,EAQZ,41.6
199201,1992-01-01,18,EAQZ,42.4
199202,1992-02-01,18,EAQZ,42.2
199203,1992-03-01,18,EAQZ,42.4
199204,1992-04-01,18,EAQZ,43.3
199205,1992-05-01,18,EAQZ,44.7
199206,1992-06-01,18,EAQZ,43.8
199207,1992-07-01,18,EAQZ,42.3
199208,1992-08-01,18,EAQZ,43.3
199209,1992-09-01,18,EAQZ,41.9
199210,1992-10-01,18,EAQZ,42.1
199211,1992-11-01,18,EAQZ,42.8
199212,1992-12-01,18,EAQZ,42.2
199301,1993-01-01,18,EAQZ,42.2
199302,1993-02-01,18,EAQZ,43.3
199303,1993-03-01,18,EAQZ,43.4
199304,1993-04-01,18,EAQZ,43.6
199305,1993-05-01,18,EAQZ,43.5
199306,1993-06-01,18,EAQZ,43.9
199307,1993-07-01,18,EAQZ,43.8
199308,1993-08-01,18,EAQZ,44.0
199309,1993-09-01,18,EAQZ,44.3
199310,1993-10-01,18,EAQZ,44.0
199311,1993-11-01,18,EAQZ,44.7
199312,1993-12-01,18,EAQZ,44.3
199401,1994-01-01,18,EAQZ,45.0
199402,1994-02-01,18,EAQZ,44.5
199403,1994-03-01,18,EAQZ,45.0
199404,1994-04-01,18,EAQZ,44.8
199405,1994-05-01,18,EAQZ,46.1
199406,1994-06-01,18,EAQZ,46.3
199407,1994-07-01,18,EAQZ,45.9
199408,1994-08-01,18,EAQZ,46.4
199409,1994-09-01,18,EAQZ,46.8
199410,1994-10-01,18,EAQZ,46.3
199411,1994-11-01,18,EAQZ,46.9
199412,1994-12-01,18,EAQZ,47.0
199501,1995-01-01,18,EAQZ,45.9
199502,1995-02-01,18,EAQZ,46.8
199503,1995-03-01,18,EAQZ,46.7
199504,1995-04-01,18,EAQZ,46.3
199505,1995-05-01,18,EAQZ,45.6
199506,1995-06-01,18,EAQZ,45.3
199507,1995-07-01,18,EAQZ,46.9
199508,1995-08-01,18,EAQZ,46.8
199509,1995-09-01,18,EAQZ,47.0
199510,1995-10-01,18,EAQZ,48.2
199511,1995-11-01,18,EAQZ,47.5
199512,1995-12-01,18,EAQZ,48.4
199601,1996-01-01,18,EAQZ,47.3
199602,1996-02-01,18,EAQZ,46.7
199603,1996-03-01,18,EAQZ,48.2
199604,1996-04-01,18,EAQZ,49.6
199605,1996-05-01,18,EAQZ,49.4
199606,1996-06-01,18,EAQZ,50.5
199607,1996-07-01,18,EAQZ,48.6
199608,1996-08-01,18,EAQZ,48.8
199609,1996-09-01,18,EAQZ,50.3
199610,1996-10-01,18,EAQZ,49.6
199611,1996-11-01,18,EAQZ,49.4
199612,1996-12-01,18,EAQZ,49.7
199701,1997-01-01,18,EAQZ,49.0
199702,1997-02-01,18,EAQZ,49.9
199703,1997-03-01,18,EAQZ,51.0
199704,1997-04-01,18,EAQZ,49.7
199705,1997-05-01,18,EAQZ,49.0
199706,1997-06-01,18,EAQZ,50.3
199707,1997-07-01,18,EAQZ,50.4
199708,1997-08-01,18,EAQZ,49.6
199709,1997-09-01,18,EAQZ,49.7
199710,1997-10-01,18,EAQZ,50.7
199711,1997-11-01,18,EAQZ,50.9
199712,1997-12-01,18,EAQZ,50.3
199801,1998-01-01,18,EAQZ,51.1
199802,1998-02-01,18,EAQZ,52.1
199803,1998-03-01,18,EAQZ,51.7
199804,1998-04-01,18,EAQZ,51.8
199805,1998-05-01,18,EAQZ,53.5
199806,1998-06-01,18,EAQZ,51.1
199807,1998-07-01,18,EAQZ,51.9
199808,1998-08-01,18,EAQZ,52.4
199809,1998-09-01,18,EAQZ,51.6
199810,1998-10-01,18,EAQZ,51.1
199811,1998-11-01,18,EAQZ,51.3
199812,1998-12-01,18,EAQZ,50.4
199901,1999-01-01,18,EAQZ,52.3
199902,1999-02-01,18,EAQZ,51.7
199903,1999-03-01,18,EAQZ,51.2
199904,1999-04-01,18,EAQZ,53.1
199905,1999-05-01,18,EAQZ,53.5
199906,1999-06-01,18,EAQZ,52.8
199907,1999-07-01,18,EAQZ,52.5
199908,1999-08-01,18,EAQZ,53.2
199909,1999-09-01,18,EAQZ,52.7
199910,1999-10-01,18,EAQZ,53.3
199911,1999-11-01,18,EAQZ,53.0
199912,1999-12-01,18,EAQZ,50.5
200001,2000-01-01,18,EAQZ,53.6
200002,2000-02-01,18,EAQZ,52.4
200003,2000-03-01,18,EAQZ,52.4
200004,2000-04-01,18,EAQZ,52.6
200005,2000-05-01,18,EAQZ,52.4
200006,2000-06-01,18,EAQZ,52.9
200007,2000-07-01,18,EAQZ,54.0
200008,2000-08-01,18,EAQZ,54.4
200009,2000-09-01,18,EAQZ,53.9
200010,2000-10-01,18,EAQZ,54.0
200011,2000-11-01,18,EAQZ,53.4
200012,2000-12-01,18,EAQZ,54.9
200101,2001-01-01,18,EAQZ,54.8
200102,2001-02-01,18,EAQZ,53.9
200103,2001-03-01,18,EAQZ,52.6
200104,2001-04-01,18,EAQZ,54.3
200105,2001-05-01,18,EAQZ,55.2
200106,2001-06-01,18,EAQZ,54.8
200107,2001-07-01,18,EAQZ,56.1
200108,2001-08-01,18,EAQZ,56.1
200109,2001-09-01,18,EAQZ,56.5
200110,2001-10-01,18,EAQZ,56.2
200111,2001-11-01,18,EAQZ,56.9
200112,2001-12-01,18,EAQZ,58.9
200201,2002-01-01,18,EAQZ,59.2
200202,2002-02-01,18,EAQZ,59.6
200203,2002-03-01,18,EAQZ,61.0
200204,2002-04-01,18,EAQZ,62.1
200205,2002-05-01,18,EAQZ,61.1
200206,2002-06-01,18,EAQZ,59.1
200207,2002-07-01,18,EAQZ,59.4
200208,2002-08-01,18,EAQZ,58.2
200209,2002-09-01,18,EAQZ,59.6
200210,2002-10-01,18,EAQZ,59.3
200211,2002-11-01,18,EAQZ,60.9
200212,2002-12-01,18,EAQZ,59.0
200301,2003-01-01,18,EAQZ,59.9
200302,2003-02-01,18,EAQZ,60.6
200303,2003-03-01,18,EAQZ,60.6
200304,2003-04-01,18,EAQZ,59.6
200305,2003-05-01,18,EAQZ,59.2
200306,2003-06-01,18,EAQZ,59.7
200307,2003-07-01,18,EAQZ,59.6
200308,2003-08-01,18,EAQZ,60.1
200309,2003-09-01,18,EAQZ,60.9
200310,2003-10-01,18,EAQZ,61.0
200311,2003-11-01,18,EAQZ,63.2
200312,2003-12-01,18,EAQZ,62.7
200401,2004-01-01,18,EAQZ,65.7
200402,2004-02-01,18,EAQZ,64.2
200403,2004-03-01,18,EAQZ,63.9
200404,2004-04-01,18,EAQZ,64.8
200405,2004-05-01,18,EAQZ,64.8
200406,2004-06-01,18,EAQZ,66.1
200407,2004-07-01,18,EAQZ,65.8
200408,2004-08-01,18,EAQZ,63.7
200409,2004-09-01,18,EAQZ,64.9
200410,2004-10-01,18,EAQZ,64.8
200411,2004-11-01,18,EAQZ,64.0
200412,2004-12-01,18,EAQZ,63.5
200501,2005-01-01,18,EAQZ,63.7
200502,2005-02-01,18,EAQZ,62.8
200503,2005-03-01,18,EAQZ,64.3
200504,2005-04-01,18,EAQZ,63.5
200505,2005-05-01,18,EAQZ,63.7
200506,2005-06-01,18,EAQZ,64.4
200507,2005-07-01,18,EAQZ,66.3
200508,2005-08-01,18,EAQZ,66.4
200509,2005-09-01,18,EAQZ,66.0
200510,2005-10-01,18,EAQZ,66.8
200511,2005-11-01,18,EAQZ,65.9
200512,2005-12-01,18,EAQZ,65.4
200601,2006-01-01,18,EAQZ,65.5
200602,2006-02-01,18,EAQZ,64.4
200603,2006-03-01,18,EAQZ,62.6
200604,2006-04-01,18,EAQZ,63.9
200605,2006-05-01,18,EAQZ,63.7
200606,2006-06-01,18,EAQZ,64.0
200607,2006-07-01,18,EAQZ,63.3
200608,2006-08-01,18,EAQZ,64.0
200609,2006-09-01,18,EAQZ,64.2
200610,2006-10-01,18,EAQZ,64.7
200611,2006-11-01,18,EAQZ,64.5
200612,2006-12-01,18,EAQZ,65.5
200701,2007-01-01,18,EAQZ,63.5
200702,2007-02-01,18,EAQZ,64.3
200703,2007-03-01,18,EAQZ,65.5
200704,2007-04-01,18,EAQZ,65.5
200705,2007-05-01,18,EAQZ,65.9
200706,2007-06-01,18,EAQZ,66.5
200707,2007-07-01,18,EAQZ,65.2
200708,2007-08-01,18,EAQZ,65.6
200709,2007-09-01,18,EAQZ,66.4
200710,2007-10-01,18,EAQZ,65.9
200711,2007-11-01,18,EAQZ,67.2
200712,2007-12-01,18,EAQZ,66.4
200801,2008-01-01,18,EAQZ,68.2
200802,2008-02-01,18,EAQZ,70.9
200803,2008-03-01,18,EAQZ,69.3
200804,2008-04-01,18,EAQZ,68.2
200805,2008-05-01,18,EAQZ,70.8
200806,2008-06-01,18,EAQZ,69.7
200807,2008-07-01,18,EAQZ,70.2
200808,2008-08-01,18,EAQZ,69.4
200809,2008-09-01,18,EAQZ,69.5
200810,2008-10-01,18,EAQZ,68.0
200811,2008-11-01,18,EAQZ,67.6
200812,2008-12-01,18,EAQZ,68.6
200901,2009-01-01,18,EAQZ,68.1
200902,2009-02-01,18,EAQZ,65.7
200903,2009-03-01,18,EAQZ,66.0
200904,2009-04-01,18,EAQZ,65.6
200905,2009-05-01,18,EAQZ,66.1
200906,2009-06-01,18,EAQZ,66.6
200907,2009-07-01,18,EAQZ,67.9
200908,2009-08-01,18,EAQZ,67.4
200909,2009-09-01,18,EAQZ,66.5
200910,2009-10-01,18,EAQZ,67.1
200911,2009-11-01,18,EAQZ,68.0
200912,2009-12-01,18,EAQZ,67.0
201001,2010-01-01,18,EAQZ,63.1
201002,2010-02-01,18,EAQZ,67.7
201003,2010-03-01,18,EAQZ,66.4
201004,2010-04-01,18,EAQZ,67.8
201005,2010-05-01,18,EAQZ,68.0
201006,2010-06-01,18,EAQZ,67.8
201007,2010-07-01,18,EAQZ,70.0
201008,2010-08-01,18,EAQZ,71.3
201009,2010-09-01,18,EAQZ,68.8
201010,2010-10-01,18,EAQZ,69.6
201011,2010-11-01,18,EAQZ,70.7
201012,2010-12-01,18,EAQZ,68.6
201101,2011-01-01,18,EAQZ,69.9
201102,2011-02-01,18,EAQZ,69.6
201103,2011-03-01,18,EAQZ,68.6
201104,2011-04-01,18,EAQZ,69.8
201105,2011-05-01,18,EAQZ,69.6
201106,2011-06-01,18,EAQZ,67.5
201107,2011-07-01,18,EAQZ,67.8
201108,2011-08-01,18,EAQZ,68.0
201109,2011-09-01,18,EAQZ,68.3
201110,2011-10-01,18,EAQZ,69.6
201111,2011-11-01,18,EAQZ,68.8
201112,2011-12-01,18,EAQZ,68.1
201201,2012-01-01,18,EAQZ,69.9
201202,2012-02-01,18,EAQZ,67.2
201203,2012-03-01,18,EAQZ,70.5
201204,2012-04-01,18,EAQZ,67.5
201205,2012-05-01,18,EAQZ,67.5
201206,2012-06-01,18,EAQZ,69.0
201207,2012-07-01,18,EAQZ,68.5
201208,2012-08-01,18,EAQZ,70.9
201209,2012-09-01,18,EAQZ,69.8
201210,2012-10-01,18,EAQZ,69.0
201211,2012-11-01,18,EAQZ,70.1
201212,2012-12-01,18,EAQZ,69.1
201301,2013-01-01,18,EAQZ,66.3
201302,2013-02-01,18,EAQZ,70.5
201303,2013-03-01,18,EAQZ,69.1
201304,2013-04-01,18,EAQZ,71.3
201305,2013-05-01,18,EAQZ,70.0
201306,2013-06-01,18,EAQZ,71.1
201307,2013-07-01,18,EAQZ,70.1
201308,2013-08-01,18,EAQZ,70.8
201309,2013-09-01,18,EAQZ,75.1
201310,2013-10-01,18,EAQZ,72.0
201311,2013-11-01,18,EAQZ,73.3
201312,2013-12-01,18,EAQZ,72.2
201401,2014-01-01,18,EAQZ,73.9
201402,2014-02-01,18,EAQZ,74.8
201403,2014-03-01,18,EAQZ,76.0
201404,2014-04-01,18,EAQZ,73.5
201405,2014-05-01,18,EAQZ,75.4
201406,2014-06-01,18,EAQZ,76.8
201407,2014-07-01,18,EAQZ,77.0
201408,2014-08-01,18,EAQZ,75.6
201409,2014-09-01,18,EAQZ,76.2
201410,2014-10-01,18,EAQZ,76.4
201411,2014-11-01,18,EAQZ,77.6
201412,2014-12-01,18,EAQZ,82.2
201501,2015-01-01,18,EAQZ,75.4
201502,2015-02-01,18,EAQZ,76.6
201503,2015-03-01,18,EAQZ,75.2
201504,2015-04-01,18,EAQZ,76.1
201505,2015-05-01,18,EAQZ,76.4
201506,2015-06-01,18,EAQZ,74.7
201507,2015-07-01,18,EAQZ,74.6
201508,2015-08-01,18,EAQZ,74.8
201509,2015-09-01,18,EAQZ,75.3
201510,2015-10-01,18,EAQZ,75.1
201511,2015-11-01,18,EAQZ,73.7
201512,2015-12-01,18,EAQZ,73.6
201601,2016-01-01,18,EAQZ,77.4
201602,2016-02-01,18,EAQZ,75.7
201603,2016-03-01,18,EAQZ,77.6
201604,2016-04-01,18,EAQZ,81.0
201605,2016-05-01,18,EAQZ,78.3
201606,2016-06-01,18,EAQZ,79.7
201607,2016-07-01,18,EAQZ,81.2
201608,2016-08-01,18,EAQZ,79.0
201609,2016-09-01,18,EAQZ,80.4
201610,2016-10-01,18,EAQZ,82.1
201611,2016-11-01,18,EAQZ,80.6
201612,2016-12-01,18,EAQZ,82.8
201701,2017-01-01,18,EAQZ,79.5
201702,2017-02-01,18,EAQZ,81.2
201703,2017-03-01,18,EAQZ,78.1
201704,2017-04-01,18,EAQZ,83.3
201705,2017-05-01,18,EAQZ,80.4
201706,2017-06-01,18,EAQZ,83.4
201707,2017-07-01,18,EAQZ,81.5
201708,2017-08-01,18,EAQZ,86.4
201709,2017-09-01,18,EAQZ,80.9
201710,2017-10-01,18,EAQZ,82.7
201711,2017-11-01,18,EAQZ,84.6
201712,2017-12-01,18,EAQZ,86.6
201801,2018-01-01,18,EAQZ,84.8
201802,2018-02-01,18,EAQZ,83.8
201803,2018-03-01,18,EAQZ,81.3
201804,2018-04-01,18,EAQZ,86.0
201805,2018-05-01,18,EAQZ,84.7
201806,2018-06-01,18,EAQZ,83.0
201807,2018-07-01,18,EAQZ,84.0
201808,2018-08-01,18,EAQZ,88.3
201809,2018-09-01,18,EAQZ,87.4
201810,2018-10-01,18,EAQZ,84.8
201811,2018-11-01,18,EAQZ,88.7
201812,2018-12-01,18,EAQZ,86.6
201901,2019-01-01,18,EAQZ,86.4
201902,2019-02-01,18,EAQZ,89.9
201903,2019-03-01,18,EAQZ,91.1
201904,2019-04-01,18,EAQZ,89.5
201905,2019-05-01,18,EAQZ,89.1
201906,2019-06-01,18,EAQZ,92.0
201907,2019-07-01,18,EAQZ,90.2
201908,2019-08-01,18,EAQZ,90.7
201909,2019-09-01,18,EAQZ,89.7
201910,2019-10-01,18,EAQZ,86.6
201911,2019-11-01,18,EAQZ,87.9
201912,2019-12-01,18,EAQZ,89.0
202001,2020-01-01,18,EAQZ,90.4
202002,2020-02-01,18,EAQZ,90.3
202003,2020-03-01,18,EAQZ,67.3
202004,2020-04-01,18,EAQZ,36.5
202005,2020-05-01,18,EAQZ,46.4
202006,2020-06-01,18,EAQZ,75.1
202007,2020-07-01,18,EAQZ,92.1
202008,2020-08-01,18,EAQZ,90.3
202009,2020-09-01,18,EAQZ,95.6
202010,2020-10-01,18,EAQZ,95.6
202011,2020-11-01,18,EAQZ,83.8
202012,2020-12-01,18,EAQZ,93.2
202101,2021-01-01,18,EAQZ,69.7
202102,2021-02-01,18,EAQZ,66.5
202103,2021-03-01,18,EAQZ,74.6
202104,2021-04-01,18,EAQZ,94.0
202105,2021-05-01,18,EAQZ,101.9
202106,2021-06-01,18,EAQZ,104.6
202107,2021-07-01,18,EAQZ,97.8
202108,2021-08-01,18,EAQZ,100.9
202109,2021-09-01,18,EAQZ,99.7
202110,2021-10-01,18,EAQZ,102.1
202111,2021-11-01,18,EAQZ,103.5
202112,2021-12-01,18,EAQZ,99.8
202201,2022-01-01,18,EAQZ,105.2
202202,2022-02-01,18,EAQZ,100.5
202203,2022-03-01,18,EAQZ,104.9
202204,2022-04-01,18,EAQZ,100.8
202205,2022-05-01,18,EAQZ,100.7
202206,2022-06-01,18,EAQZ,103.0
202207,2022-07-01,18,EAQZ,101.7
202208,2022-08-01,18,EAQZ,99.8
202209,2022-09-01,18,EAQZ,99.4
202210,2022-10-01,18,EAQZ,102.8
202211,2022-11-01,18,EAQZ,99.1
202212,2022-12-01,18,EAQZ,97.2
202301,2023-01-01,18,EAQZ,96.4
202302,2023-02-01,18,EAQZ,101.6
202303,2023-03-01,18,EAQZ,97.5
202304,2023-04-01,18,EAQZ,102.2
202305,2023-05-01,18,EAQZ,100.5
202306,2023-06-01,18,EAQZ,100.9
202307,2023-07-01,18,EAQZ,100.9
202308,2023-08-01,18,EAQZ,101.1
202309,2023-09-01,18,EAQZ,98.8
202310,2023-10-01,18,EAQZ,98.3
202311,2023-11-01,18,EAQZ,103.2
202312,2023-12-01,18,EAQZ,99.4
202401,2024-01-01,18,EAQZ,105.0
202402,2024-02-01,18,EAQZ,106.3
202403,2024-03-01,18,EAQZ,108.1
202404,2024-04-01,18,EAQZ,106.9
202405,2024-05-01,18,EAQZ,108.7
202406,2024-06-01,18,EAQZ,107.5
202407,2024-07-01,18,EAQZ,108.2
202408,2024-08-01,18,EAQZ,107.8
202409,2024-09-01,18,EAQZ,111.5
202410,2024-10-01,18,EAQZ,109.1
202411,2024-11-01,18,EAQZ,112.7
202412,2024-12-01,18,EAQZ,112.6
202501,2025-01-01,18,EAQZ,106.6
202502,2025-02-01,18,EAQZ,110.8
202503,2025-03-01,18,EAQZ,113.4
202504,2025-04-01,18,EAQZ,110.0
202505,2025-05-01,18,EAQZ,109.8
202506,2025-06-01,18,EAQZ,107.7
202507,2025-07-01,18,EAQZ,108.0
202508,2025-08-01,18,EAQZ,109.8
202509,2025-09-01,18,EAQZ,110.7
202510,2025-10-01,18,EAQZ,112.0
202511,2025-11-01,18,EAQZ,109.7
202512,2025-12-01,18,EAQZ,110.3
202601,2026-01-01,18,EAQZ,116.5
202602,2026-02-01,18,EAQZ,116.5
202603,2026-03-01,18,EAQZ,116.0
202604,2026-04-01,18,EAQZ,118.9
202605,2026-05-01,18,EAQZ,117.8
202606,2026-06-01,18,EAQZ,119.8
198801,1988-01-01,19,JO2Q,64.9
198802,1988-02-01,19,JO2Q,60.6
198803,1988-03-01,19,JO2Q,65.5
198804,1988-04-01,19,JO2Q,65.8
198805,1988-05-01,19,JO2Q,67.8
198806,1988-06-01,19,JO2Q,68.4
198807,1988-07-01,19,JO2Q,67.8
198808,1988-08-01,19,JO2Q,71.1
198809,1988-09-01,19,JO2Q,70.3
198810,1988-10-01,19,JO2Q,71.9
198811,1988-11-01,19,JO2Q,71.6
198812,1988-12-01,19,JO2Q,73.2
198901,1989-01-01,19,JO2Q,71.1
198902,1989-02-01,19,JO2Q,71.1
198903,1989-03-01,19,JO2Q,72.3
198904,1989-04-01,19,JO2Q,74.8
198905,1989-05-01,19,JO2Q,73.4
198906,1989-06-01,19,JO2Q,78.1
198907,1989-07-01,19,JO2Q,77.3
198908,1989-08-01,19,JO2Q,77.0
198909,1989-09-01,19,JO2Q,78.3
198910,1989-10-01,19,JO2Q,80.2
198911,1989-11-01,19,JO2Q,78.8
198912,1989-12-01,19,JO2Q,84.5
199001,1990-01-01,19,JO2Q,74.6
199002,1990-02-01,19,JO2Q,78.5
199003,1990-03-01,19,JO2Q,81.3
199004,1990-04-01,19,JO2Q,81.2
199005,1990-05-01,19,JO2Q,82.4
199006,1990-06-01,19,JO2Q,78.5
199007,1990-07-01,19,JO2Q,86.3
199008,1990-08-01,19,JO2Q,84.1
199009,1990-09-01,19,JO2Q,83.2
199010,1990-10-01,19,JO2Q,83.8
199011,1990-11-01,19,JO2Q,86.2
199012,1990-12-01,19,JO2Q,88.3
199101,1991-01-01,19,JO2Q,84.4
199102,1991-02-01,19,JO2Q,86.8
199103,1991-03-01,19,JO2Q,84.4
199104,1991-04-01,19,JO2Q,88.2
199105,1991-05-01,19,JO2Q,89.3
199106,1991-06-01,19,JO2Q,85.5
199107,1991-07-01,19,JO2Q,91.9
199108,1991-08-01,19,JO2Q,88.7
199109,1991-09-01,19,JO2Q,91.3
199110,1991-10-01,19,JO2Q,90.6
199111,1991-11-01,19,JO2Q,87.8
199112,1991-12-01,19,JO2Q,94.2
199201,1992-01-01,19,JO2Q,99.2
199202,1992-02-01,19,JO2Q,96.5
199203,1992-03-01,19,JO2Q,96.2
199204,1992-04-01,19,JO2Q,97.7
199205,1992-05-01,19,JO2Q,104.1
199206,1992-06-01,19,JO2Q,98.6
199207,1992-07-01,19,JO2Q,95.8
199208,1992-08-01,19,JO2Q,98.6
199209,1992-09-01,19,JO2Q,98.7
199210,1992-10-01,19,JO2Q,98.6
199211,1992-11-01,19,JO2Q,100.8
199212,1992-12-01,19,JO2Q,97.4
199301,1993-01-01,19,JO2Q,106.8
199302,1993-02-01,19,JO2Q,108.7
199303,1993-03-01,19,JO2Q,111.1
199304,1993-04-01,19,JO2Q,106.5
199305,1993-05-01,19,JO2Q,106.4
199306,1993-06-01,19,JO2Q,109.6
199307,1993-07-01,19,JO2Q,102.9
199308,1993-08-01,19,JO2Q,109.4
199309,1993-09-01,19,JO2Q,110.4
199310,1993-10-01,19,JO2Q,111.5
199311,1993-11-01,19,JO2Q,113.6
199312,1993-12-01,19,JO2Q,102.0
199401,1994-01-01,19,JO2Q,110.7
199402,1994-02-01,19,JO2Q,108.7
199403,1994-03-01,19,JO2Q,108.6
199404,1994-04-01,19,JO2Q,106.6
199405,1994-05-01,19,JO2Q,108.3
199406,1994-06-01,19,JO2Q,113.7
199407,1994-07-01,19,JO2Q,110.0
199408,1994-08-01,19,JO2Q,109.6
199409,1994-09-01,19,JO2Q,108.7
199410,1994-10-01,19,JO2Q,110.7
199411,1994-11-01,19,JO2Q,107.5
199412,1994-12-01,19,JO2Q,106.2
199501,1995-01-01,19,JO2Q,111.8
199502,1995-02-01,19,JO2Q,115.2
199503,1995-03-01,19,JO2Q,112.3
199504,1995-04-01,19,JO2Q,114.0
199505,1995-05-01,19,JO2Q,112.0
199506,1995-06-01,19,JO2Q,111.4
199507,1995-07-01,19,JO2Q,113.6
199508,1995-08-01,19,JO2Q,116.5
199509,1995-09-01,19,JO2Q,109.3
199510,1995-10-01,19,JO2Q,117.0
199511,1995-11-01,19,JO2Q,114.9
199512,1995-12-01,19,JO2Q,113.4
199601,1996-01-01,19,JO2Q,107.8
199602,1996-02-01,19,JO2Q,108.6
199603,1996-03-01,19,JO2Q,111.6
199604,1996-04-01,19,JO2Q,114.5
199605,1996-05-01,19,JO2Q,113.4
199606,1996-06-01,19,JO2Q,113.1
199607,1996-07-01,19,JO2Q,113.0
199608,1996-08-01,19,JO2Q,111.2
199609,1996-09-01,19,JO2Q,118.4
199610,1996-10-01,19,JO2Q,113.5
199611,1996-11-01,19,JO2Q,112.2
199612,1996-12-01,19,JO2Q,119.4
199701,1997-01-01,19,JO2Q,115.1
199702,1997-02-01,19,JO2Q,117.7
199703,1997-03-01,19,JO2Q,120.3
199704,1997-04-01,19,JO2Q,119.4
199705,1997-05-01,19,JO2Q,120.7
199706,1997-06-01,19,JO2Q,118.2
199707,1997-07-01,19,JO2Q,121.9
199708,1997-08-01,19,JO2Q,112.9
199709,1997-09-01,19,JO2Q,118.8
199710,1997-10-01,19,JO2Q,118.6
199711,1997-11-01,19,JO2Q,120.1
199712,1997-12-01,19,JO2Q,113.3
199801,1998-01-01,19,JO2Q,116.8
199802,1998-02-01,19,JO2Q,120.5
199803,1998-03-01,19,JO2Q,121.8
199804,1998-04-01,19,JO2Q,120.2
199805,1998-05-01,19,JO2Q,126.7
199806,1998-06-01,19,JO2Q,116.9
199807,1998-07-01,19,JO2Q,122.7
199808,1998-08-01,19,JO2Q,130.5
199809,1998-09-01,19,JO2Q,128.0
199810,1998-10-01,19,JO2Q,124.6
199811,1998-11-01,19,JO2Q,125.8
199812,1998-12-01,19,JO2Q,123.7
199901,1999-01-01,19,JO2Q,129.1
199902,1999-02-01,19,JO2Q,128.7
199903,1999-03-01,19,JO2Q,128.1
199904,1999-04-01,19,JO2Q,130.1
199905,1999-05-01,19,JO2Q,129.4
199906,1999-06-01,19,JO2Q,131.8
199907,1999-07-01,19,JO2Q,130.4
199908,1999-08-01,19,JO2Q,132.2
199909,1999-09-01,19,JO2Q,129.1
199910,1999-10-01,19,JO2Q,132.1
199911,1999-11-01,19,JO2Q,126.4
199912,1999-12-01,19,JO2Q,118.9
200001,2000-01-01,19,JO2Q,142.5
200002,2000-02-01,19,JO2Q,123.0
200003,2000-03-01,19,JO2Q,118.3
200004,2000-04-01,19,JO2Q,116.3
200005,2000-05-01,19,JO2Q,111.6
200006,2000-06-01,19,JO2Q,113.3
200007,2000-07-01,19,JO2Q,110.9
200008,2000-08-01,19,JO2Q,109.1
200009,2000-09-01,19,JO2Q,107.7
200010,2000-10-01,19,JO2Q,107.5
200011,2000-11-01,19,JO2Q,116.6
200012,2000-12-01,19,JO2Q,112.3
200101,2001-01-01,19,JO2Q,115.2
200102,2001-02-01,19,JO2Q,109.3
200103,2001-03-01,19,JO2Q,106.3
200104,2001-04-01,19,JO2Q,104.4
200105,2001-05-01,19,JO2Q,103.6
200106,2001-06-01,19,JO2Q,99.1
200107,2001-07-01,19,JO2Q,103.7
200108,2001-08-01,19,JO2Q,103.2
200109,2001-09-01,19,JO2Q,101.9
200110,2001-10-01,19,JO2Q,101.1
200111,2001-11-01,19,JO2Q,101.4
200112,2001-12-01,19,JO2Q,103.6
200201,2002-01-01,19,JO2Q,100.9
200202,2002-02-01,19,JO2Q,93.4
200203,2002-03-01,19,JO2Q,92.5
200204,2002-04-01,19,JO2Q,94.8
200205,2002-05-01,19,JO2Q,90.1
200206,2002-06-01,19,JO2Q,93.3
200207,2002-07-01,19,JO2Q,88.8
200208,2002-08-01,19,JO2Q,85.2
200209,2002-09-01,19,JO2Q,93.9
200210,2002-10-01,19,JO2Q,86.5
200211,2002-11-01,19,JO2Q,82.7
200212,2002-12-01,19,JO2Q,83.6
200301,2003-01-01,19,JO2Q,86.9
200302,2003-02-01,19,JO2Q,95.1
200303,2003-03-01,19,JO2Q,101.7
200304,2003-04-01,19,JO2Q,93.7
200305,2003-05-01,19,JO2Q,94.0
200306,2003-06-01,19,JO2Q,95.9
200307,2003-07-01,19,JO2Q,88.1
200308,2003-08-01,19,JO2Q,96.1
200309,2003-09-01,19,JO2Q,102.7
200310,2003-10-01,19,JO2Q,92.6
200311,2003-11-01,19,JO2Q,97.2
200312,2003-12-01,19,JO2Q,93.1
200401,2004-01-01,19,JO2Q,91.4
200402,2004-02-01,19,JO2Q,87.5
200403,2004-03-01,19,JO2Q,95.0
200404,2004-04-01,19,JO2Q,93.9
200405,2004-05-01,19,JO2Q,94.9
200406,2004-06-01,19,JO2Q,89.7
200407,2004-07-01,19,JO2Q,91.5
200408,2004-08-01,19,JO2Q,90.7
200409,2004-09-01,19,JO2Q,92.4
200410,2004-10-01,19,JO2Q,91.4
200411,2004-11-01,19,JO2Q,89.4
200412,2004-12-01,19,JO2Q,91.2
200501,2005-01-01,19,JO2Q,87.8
200502,2005-02-01,19,JO2Q,90.4
200503,2005-03-01,19,JO2Q,86.1
200504,2005-04-01,19,JO2Q,82.5
200505,2005-05-01,19,JO2Q,84.9
200506,2005-06-01,19,JO2Q,89.5
200507,2005-07-01,19,JO2Q,92.0
200508,2005-08-01,19,JO2Q,87.5
200509,2005-09-01,19,JO2Q,84.9
200510,2005-10-01,19,JO2Q,83.7
200511,2005-11-01,19,JO2Q,85.5
200512,2005-12-01,19,JO2Q,83.2
200601,2006-01-01,19,JO2Q,71.4
200602,2006-02-01,19,JO2Q,73.8
200603,2006-03-01,19,JO2Q,75.9
200604,2006-04-01,19,JO2Q,74.7
200605,2006-05-01,19,JO2Q,78.1
200606,2006-06-01,19,JO2Q,82.0
200607,2006-07-01,19,JO2Q,77.9
200608,2006-08-01,19,JO2Q,73.0
200609,2006-09-01,19,JO2Q,77.4
200610,2006-10-01,19,JO2Q,78.8
200611,2006-11-01,19,JO2Q,76.6
200612,2006-12-01,19,JO2Q,77.8
200701,2007-01-01,19,JO2Q,71.4
200702,2007-02-01,19,JO2Q,77.1
200703,2007-03-01,19,JO2Q,76.3
200704,2007-04-01,19,JO2Q,75.6
200705,2007-05-01,19,JO2Q,74.3
200706,2007-06-01,19,JO2Q,74.7
200707,2007-07-01,19,JO2Q,71.3
200708,2007-08-01,19,JO2Q,74.1
200709,2007-09-01,19,JO2Q,98.6
200710,2007-10-01,19,JO2Q,77.9
200711,2007-11-01,19,JO2Q,78.4
200712,2007-12-01,19,JO2Q,80.8
200801,2008-01-01,19,JO2Q,99.9
200802,2008-02-01,19,JO2Q,98.7
200803,2008-03-01,19,JO2Q,98.7
200804,2008-04-01,19,JO2Q,98.9
200805,2008-05-01,19,JO2Q,95.7
200806,2008-06-01,19,JO2Q,90.8
200807,2008-07-01,19,JO2Q,87.2
200808,2008-08-01,19,JO2Q,88.1
200809,2008-09-01,19,JO2Q,84.1
200810,2008-10-01,19,JO2Q,82.2
200811,2008-11-01,19,JO2Q,79.0
200812,2008-12-01,19,JO2Q,78.4
200901,2009-01-01,19,JO2Q,76.4
200902,2009-02-01,19,JO2Q,75.3
200903,2009-03-01,19,JO2Q,75.4
200904,2009-04-01,19,JO2Q,77.3
200905,2009-05-01,19,JO2Q,74.9
200906,2009-06-01,19,JO2Q,76.6
200907,2009-07-01,19,JO2Q,82.3
200908,2009-08-01,19,JO2Q,79.7
200909,2009-09-01,19,JO2Q,77.9
200910,2009-10-01,19,JO2Q,78.4
200911,2009-11-01,19,JO2Q,80.6
200912,2009-12-01,19,JO2Q,72.9
201001,2010-01-01,19,JO2Q,72.5
201002,2010-02-01,19,JO2Q,73.4
201003,2010-03-01,19,JO2Q,69.2
201004,2010-04-01,19,JO2Q,72.1
201005,2010-05-01,19,JO2Q,71.8
201006,2010-06-01,19,JO2Q,69.3
201007,2010-07-01,19,JO2Q,73.5
201008,2010-08-01,19,JO2Q,73.4
201009,2010-09-01,19,JO2Q,68.6
201010,2010-10-01,19,JO2Q,74.7
201011,2010-11-01,19,JO2Q,75.3
201012,2010-12-01,19,JO2Q,78.1
201101,2011-01-01,19,JO2Q,82.1
201102,2011-02-01,19,JO2Q,79.5
201103,2011-03-01,19,JO2Q,80.8
201104,2011-04-01,19,JO2Q,78.7
201105,2011-05-01,19,JO2Q,77.4
201106,2011-06-01,19,JO2Q,76.2
201107,2011-07-01,19,JO2Q,72.0
201108,2011-08-01,19,JO2Q,69.3
201109,2011-09-01,19,JO2Q,71.4
201110,2011-10-01,19,JO2Q,77.8
201111,2011-11-01,19,JO2Q,73.3
201112,2011-12-01,19,JO2Q,70.6
201201,2012-01-01,19,JO2Q,75.5
201202,2012-02-01,19,JO2Q,75.0
201203,2012-03-01,19,JO2Q,77.1
201204,2012-04-01,19,JO2Q,70.7
201205,2012-05-01,19,JO2Q,78.6
201206,2012-06-01,19,JO2Q,75.0
201207,2012-07-01,19,JO2Q,69.9
201208,2012-08-01,19,JO2Q,73.5
201209,2012-09-01,19,JO2Q,61.0
201210,2012-10-01,19,JO2Q,70.8
201211,2012-11-01,19,JO2Q,69.7
201212,2012-12-01,19,JO2Q,70.8
201301,2013-01-01,19,JO2Q,70.3
201302,2013-02-01,19,JO2Q,72.6
201303,2013-03-01,19,JO2Q,71.7
201304,2013-04-01,19,JO2Q,71.1
201305,2013-05-01,19,JO2Q,69.5
201306,2013-06-01,19,JO2Q,75.5
201307,2013-07-01,19,JO2Q,76.5
201308,2013-08-01,19,JO2Q,75.0
201309,2013-09-01,19,JO2Q,75.1
201310,2013-10-01,19,JO2Q,75.3
201311,2013-11-01,19,JO2Q,76.8
201312,2013-12-01,19,JO2Q,77.5
201401,2014-01-01,19,JO2Q,72.5
201402,2014-02-01,19,JO2Q,74.7
201403,2014-03-01,19,JO2Q,77.2
201404,2014-04-01,19,JO2Q,78.9
201405,2014-05-01,19,JO2Q,81.6
201406,2014-06-01,19,JO2Q,82.9
201407,2014-07-01,19,JO2Q,78.6
201408,2014-08-01,19,JO2Q,73.7
201409,2014-09-01,19,JO2Q,76.3
201410,2014-10-01,19,JO2Q,71.5
201411,2014-11-01,19,JO2Q,76.1
201412,2014-12-01,19,JO2Q,78.5
201501,2015-01-01,19,JO2Q,72.5
201502,2015-02-01,19,JO2Q,73.3
201503,2015-03-01,19,JO2Q,72.9
201504,2015-04-01,19,JO2Q,71.6
201505,2015-05-01,19,JO2Q,69.2
201506,2015-06-01,19,JO2Q,68.2
201507,2015-07-01,19,JO2Q,69.2
201508,2015-08-01,19,JO2Q,68.7
201509,2015-09-01,19,JO2Q,69.9
201510,2015-10-01,19,JO2Q,71.2
201511,2015-11-01,19,JO2Q,70.1
201512,2015-12-01,19,JO2Q,69.9
201601,2016-01-01,19,JO2Q,74.5
201602,2016-02-01,19,JO2Q,72.4
201603,2016-03-01,19,JO2Q,73.5
201604,2016-04-01,19,JO2Q,74.4
201605,2016-05-01,19,JO2Q,75.1
201606,2016-06-01,19,JO2Q,72.2
201607,2016-07-01,19,JO2Q,73.7
201608,2016-08-01,19,JO2Q,76.6
201609,2016-09-01,19,JO2Q,82.4
201610,2016-10-01,19,JO2Q,78.5
201611,2016-11-01,19,JO2Q,78.8
201612,2016-12-01,19,JO2Q,78.6
201701,2017-01-01,19,JO2Q,79.3
201702,2017-02-01,19,JO2Q,77.6
201703,2017-03-01,19,JO2Q,76.0
201704,2017-04-01,19,JO2Q,100.1
201705,2017-05-01,19,JO2Q,74.6
201706,2017-06-01,19,JO2Q,90.9
201707,2017-07-01,19,JO2Q,83.4
201708,2017-08-01,19,JO2Q,90.3
201709,2017-09-01,19,JO2Q,90.8
201710,2017-10-01,19,JO2Q,89.4
201711,2017-11-01,19,JO2Q,95.3
201712,2017-12-01,19,JO2Q,89.9
201801,2018-01-01,19,JO2Q,88.0
201802,2018-02-01,19,JO2Q,88.4
201803,2018-03-01,19,JO2Q,87.5
201804,2018-04-01,19,JO2Q,91.4
201805,2018-05-01,19,JO2Q,89.6
201806,2018-06-01,19,JO2Q,84.6
201807,2018-07-01,19,JO2Q,92.1
201808,2018-08-01,19,JO2Q,91.6
201809,2018-09-01,19,JO2Q,90.1
201810,2018-10-01,19,JO2Q,76.7
201811,2018-11-01,19,JO2Q,90.7
201812,2018-12-01,19,JO2Q,87.8
201901,2019-01-01,19,JO2Q,93.8
201902,2019-02-01,19,JO2Q,96.9
201903,2019-03-01,19,JO2Q,96.5
201904,2019-04-01,19,JO2Q,99.7
201905,2019-05-01,19,JO2Q,99.2
201906,2019-06-01,19,JO2Q,89.3
201907,2019-07-01,19,JO2Q,92.8
201908,2019-08-01,19,JO2Q,92.6
201909,2019-09-01,19,JO2Q,88.9
201910,2019-10-01,19,JO2Q,89.6
201911,2019-11-01,19,JO2Q,87.6
201912,2019-12-01,19,JO2Q,93.5
202001,2020-01-01,19,JO2Q,91.4
202002,2020-02-01,19,JO2Q,95.6
202003,2020-03-01,19,JO2Q,137.7
202004,2020-04-01,19,JO2Q,117.0
202005,2020-05-01,19,JO2Q,129.3
202006,2020-06-01,19,JO2Q,182.1
202007,2020-07-01,19,JO2Q,143.4
202008,2020-08-01,19,JO2Q,144.6
202009,2020-09-01,19,JO2Q,145.8
202010,2020-10-01,19,JO2Q,159.0
202011,2020-11-01,19,JO2Q,138.9
202012,2020-12-01,19,JO2Q,129.4
202101,2021-01-01,19,JO2Q,129.5
202102,2021-02-01,19,JO2Q,125.8
202103,2021-03-01,19,JO2Q,130.1
202104,2021-04-01,19,JO2Q,125.7
202105,2021-05-01,19,JO2Q,135.7
202106,2021-06-01,19,JO2Q,145.0
202107,2021-07-01,19,JO2Q,139.9
202108,2021-08-01,19,JO2Q,139.1
202109,2021-09-01,19,JO2Q,147.0
202110,2021-10-01,19,JO2Q,139.9
202111,2021-11-01,19,JO2Q,113.0
202112,2021-12-01,19,JO2Q,111.9
202201,2022-01-01,19,JO2Q,115.4
202202,2022-02-01,19,JO2Q,110.9
202203,2022-03-01,19,JO2Q,104.7
202204,2022-04-01,19,JO2Q,109.7
202205,2022-05-01,19,JO2Q,104.7
202206,2022-06-01,19,JO2Q,106.5
202207,2022-07-01,19,JO2Q,107.8
202208,2022-08-01,19,JO2Q,103.5
202209,2022-09-01,19,JO2Q,105.9
202210,2022-10-01,19,JO2Q,101.4
202211,2022-11-01,19,JO2Q,113.2
202212,2022-12-01,19,JO2Q,117.7
202301,2023-01-01,19,JO2Q,110.0
202302,2023-02-01,19,JO2Q,108.2
202303,2023-03-01,19,JO2Q,111.4
202304,2023-04-01,19,JO2Q,103.0
202305,2023-05-01,19,JO2Q,97.0
202306,2023-06-01,19,JO2Q,94.9
202307,2023-07-01,19,JO2Q,91.8
202308,2023-08-01,19,JO2Q,96.8
202309,2023-09-01,19,JO2Q,89.6
202310,2023-10-01,19,JO2Q,99.5
202311,2023-11-01,19,JO2Q,109.1
202312,2023-12-01,19,JO2Q,91.8
202401,2024-01-01,19,JO2Q,98.2
202402,2024-02-01,19,JO2Q,96.1
202403,2024-03-01,19,JO2Q,93.2
202404,2024-04-01,19,JO2Q,101.0
202405,2024-05-01,19,JO2Q,107.2
202406,2024-06-01,19,JO2Q,104.4
202407,2024-07-01,19,JO2Q,101.6
202408,2024-08-01,19,JO2Q,83.5
202409,2024-09-01,19,JO2Q,90.4
202410,2024-10-01,19,JO2Q,94.6
202411,2024-11-01,19,JO2Q,92.4
202412,2024-12-01,19,JO2Q,92.1
202501,2025-01-01,19,JO2Q,88.6
202502,2025-02-01,19,JO2Q,94.7
202503,2025-03-01,19,JO2Q,94.0
202504,2025-04-01,19,JO2Q,88.3
202505,2025-05-01,19,JO2Q,90.5
202506,2025-06-01,19,JO2Q,83.7
202507,2025-07-01,19,JO2Q,84.8
202508,2025-08-01,19,JO2Q,89.5
202509,2025-09-01,19,JO2Q,86.8
202510,2025-10-01,19,JO2Q,81.9
202511,2025-11-01,19,JO2Q,81.5
202512,2025-12-01,19,JO2Q,83.0
202601,2026-01-01,19,JO2Q,81.6
202602,2026-02-01,19,JO2Q,78.7
202603,2026-03-01,19,JO2Q,78.0
202604,2026-04-01,19,JO2Q,83.5
202605,2026-05-01,19,JO2Q,82.1
202606,2026-06-01,19,JO2Q,82.5
198801,1988-01-01,20,JO2R,23.9
198802,1988-02-01,20,JO2R,18.7
198803,1988-03-01,20,JO2R,21.0
198804,1988-04-01,20,JO2R,22.2
198805,1988-05-01,20,JO2R,22.1
198806,1988-06-01,20,JO2R,21.8
198807,1988-07-01,20,JO2R,23.4
198808,1988-08-01,20,JO2R,20.5
198809,1988-09-01,20,JO2R,21.4
198810,1988-10-01,20,JO2R,23.5
198811,1988-11-01,20,JO2R,24.4
198812,1988-12-01,20,JO2R,27.8
198901,1989-01-01,20,JO2R,23.1
198902,1989-02-01,20,JO2R,22.5
198903,1989-03-01,20,JO2R,21.1
198904,1989-04-01,20,JO2R,26.0
198905,1989-05-01,20,JO2R,21.5
198906,1989-06-01,20,JO2R,23.6
198907,1989-07-01,20,JO2R,24.3
198908,1989-08-01,20,JO2R,24.2
198909,1989-09-01,20,JO2R,25.1
198910,1989-10-01,20,JO2R,25.4
198911,1989-11-01,20,JO2R,24.4
198912,1989-12-01,20,JO2R,33.6
199001,1990-01-01,20,JO2R,22.2
199002,1990-02-01,20,JO2R,23.5
199003,1990-03-01,20,JO2R,24.3
199004,1990-04-01,20,JO2R,23.7
199005,1990-05-01,20,JO2R,25.7
199006,1990-06-01,20,JO2R,25.2
199007,1990-07-01,20,JO2R,26.7
199008,1990-08-01,20,JO2R,25.0
199009,1990-09-01,20,JO2R,29.1
199010,1990-10-01,20,JO2R,24.5
199011,1990-11-01,20,JO2R,26.2
199012,1990-12-01,20,JO2R,33.1
199101,1991-01-01,20,JO2R,28.4
199102,1991-02-01,20,JO2R,27.7
199103,1991-03-01,20,JO2R,29.2
199104,1991-04-01,20,JO2R,27.4
199105,1991-05-01,20,JO2R,26.1
199106,1991-06-01,20,JO2R,30.1
199107,1991-07-01,20,JO2R,27.7
199108,1991-08-01,20,JO2R,28.7
199109,1991-09-01,20,JO2R,28.4
199110,1991-10-01,20,JO2R,28.4
199111,1991-11-01,20,JO2R,29.0
199112,1991-12-01,20,JO2R,29.6
199201,1992-01-01,20,JO2R,30.9
199202,1992-02-01,20,JO2R,33.1
199203,1992-03-01,20,JO2R,31.5
199204,1992-04-01,20,JO2R,31.0
199205,1992-05-01,20,JO2R,33.1
199206,1992-06-01,20,JO2R,28.4
199207,1992-07-01,20,JO2R,28.7
199208,1992-08-01,20,JO2R,31.2
199209,1992-09-01,20,JO2R,29.9
199210,1992-10-01,20,JO2R,29.0
199211,1992-11-01,20,JO2R,30.1
199212,1992-12-01,20,JO2R,24.7
199301,1993-01-01,20,JO2R,34.6
199302,1993-02-01,20,JO2R,31.6
199303,1993-03-01,20,JO2R,25.6
199304,1993-04-01,20,JO2R,31.0
199305,1993-05-01,20,JO2R,30.4
199306,1993-06-01,20,JO2R,29.2
199307,1993-07-01,20,JO2R,29.0
199308,1993-08-01,20,JO2R,22.1
199309,1993-09-01,20,JO2R,24.3
199310,1993-10-01,20,JO2R,26.4
199311,1993-11-01,20,JO2R,24.1
199312,1993-12-01,20,JO2R,23.3
199401,1994-01-01,20,JO2R,26.8
199402,1994-02-01,20,JO2R,21.5
199403,1994-03-01,20,JO2R,20.9
199404,1994-04-01,20,JO2R,22.1
199405,1994-05-01,20,JO2R,21.7
199406,1994-06-01,20,JO2R,22.9
199407,1994-07-01,20,JO2R,20.0
199408,1994-08-01,20,JO2R,21.7
199409,1994-09-01,20,JO2R,21.3
199410,1994-10-01,20,JO2R,22.4
199411,1994-11-01,20,JO2R,22.0
199412,1994-12-01,20,JO2R,20.2
199501,1995-01-01,20,JO2R,22.9
199502,1995-02-01,20,JO2R,21.9
199503,1995-03-01,20,JO2R,28.2
199504,1995-04-01,20,JO2R,26.8
199505,1995-05-01,20,JO2R,25.9
199506,1995-06-01,20,JO2R,24.7
199507,1995-07-01,20,JO2R,27.7
199508,1995-08-01,20,JO2R,26.4
199509,1995-09-01,20,JO2R,25.8
199510,1995-10-01,20,JO2R,26.3
199511,1995-11-01,20,JO2R,28.1
199512,1995-12-01,20,JO2R,33.9
199601,1996-01-01,20,JO2R,29.6
199602,1996-02-01,20,JO2R,30.1
199603,1996-03-01,20,JO2R,36.2
199604,1996-04-01,20,JO2R,30.3
199605,1996-05-01,20,JO2R,30.9
199606,1996-06-01,20,JO2R,38.4
199607,1996-07-01,20,JO2R,31.7
199608,1996-08-01,20,JO2R,31.7
199609,1996-09-01,20,JO2R,34.6
199610,1996-10-01,20,JO2R,35.3
199611,1996-11-01,20,JO2R,34.7
199612,1996-12-01,20,JO2R,36.0
199701,1997-01-01,20,JO2R,35.9
199702,1997-02-01,20,JO2R,37.2
199703,1997-03-01,20,JO2R,35.9
199704,1997-04-01,20,JO2R,34.7
199705,1997-05-01,20,JO2R,34.2
199706,1997-06-01,20,JO2R,38.0
199707,1997-07-01,20,JO2R,41.4
199708,1997-08-01,20,JO2R,39.4
199709,1997-09-01,20,JO2R,39.6
199710,1997-10-01,20,JO2R,40.8
199711,1997-11-01,20,JO2R,42.0
199712,1997-12-01,20,JO2R,39.7
199801,1998-01-01,20,JO2R,38.9
199802,1998-02-01,20,JO2R,42.7
199803,1998-03-01,20,JO2R,40.2
199804,1998-04-01,20,JO2R,38.0
199805,1998-05-01,20,JO2R,42.7
199806,1998-06-01,20,JO2R,39.3
199807,1998-07-01,20,JO2R,37.4
199808,1998-08-01,20,JO2R,39.3
199809,1998-09-01,20,JO2R,42.1
199810,1998-10-01,20,JO2R,40.7
199811,1998-11-01,20,JO2R,40.2
199812,1998-12-01,20,JO2R,41.0
199901,1999-01-01,20,JO2R,40.3
199902,1999-02-01,20,JO2R,33.4
199903,1999-03-01,20,JO2R,28.7
199904,1999-04-01,20,JO2R,32.5
199905,1999-05-01,20,JO2R,34.9
199906,1999-06-01,20,JO2R,34.8
199907,1999-07-01,20,JO2R,38.1
199908,1999-08-01,20,JO2R,34.1
199909,1999-09-01,20,JO2R,36.4
199910,1999-10-01,20,JO2R,39.1
199911,1999-11-01,20,JO2R,40.9
199912,1999-12-01,20,JO2R,37.5
200001,2000-01-01,20,JO2R,37.0
200002,2000-02-01,20,JO2R,39.9
200003,2000-03-01,20,JO2R,39.9
200004,2000-04-01,20,JO2R,39.6
200005,2000-05-01,20,JO2R,33.6
200006,2000-06-01,20,JO2R,43.0
200007,2000-07-01,20,JO2R,34.3
200008,2000-08-01,20,JO2R,36.3
200009,2000-09-01,20,JO2R,34.5
200010,2000-10-01,20,JO2R,30.0
200011,2000-11-01,20,JO2R,25.8
200012,2000-12-01,20,JO2R,21.7
200101,2001-01-01,20,JO2R,26.1
200102,2001-02-01,20,JO2R,27.5
200103,2001-03-01,20,JO2R,34.1
200104,2001-04-01,20,JO2R,32.3
200105,2001-05-01,20,JO2R,34.0
200106,2001-06-01,20,JO2R,20.4
200107,2001-07-01,20,JO2R,17.9
200108,2001-08-01,20,JO2R,23.1
200109,2001-09-01,20,JO2R,20.0
200110,2001-10-01,20,JO2R,15.6
200111,2001-11-01,20,JO2R,23.5
200112,2001-12-01,20,JO2R,28.4
200201,2002-01-01,20,JO2R,24.1
200202,2002-02-01,20,JO2R,22.1
200203,2002-03-01,20,JO2R,29.3
200204,2002-04-01,20,JO2R,49.7
200205,2002-05-01,20,JO2R,30.2
200206,2002-06-01,20,JO2R,26.9
200207,2002-07-01,20,JO2R,38.4
200208,2002-08-01,20,JO2R,27.2
200209,2002-09-01,20,JO2R,19.0
200210,2002-10-01,20,JO2R,20.3
200211,2002-11-01,20,JO2R,18.0
200212,2002-12-01,20,JO2R,20.8
200301,2003-01-01,20,JO2R,21.8
200302,2003-02-01,20,JO2R,22.8
200303,2003-03-01,20,JO2R,25.5
200304,2003-04-01,20,JO2R,25.9
200305,2003-05-01,20,JO2R,31.0
200306,2003-06-01,20,JO2R,30.6
200307,2003-07-01,20,JO2R,30.5
200308,2003-08-01,20,JO2R,28.3
200309,2003-09-01,20,JO2R,32.3
200310,2003-10-01,20,JO2R,30.6
200311,2003-11-01,20,JO2R,32.1
200312,2003-12-01,20,JO2R,29.0
200401,2004-01-01,20,JO2R,32.1
200402,2004-02-01,20,JO2R,26.6
200403,2004-03-01,20,JO2R,25.6
200404,2004-04-01,20,JO2R,26.2
200405,2004-05-01,20,JO2R,26.9
200406,2004-06-01,20,JO2R,30.8
200407,2004-07-01,20,JO2R,33.7
200408,2004-08-01,20,JO2R,32.0
200409,2004-09-01,20,JO2R,33.3
200410,2004-10-01,20,JO2R,33.2
200411,2004-11-01,20,JO2R,32.9
200412,2004-12-01,20,JO2R,33.8
200501,2005-01-01,20,JO2R,36.5
200502,2005-02-01,20,JO2R,39.7
200503,2005-03-01,20,JO2R,33.2
200504,2005-04-01,20,JO2R,34.2
200505,2005-05-01,20,JO2R,35.6
200506,2005-06-01,20,JO2R,39.5
200507,2005-07-01,20,JO2R,40.2
200508,2005-08-01,20,JO2R,40.8
200509,2005-09-01,20,JO2R,47.2
200510,2005-10-01,20,JO2R,47.2
200511,2005-11-01,20,JO2R,48.3
200512,2005-12-01,20,JO2R,45.9
200601,2006-01-01,20,JO2R,34.7
200602,2006-02-01,20,JO2R,43.2
200603,2006-03-01,20,JO2R,43.7
200604,2006-04-01,20,JO2R,46.2
200605,2006-05-01,20,JO2R,44.8
200606,2006-06-01,20,JO2R,39.1
200607,2006-07-01,20,JO2R,34.8
200608,2006-08-01,20,JO2R,40.0
200609,2006-09-01,20,JO2R,37.9
200610,2006-10-01,20,JO2R,41.1
200611,2006-11-01,20,JO2R,38.0
200612,2006-12-01,20,JO2R,41.0
200701,2007-01-01,20,JO2R,38.2
200702,2007-02-01,20,JO2R,42.9
200703,2007-03-01,20,JO2R,44.1
200704,2007-04-01,20,JO2R,32.4
200705,2007-05-01,20,JO2R,32.7
200706,2007-06-01,20,JO2R,41.9
200707,2007-07-01,20,JO2R,40.6
200708,2007-08-01,20,JO2R,40.7
200709,2007-09-01,20,JO2R,42.0
200710,2007-10-01,20,JO2R,28.1
200711,2007-11-01,20,JO2R,37.8
200712,2007-12-01,20,JO2R,35.8
200801,2008-01-01,20,JO2R,38.8
200802,2008-02-01,20,JO2R,38.6
200803,2008-03-01,20,JO2R,39.2
200804,2008-04-01,20,JO2R,35.7
200805,2008-05-01,20,JO2R,36.2
200806,2008-06-01,20,JO2R,36.3
200807,2008-07-01,20,JO2R,35.6
200808,2008-08-01,20,JO2R,38.5
200809,2008-09-01,20,JO2R,33.3
200810,2008-10-01,20,JO2R,37.7
200811,2008-11-01,20,JO2R,36.4
200812,2008-12-01,20,JO2R,37.1
200901,2009-01-01,20,JO2R,33.9
200902,2009-02-01,20,JO2R,32.6
200903,2009-03-01,20,JO2R,34.0
200904,2009-04-01,20,JO2R,35.5
200905,2009-05-01,20,JO2R,34.6
200906,2009-06-01,20,JO2R,37.5
200907,2009-07-01,20,JO2R,35.0
200908,2009-08-01,20,JO2R,37.6
200909,2009-09-01,20,JO2R,39.9
200910,2009-10-01,20,JO2R,39.2
200911,2009-11-01,20,JO2R,39.4
200912,2009-12-01,20,JO2R,36.3
201001,2010-01-01,20,JO2R,29.5
201002,2010-02-01,20,JO2R,32.0
201003,2010-03-01,20,JO2R,27.4
201004,2010-04-01,20,JO2R,34.8
201005,2010-05-01,20,JO2R,36.3
201006,2010-06-01,20,JO2R,35.4
201007,2010-07-01,20,JO2R,35.5
201008,2010-08-01,20,JO2R,32.2
201009,2010-09-01,20,JO2R,30.4
201010,2010-10-01,20,JO2R,31.9
201011,2010-11-01,20,JO2R,32.3
201012,2010-12-01,20,JO2R,29.5
201101,2011-01-01,20,JO2R,34.2
201102,2011-02-01,20,JO2R,36.8
201103,2011-03-01,20,JO2R,37.9
201104,2011-04-01,20,JO2R,31.5
201105,2011-05-01,20,JO2R,37.1
201106,2011-06-01,20,JO2R,35.2
201107,2011-07-01,20,JO2R,37.3
201108,2011-08-01,20,JO2R,35.3
201109,2011-09-01,20,JO2R,36.4
201110,2011-10-01,20,JO2R,36.8
201111,2011-11-01,20,JO2R,37.3
201112,2011-12-01,20,JO2R,41.0
201201,2012-01-01,20,JO2R,42.2
201202,2012-02-01,20,JO2R,39.4
201203,2012-03-01,20,JO2R,40.8
201204,2012-04-01,20,JO2R,40.1
201205,2012-05-01,20,JO2R,38.9
201206,2012-06-01,20,JO2R,38.5
201207,2012-07-01,20,JO2R,40.0
201208,2012-08-01,20,JO2R,39.4
201209,2012-09-01,20,JO2R,41.6
201210,2012-10-01,20,JO2R,38.7
201211,2012-11-01,20,JO2R,40.0
201212,2012-12-01,20,JO2R,40.7
201301,2013-01-01,20,JO2R,41.6
201302,2013-02-01,20,JO2R,41.3
201303,2013-03-01,20,JO2R,39.7
201304,2013-04-01,20,JO2R,33.5
201305,2013-05-01,20,JO2R,37.5
201306,2013-06-01,20,JO2R,39.3
201307,2013-07-01,20,JO2R,39.0
201308,2013-08-01,20,JO2R,41.9
201309,2013-09-01,20,JO2R,43.4
201310,2013-10-01,20,JO2R,44.1
201311,2013-11-01,20,JO2R,41.8
201312,2013-12-01,20,JO2R,43.1
201401,2014-01-01,20,JO2R,41.9
201402,2014-02-01,20,JO2R,46.6
201403,2014-03-01,20,JO2R,46.7
201404,2014-04-01,20,JO2R,46.6
201405,2014-05-01,20,JO2R,44.3
201406,2014-06-01,20,JO2R,48.0
201407,2014-07-01,20,JO2R,49.1
201408,2014-08-01,20,JO2R,46.9
201409,2014-09-01,20,JO2R,45.0
201410,2014-10-01,20,JO2R,46.3
201411,2014-11-01,20,JO2R,48.9
201412,2014-12-01,20,JO2R,45.4
201501,2015-01-01,20,JO2R,45.8
201502,2015-02-01,20,JO2R,47.3
201503,2015-03-01,20,JO2R,47.1
201504,2015-04-01,20,JO2R,47.6
201505,2015-05-01,20,JO2R,49.7
201506,2015-06-01,20,JO2R,50.4
201507,2015-07-01,20,JO2R,49.1
201508,2015-08-01,20,JO2R,47.9
201509,2015-09-01,20,JO2R,58.7
201510,2015-10-01,20,JO2R,52.4
201511,2015-11-01,20,JO2R,62.4
201512,2015-12-01,20,JO2R,53.1
201601,2016-01-01,20,JO2R,51.5
201602,2016-02-01,20,JO2R,47.8
201603,2016-03-01,20,JO2R,49.4
201604,2016-04-01,20,JO2R,52.3
201605,2016-05-01,20,JO2R,50.5
201606,2016-06-01,20,JO2R,49.4
201607,2016-07-01,20,JO2R,52.9
201608,2016-08-01,20,JO2R,50.9
201609,2016-09-01,20,JO2R,50.5
201610,2016-10-01,20,JO2R,49.9
201611,2016-11-01,20,JO2R,50.6
201612,2016-12-01,20,JO2R,53.9
201701,2017-01-01,20,JO2R,58.2
201702,2017-02-01,20,JO2R,56.3
201703,2017-03-01,20,JO2R,63.1
201704,2017-04-01,20,JO2R,45.5
201705,2017-05-01,20,JO2R,56.5
201706,2017-06-01,20,JO2R,43.7
201707,2017-07-01,20,JO2R,52.3
201708,2017-08-01,20,JO2R,54.7
201709,2017-09-01,20,JO2R,56.2
201710,2017-10-01,20,JO2R,56.0
201711,2017-11-01,20,JO2R,57.2
201712,2017-12-01,20,JO2R,57.3
201801,2018-01-01,20,JO2R,58.6
201802,2018-02-01,20,JO2R,62.1
201803,2018-03-01,20,JO2R,60.7
201804,2018-04-01,20,JO2R,63.5
201805,2018-05-01,20,JO2R,59.8
201806,2018-06-01,20,JO2R,69.5
201807,2018-07-01,20,JO2R,65.0
201808,2018-08-01,20,JO2R,65.2
201809,2018-09-01,20,JO2R,67.3
201810,2018-10-01,20,JO2R,75.0
201811,2018-11-01,20,JO2R,82.3
201812,2018-12-01,20,JO2R,78.7
201901,2019-01-01,20,JO2R,78.6
201902,2019-02-01,20,JO2R,75.4
201903,2019-03-01,20,JO2R,79.2
201904,2019-04-01,20,JO2R,79.4
201905,2019-05-01,20,JO2R,81.7
201906,2019-06-01,20,JO2R,80.6
201907,2019-07-01,20,JO2R,82.6
201908,2019-08-01,20,JO2R,82.0
201909,2019-09-01,20,JO2R,76.3
201910,2019-10-01,20,JO2R,73.4
201911,2019-11-01,20,JO2R,72.1
201912,2019-12-01,20,JO2R,79.5
202001,2020-01-01,20,JO2R,87.9
202002,2020-02-01,20,JO2R,94.9
202003,2020-03-01,20,JO2R,70.8
202004,2020-04-01,20,JO2R,16.9
202005,2020-05-01,20,JO2R,26.3
202006,2020-06-01,20,JO2R,45.4
202007,2020-07-01,20,JO2R,70.8
202008,2020-08-01,20,JO2R,88.2
202009,2020-09-01,20,JO2R,100.4
202010,2020-10-01,20,JO2R,100.1
202011,2020-11-01,20,JO2R,97.7
202012,2020-12-01,20,JO2R,92.5
202101,2021-01-01,20,JO2R,92.7
202102,2021-02-01,20,JO2R,87.2
202103,2021-03-01,20,JO2R,103.0
202104,2021-04-01,20,JO2R,104.7
202105,2021-05-01,20,JO2R,112.8
202106,2021-06-01,20,JO2R,114.7
202107,2021-07-01,20,JO2R,112.3
202108,2021-08-01,20,JO2R,111.1
202109,2021-09-01,20,JO2R,109.6
202110,2021-10-01,20,JO2R,105.4
202111,2021-11-01,20,JO2R,101.8
202112,2021-12-01,20,JO2R,98.6
202201,2022-01-01,20,JO2R,104.5
202202,2022-02-01,20,JO2R,110.4
202203,2022-03-01,20,JO2R,108.5
202204,2022-04-01,20,JO2R,110.7
202205,2022-05-01,20,JO2R,109.4
202206,2022-06-01,20,JO2R,108.4
202207,2022-07-01,20,JO2R,116.3
202208,2022-08-01,20,JO2R,112.5
202209,2022-09-01,20,JO2R,104.9
202210,2022-10-01,20,JO2R,108.4
202211,2022-11-01,20,JO2R,111.4
202212,2022-12-01,20,JO2R,91.3
202301,2023-01-01,20,JO2R,118.3
202302,2023-02-01,20,JO2R,105.1
202303,2023-03-01,20,JO2R,102.6
202304,2023-04-01,20,JO2R,101.7
202305,2023-05-01,20,JO2R,101.7
202306,2023-06-01,20,JO2R,95.7
202307,2023-07-01,20,JO2R,91.8
202308,2023-08-01,20,JO2R,96.4
202309,2023-09-01,20,JO2R,95.4
202310,2023-10-01,20,JO2R,94.5
202311,2023-11-01,20,JO2R,98.5
202312,2023-12-01,20,JO2R,99.9
202401,2024-01-01,20,JO2R,101.3
202402,2024-02-01,20,JO2R,104.8
202403,2024-03-01,20,JO2R,104.0
202404,2024-04-01,20,JO2R,102.5
202405,2024-05-01,20,JO2R,99.5
202406,2024-06-01,20,JO2R,99.3
202407,2024-07-01,20,JO2R,99.4
202408,2024-08-01,20,JO2R,100.2
202409,2024-09-01,20,JO2R,100.3
202410,2024-10-01,20,JO2R,107.1
202411,2024-11-01,20,JO2R,106.4
202412,2024-12-01,20,JO2R,104.7
202501,2025-01-01,20,JO2R,99.5
202502,2025-02-01,20,JO2R,105.1
202503,2025-03-01,20,JO2R,111.8
202504,2025-04-01,20,JO2R,107.2
202505,2025-05-01,20,JO2R,105.9
202506,2025-06-01,20,JO2R,126.1
202507,2025-07-01,20,JO2R,124.6
202508,2025-08-01,20,JO2R,121.4
202509,2025-09-01,20,JO2R,126.7
202510,2025-10-01,20,JO2R,125.8
202511,2025-11-01,20,JO2R,124.7
202512,2025-12-01,20,JO2R,120.4
202601,2026-01-01,20,JO2R,127.1
202602,2026-02-01,20,JO2R,126.6
202603,2026-03-01,20,JO2R,127.6
202604,2026-04-01,20,JO2R,136.9
202605,2026-05-01,20,JO2R,125.8
202606,2026-06-01,20,JO2R,128.2
198801,1988-01-01,21,JO2S,11.8
198802,1988-02-01,21,JO2S,11.3
198803,1988-03-01,21,JO2S,11.5
198804,1988-04-01,21,JO2S,11.8
198805,1988-05-01,21,JO2S,12.2
198806,1988-06-01,21,JO2S,11.9
198807,1988-07-01,21,JO2S,12.0
198808,1988-08-01,21,JO2S,12.7
198809,1988-09-01,21,JO2S,12.5
198810,1988-10-01,21,JO2S,12.6
198811,1988-11-01,21,JO2S,12.8
198812,1988-12-01,21,JO2S,12.5
198901,1989-01-01,21,JO2S,13.1
198902,1989-02-01,21,JO2S,12.9
198903,1989-03-01,21,JO2S,12.9
198904,1989-04-01,21,JO2S,13.1
198905,1989-05-01,21,JO2S,13.6
198906,1989-06-01,21,JO2S,13.7
198907,1989-07-01,21,JO2S,13.8
198908,1989-08-01,21,JO2S,13.7
198909,1989-09-01,21,JO2S,14.3
198910,1989-10-01,21,JO2S,14.2
198911,1989-11-01,21,JO2S,14.0
198912,1989-12-01,21,JO2S,14.0
199001,1990-01-01,21,JO2S,14.5
199002,1990-02-01,21,JO2S,14.6
199003,1990-03-01,21,JO2S,14.4
199004,1990-04-01,21,JO2S,14.6
199005,1990-05-01,21,JO2S,15.2
199006,1990-06-01,21,JO2S,13.8
199007,1990-07-01,21,JO2S,15.6
199008,1990-08-01,21,JO2S,15.1
199009,1990-09-01,21,JO2S,14.6
199010,1990-10-01,21,JO2S,14.9
199011,1990-11-01,21,JO2S,14.8
199012,1990-12-01,21,JO2S,13.5
199101,1991-01-01,21,JO2S,14.3
199102,1991-02-01,21,JO2S,14.8
199103,1991-03-01,21,JO2S,15.1
199104,1991-04-01,21,JO2S,15.3
199105,1991-05-01,21,JO2S,14.6
199106,1991-06-01,21,JO2S,13.9
199107,1991-07-01,21,JO2S,16.0
199108,1991-08-01,21,JO2S,15.1
199109,1991-09-01,21,JO2S,14.3
199110,1991-10-01,21,JO2S,15.6
199111,1991-11-01,21,JO2S,15.3
199112,1991-12-01,21,JO2S,16.3
199201,1992-01-01,21,JO2S,17.1
199202,1992-02-01,21,JO2S,16.6
199203,1992-03-01,21,JO2S,17.0
199204,1992-04-01,21,JO2S,16.6
199205,1992-05-01,21,JO2S,16.5
199206,1992-06-01,21,JO2S,16.9
199207,1992-07-01,21,JO2S,17.1
199208,1992-08-01,21,JO2S,16.9
199209,1992-09-01,21,JO2S,17.4
199210,1992-10-01,21,JO2S,18.4
199211,1992-11-01,21,JO2S,18.3
199212,1992-12-01,21,JO2S,18.4
199301,1993-01-01,21,JO2S,18.0
199302,1993-02-01,21,JO2S,17.9
199303,1993-03-01,21,JO2S,17.8
199304,1993-04-01,21,JO2S,18.0
199305,1993-05-01,21,JO2S,18.2
199306,1993-06-01,21,JO2S,18.3
199307,1993-07-01,21,JO2S,18.3
199308,1993-08-01,21,JO2S,18.7
199309,1993-09-01,21,JO2S,18.6
199310,1993-10-01,21,JO2S,18.4
199311,1993-11-01,21,JO2S,19.1
199312,1993-12-01,21,JO2S,20.0
199401,1994-01-01,21,JO2S,18.4
199402,1994-02-01,21,JO2S,18.0
199403,1994-03-01,21,JO2S,18.6
199404,1994-04-01,21,JO2S,18.3
199405,1994-05-01,21,JO2S,18.3
199406,1994-06-01,21,JO2S,18.6
199407,1994-07-01,21,JO2S,18.8
199408,1994-08-01,21,JO2S,18.9
199409,1994-09-01,21,JO2S,18.9
199410,1994-10-01,21,JO2S,18.7
199411,1994-11-01,21,JO2S,18.9
199412,1994-12-01,21,JO2S,20.6
199501,1995-01-01,21,JO2S,17.9
199502,1995-02-01,21,JO2S,18.8
199503,1995-03-01,21,JO2S,18.4
199504,1995-04-01,21,JO2S,19.0
199505,1995-05-01,21,JO2S,19.3
199506,1995-06-01,21,JO2S,18.6
199507,1995-07-01,21,JO2S,18.5
199508,1995-08-01,21,JO2S,19.3
199509,1995-09-01,21,JO2S,19.2
199510,1995-10-01,21,JO2S,18.9
199511,1995-11-01,21,JO2S,18.6
199512,1995-12-01,21,JO2S,20.5
199601,1996-01-01,21,JO2S,19.3
199602,1996-02-01,21,JO2S,19.9
199603,1996-03-01,21,JO2S,20.4
199604,1996-04-01,21,JO2S,19.8
199605,1996-05-01,21,JO2S,19.8
199606,1996-06-01,21,JO2S,21.0
199607,1996-07-01,21,JO2S,20.1
199608,1996-08-01,21,JO2S,19.6
199609,1996-09-01,21,JO2S,20.2
199610,1996-10-01,21,JO2S,20.2
199611,1996-11-01,21,JO2S,20.7
199612,1996-12-01,21,JO2S,20.5
199701,1997-01-01,21,JO2S,21.5
199702,1997-02-01,21,JO2S,21.7
199703,1997-03-01,21,JO2S,21.4
199704,1997-04-01,21,JO2S,22.0
199705,1997-05-01,21,JO2S,21.7
199706,1997-06-01,21,JO2S,22.0
199707,1997-07-01,21,JO2S,22.8
199708,1997-08-01,21,JO2S,22.3
199709,1997-09-01,21,JO2S,22.2
199710,1997-10-01,21,JO2S,22.4
199711,1997-11-01,21,JO2S,22.6
199712,1997-12-01,21,JO2S,22.3
199801,1998-01-01,21,JO2S,22.2
199802,1998-02-01,21,JO2S,21.7
199803,1998-03-01,21,JO2S,21.5
199804,1998-04-01,21,JO2S,22.3
199805,1998-05-01,21,JO2S,22.2
199806,1998-06-01,21,JO2S,22.3
199807,1998-07-01,21,JO2S,22.1
199808,1998-08-01,21,JO2S,23.6
199809,1998-09-01,21,JO2S,22.8
199810,1998-10-01,21,JO2S,22.5
199811,1998-11-01,21,JO2S,22.2
199812,1998-12-01,21,JO2S,22.2
199901,1999-01-01,21,JO2S,21.5
199902,1999-02-01,21,JO2S,21.9
199903,1999-03-01,21,JO2S,22.9
199904,1999-04-01,21,JO2S,21.5
199905,1999-05-01,21,JO2S,21.8
199906,1999-06-01,21,JO2S,22.6
199907,1999-07-01,21,JO2S,22.5
199908,1999-08-01,21,JO2S,22.2
199909,1999-09-01,21,JO2S,22.4
199910,1999-10-01,21,JO2S,23.8
199911,1999-11-01,21,JO2S,23.2
199912,1999-12-01,21,JO2S,23.2
200001,2000-01-01,21,JO2S,23.3
200002,2000-02-01,21,JO2S,22.6
200003,2000-03-01,21,JO2S,24.2
200004,2000-04-01,21,JO2S,24.4
200005,2000-05-01,21,JO2S,25.4
200006,2000-06-01,21,JO2S,25.2
200007,2000-07-01,21,JO2S,25.7
200008,2000-08-01,21,JO2S,25.8
200009,2000-09-01,21,JO2S,25.7
200010,2000-10-01,21,JO2S,24.9
200011,2000-11-01,21,JO2S,24.2
200012,2000-12-01,21,JO2S,25.5
200101,2001-01-01,21,JO2S,26.6
200102,2001-02-01,21,JO2S,26.2
200103,2001-03-01,21,JO2S,26.6
200104,2001-04-01,21,JO2S,26.8
200105,2001-05-01,21,JO2S,27.2
200106,2001-06-01,21,JO2S,26.5
200107,2001-07-01,21,JO2S,27.6
200108,2001-08-01,21,JO2S,28.5
200109,2001-09-01,21,JO2S,27.7
200110,2001-10-01,21,JO2S,26.7
200111,2001-11-01,21,JO2S,27.8
200112,2001-12-01,21,JO2S,28.8
200201,2002-01-01,21,JO2S,29.1
200202,2002-02-01,21,JO2S,29.8
200203,2002-03-01,21,JO2S,29.1
200204,2002-04-01,21,JO2S,29.3
200205,2002-05-01,21,JO2S,28.6
200206,2002-06-01,21,JO2S,28.7
200207,2002-07-01,21,JO2S,28.2
200208,2002-08-01,21,JO2S,26.7
200209,2002-09-01,21,JO2S,28.6
200210,2002-10-01,21,JO2S,29.7
200211,2002-11-01,21,JO2S,30.9
200212,2002-12-01,21,JO2S,29.5
200301,2003-01-01,21,JO2S,29.6
200302,2003-02-01,21,JO2S,29.8
200303,2003-03-01,21,JO2S,30.0
200304,2003-04-01,21,JO2S,31.9
200305,2003-05-01,21,JO2S,30.2
200306,2003-06-01,21,JO2S,32.0
200307,2003-07-01,21,JO2S,31.2
200308,2003-08-01,21,JO2S,31.4
200309,2003-09-01,21,JO2S,31.9
200310,2003-10-01,21,JO2S,31.4
200311,2003-11-01,21,JO2S,33.6
200312,2003-12-01,21,JO2S,31.9
200401,2004-01-01,21,JO2S,31.8
200402,2004-02-01,21,JO2S,32.5
200403,2004-03-01,21,JO2S,32.2
200404,2004-04-01,21,JO2S,32.1
200405,2004-05-01,21,JO2S,33.1
200406,2004-06-01,21,JO2S,32.8
200407,2004-07-01,21,JO2S,31.0
200408,2004-08-01,21,JO2S,33.3
200409,2004-09-01,21,JO2S,34.1
200410,2004-10-01,21,JO2S,34.3
200411,2004-11-01,21,JO2S,34.2
200412,2004-12-01,21,JO2S,33.6
200501,2005-01-01,21,JO2S,33.8
200502,2005-02-01,21,JO2S,33.0
200503,2005-03-01,21,JO2S,32.6
200504,2005-04-01,21,JO2S,32.9
200505,2005-05-01,21,JO2S,33.1
200506,2005-06-01,21,JO2S,33.4
200507,2005-07-01,21,JO2S,34.2
200508,2005-08-01,21,JO2S,33.9
200509,2005-09-01,21,JO2S,34.2
200510,2005-10-01,21,JO2S,33.6
200511,2005-11-01,21,JO2S,32.4
200512,2005-12-01,21,JO2S,36.2
200601,2006-01-01,21,JO2S,31.1
200602,2006-02-01,21,JO2S,32.6
200603,2006-03-01,21,JO2S,33.4
200604,2006-04-01,21,JO2S,33.2
200605,2006-05-01,21,JO2S,32.1
200606,2006-06-01,21,JO2S,34.1
200607,2006-07-01,21,JO2S,34.9
200608,2006-08-01,21,JO2S,34.0
200609,2006-09-01,21,JO2S,34.0
200610,2006-10-01,21,JO2S,34.6
200611,2006-11-01,21,JO2S,35.0
200612,2006-12-01,21,JO2S,36.5
200701,2007-01-01,21,JO2S,37.3
200702,2007-02-01,21,JO2S,36.6
200703,2007-03-01,21,JO2S,37.5
200704,2007-04-01,21,JO2S,37.5
200705,2007-05-01,21,JO2S,37.8
200706,2007-06-01,21,JO2S,35.6
200707,2007-07-01,21,JO2S,36.3
200708,2007-08-01,21,JO2S,37.6
200709,2007-09-01,21,JO2S,37.9
200710,2007-10-01,21,JO2S,37.1
200711,2007-11-01,21,JO2S,38.1
200712,2007-12-01,21,JO2S,38.6
200801,2008-01-01,21,JO2S,37.6
200802,2008-02-01,21,JO2S,37.6
200803,2008-03-01,21,JO2S,37.5
200804,2008-04-01,21,JO2S,37.6
200805,2008-05-01,21,JO2S,40.0
200806,2008-06-01,21,JO2S,38.5
200807,2008-07-01,21,JO2S,38.3
200808,2008-08-01,21,JO2S,37.5
200809,2008-09-01,21,JO2S,36.4
200810,2008-10-01,21,JO2S,37.6
200811,2008-11-01,21,JO2S,39.0
200812,2008-12-01,21,JO2S,38.4
200901,2009-01-01,21,JO2S,35.9
200902,2009-02-01,21,JO2S,37.1
200903,2009-03-01,21,JO2S,35.2
200904,2009-04-01,21,JO2S,34.7
200905,2009-05-01,21,JO2S,34.7
200906,2009-06-01,21,JO2S,36.5
200907,2009-07-01,21,JO2S,35.6
200908,2009-08-01,21,JO2S,36.1
200909,2009-09-01,21,JO2S,35.7
200910,2009-10-01,21,JO2S,36.7
200911,2009-11-01,21,JO2S,34.6
200912,2009-12-01,21,JO2S,35.4
201001,2010-01-01,21,JO2S,37.9
201002,2010-02-01,21,JO2S,41.0
201003,2010-03-01,21,JO2S,39.5
201004,2010-04-01,21,JO2S,39.5
201005,2010-05-01,21,JO2S,39.4
201006,2010-06-01,21,JO2S,39.7
201007,2010-07-01,21,JO2S,40.5
201008,2010-08-01,21,JO2S,41.6
201009,2010-09-01,21,JO2S,40.8
201010,2010-10-01,21,JO2S,42.3
201011,2010-11-01,21,JO2S,42.7
201012,2010-12-01,21,JO2S,42.4
201101,2011-01-01,21,JO2S,44.3
201102,2011-02-01,21,JO2S,41.7
201103,2011-03-01,21,JO2S,42.3
201104,2011-04-01,21,JO2S,43.2
201105,2011-05-01,21,JO2S,41.5
201106,2011-06-01,21,JO2S,40.9
201107,2011-07-01,21,JO2S,42.5
201108,2011-08-01,21,JO2S,41.5
201109,2011-09-01,21,JO2S,42.9
201110,2011-10-01,21,JO2S,40.6
201111,2011-11-01,21,JO2S,43.9
201112,2011-12-01,21,JO2S,41.8
201201,2012-01-01,21,JO2S,41.5
201202,2012-02-01,21,JO2S,42.1
201203,2012-03-01,21,JO2S,42.6
201204,2012-04-01,21,JO2S,41.9
201205,2012-05-01,21,JO2S,43.7
201206,2012-06-01,21,JO2S,44.1
201207,2012-07-01,21,JO2S,43.9
201208,2012-08-01,21,JO2S,44.5
201209,2012-09-01,21,JO2S,45.0
201210,2012-10-01,21,JO2S,45.3
201211,2012-11-01,21,JO2S,44.9
201212,2012-12-01,21,JO2S,46.5
201301,2013-01-01,21,JO2S,46.4
201302,2013-02-01,21,JO2S,48.0
201303,2013-03-01,21,JO2S,48.6
201304,2013-04-01,21,JO2S,50.6
201305,2013-05-01,21,JO2S,51.5
201306,2013-06-01,21,JO2S,52.0
201307,2013-07-01,21,JO2S,48.6
201308,2013-08-01,21,JO2S,49.4
201309,2013-09-01,21,JO2S,50.7
201310,2013-10-01,21,JO2S,51.0
201311,2013-11-01,21,JO2S,50.6
201312,2013-12-01,21,JO2S,47.0
201401,2014-01-01,21,JO2S,50.4
201402,2014-02-01,21,JO2S,50.8
201403,2014-03-01,21,JO2S,50.5
201404,2014-04-01,21,JO2S,49.7
201405,2014-05-01,21,JO2S,48.9
201406,2014-06-01,21,JO2S,50.3
201407,2014-07-01,21,JO2S,49.3
201408,2014-08-01,21,JO2S,51.1
201409,2014-09-01,21,JO2S,52.2
201410,2014-10-01,21,JO2S,52.3
201411,2014-11-01,21,JO2S,53.5
201412,2014-12-01,21,JO2S,53.1
201501,2015-01-01,21,JO2S,51.9
201502,2015-02-01,21,JO2S,49.4
201503,2015-03-01,21,JO2S,50.3
201504,2015-04-01,21,JO2S,50.6
201505,2015-05-01,21,JO2S,52.8
201506,2015-06-01,21,JO2S,50.9
201507,2015-07-01,21,JO2S,51.5
201508,2015-08-01,21,JO2S,52.0
201509,2015-09-01,21,JO2S,51.4
201510,2015-10-01,21,JO2S,51.5
201511,2015-11-01,21,JO2S,52.0
201512,2015-12-01,21,JO2S,53.1
201601,2016-01-01,21,JO2S,55.9
201602,2016-02-01,21,JO2S,54.4
201603,2016-03-01,21,JO2S,53.7
201604,2016-04-01,21,JO2S,56.1
201605,2016-05-01,21,JO2S,55.8
201606,2016-06-01,21,JO2S,55.4
201607,2016-07-01,21,JO2S,59.3
201608,2016-08-01,21,JO2S,60.2
201609,2016-09-01,21,JO2S,57.2
201610,2016-10-01,21,JO2S,59.0
201611,2016-11-01,21,JO2S,58.1
201612,2016-12-01,21,JO2S,59.3
201701,2017-01-01,21,JO2S,59.9
201702,2017-02-01,21,JO2S,60.4
201703,2017-03-01,21,JO2S,63.0
201704,2017-04-01,21,JO2S,63.4
201705,2017-05-01,21,JO2S,59.6
201706,2017-06-01,21,JO2S,59.8
201707,2017-07-01,21,JO2S,59.5
201708,2017-08-01,21,JO2S,59.2
201709,2017-09-01,21,JO2S,62.2
201710,2017-10-01,21,JO2S,62.0
201711,2017-11-01,21,JO2S,64.0
201712,2017-12-01,21,JO2S,65.0
201801,2018-01-01,21,JO2S,64.5
201802,2018-02-01,21,JO2S,66.0
201803,2018-03-01,21,JO2S,67.2
201804,2018-04-01,21,JO2S,67.8
201805,2018-05-01,21,JO2S,70.7
201806,2018-06-01,21,JO2S,70.4
201807,2018-07-01,21,JO2S,71.3
201808,2018-08-01,21,JO2S,73.3
201809,2018-09-01,21,JO2S,73.5
201810,2018-10-01,21,JO2S,77.3
201811,2018-11-01,21,JO2S,76.9
201812,2018-12-01,21,JO2S,72.9
201901,2019-01-01,21,JO2S,79.6
201902,2019-02-01,21,JO2S,81.8
201903,2019-03-01,21,JO2S,77.6
201904,2019-04-01,21,JO2S,78.5
201905,2019-05-01,21,JO2S,81.1
201906,2019-06-01,21,JO2S,81.1
201907,2019-07-01,21,JO2S,78.5
201908,2019-08-01,21,JO2S,79.7
201909,2019-09-01,21,JO2S,76.7
201910,2019-10-01,21,JO2S,73.2
201911,2019-11-01,21,JO2S,77.2
201912,2019-12-01,21,JO2S,71.5
202001,2020-01-01,21,JO2S,64.8
202002,2020-02-01,21,JO2S,71.1
202003,2020-03-01,21,JO2S,73.3
202004,2020-04-01,21,JO2S,43.6
202005,2020-05-01,21,JO2S,50.4
202006,2020-06-01,21,JO2S,64.8
202007,2020-07-01,21,JO2S,73.1
202008,2020-08-01,21,JO2S,72.0
202009,2020-09-01,21,JO2S,74.4
202010,2020-10-01,21,JO2S,72.2
202011,2020-11-01,21,JO2S,69.0
202012,2020-12-01,21,JO2S,68.0
202101,2021-01-01,21,JO2S,46.9
202102,2021-02-01,21,JO2S,56.7
202103,2021-03-01,21,JO2S,57.8
202104,2021-04-01,21,JO2S,74.0
202105,2021-05-01,21,JO2S,78.6
202106,2021-06-01,21,JO2S,80.1
202107,2021-07-01,21,JO2S,71.3
202108,2021-08-01,21,JO2S,76.2
202109,2021-09-01,21,JO2S,78.4
202110,2021-10-01,21,JO2S,78.3
202111,2021-11-01,21,JO2S,80.4
202112,2021-12-01,21,JO2S,82.4
202201,2022-01-01,21,JO2S,81.0
202202,2022-02-01,21,JO2S,74.8
202203,2022-03-01,21,JO2S,80.2
202204,2022-04-01,21,JO2S,79.4
202205,2022-05-01,21,JO2S,78.8
202206,2022-06-01,21,JO2S,80.3
202207,2022-07-01,21,JO2S,89.1
202208,2022-08-01,21,JO2S,89.3
202209,2022-09-01,21,JO2S,86.5
202210,2022-10-01,21,JO2S,93.3
202211,2022-11-01,21,JO2S,90.8
202212,2022-12-01,21,JO2S,93.1
202301,2023-01-01,21,JO2S,93.9
202302,2023-02-01,21,JO2S,95.3
202303,2023-03-01,21,JO2S,95.4
202304,2023-04-01,21,JO2S,98.6
202305,2023-05-01,21,JO2S,97.0
202306,2023-06-01,21,JO2S,100.8
202307,2023-07-01,21,JO2S,97.3
202308,2023-08-01,21,JO2S,100.1
202309,2023-09-01,21,JO2S,102.7
202310,2023-10-01,21,JO2S,102.3
202311,2023-11-01,21,JO2S,111.3
202312,2023-12-01,21,JO2S,104.6
202401,2024-01-01,21,JO2S,111.8
202402,2024-02-01,21,JO2S,108.3
202403,2024-03-01,21,JO2S,107.4
202404,2024-04-01,21,JO2S,107.6
202405,2024-05-01,21,JO2S,108.6
202406,2024-06-01,21,JO2S,107.3
202407,2024-07-01,21,JO2S,111.2
202408,2024-08-01,21,JO2S,107.6
202409,2024-09-01,21,JO2S,109.1
202410,2024-10-01,21,JO2S,111.2
202411,2024-11-01,21,JO2S,110.6
202412,2024-12-01,21,JO2S,114.2
202501,2025-01-01,21,JO2S,97.8
202502,2025-02-01,21,JO2S,100.9
202503,2025-03-01,21,JO2S,102.2
202504,2025-04-01,21,JO2S,100.6
202505,2025-05-01,21,JO2S,102.0
202506,2025-06-01,21,JO2S,98.9
202507,2025-07-01,21,JO2S,96.5
202508,2025-08-01,21,JO2S,98.3
202509,2025-09-01,21,JO2S,98.8
202510,2025-10-01,21,JO2S,95.1
202511,2025-11-01,21,JO2S,98.3
202512,2025-12-01,21,JO2S,95.3
202601,2026-01-01,21,JO2S,110.6
202602,2026-02-01,21,JO2S,111.5
202603,2026-03-01,21,JO2S,113.6
202604,2026-04-01,21,JO2S,116.8
202605,2026-05-01,21,JO2S,118.3
202606,2026-06-01,21,JO2S,122.3
198801,1988-01-01,22,JO37,87.8
198802,1988-02-01,22,JO37,78.0
198803,1988-03-01,22,JO37,73.9
198804,1988-04-01,22,JO37,96.3
198805,1988-05-01,22,JO37,87.1
198806,1988-06-01,22,JO37,87.2
198807,1988-07-01,22,JO37,98.2
198808,1988-08-01,22,JO37,94.3
198809,1988-09-01,22,JO37,91.9
198810,1988-10-01,22,JO37,94.2
198811,1988-11-01,22,JO37,99.8
198812,1988-12-01,22,JO37,100.7
198901,1989-01-01,22,JO37,105.0
198902,1989-02-01,22,JO37,109.7
198903,1989-03-01,22,JO37,110.5
198904,1989-04-01,22,JO37,111.6
198905,1989-05-01,22,JO37,110.8
198906,1989-06-01,22,JO37,112.7
198907,1989-07-01,22,JO37,111.7
198908,1989-08-01,22,JO37,111.7
198909,1989-09-01,22,JO37,115.0
198910,1989-10-01,22,JO37,116.7
198911,1989-11-01,22,JO37,115.0
198912,1989-12-01,22,JO37,118.3
199001,1990-01-01,22,JO37,120.7
199002,1990-02-01,22,JO37,127.2
199003,1990-03-01,22,JO37,129.9
199004,1990-04-01,22,JO37,128.8
199005,1990-05-01,22,JO37,127.2
199006,1990-06-01,22,JO37,129.2
199007,1990-07-01,22,JO37,129.9
199008,1990-08-01,22,JO37,127.7
199009,1990-09-01,22,JO37,131.3
199010,1990-10-01,22,JO37,134.4
199011,1990-11-01,22,JO37,131.9
199012,1990-12-01,22,JO37,133.5
199101,1991-01-01,22,JO37,124.8
199102,1991-02-01,22,JO37,125.8
199103,1991-03-01,22,JO37,146.7
199104,1991-04-01,22,JO37,127.8
199105,1991-05-01,22,JO37,134.0
199106,1991-06-01,22,JO37,131.8
199107,1991-07-01,22,JO37,131.4
199108,1991-08-01,22,JO37,131.7
199109,1991-09-01,22,JO37,127.6
199110,1991-10-01,22,JO37,130.1
199111,1991-11-01,22,JO37,132.3
199112,1991-12-01,22,JO37,116.4
199201,1992-01-01,22,JO37,146.1
199202,1992-02-01,22,JO37,133.3
199203,1992-03-01,22,JO37,133.9
199204,1992-04-01,22,JO37,130.5
199205,1992-05-01,22,JO37,143.7
199206,1992-06-01,22,JO37,135.7
199207,1992-07-01,22,JO37,131.2
199208,1992-08-01,22,JO37,148.2
199209,1992-09-01,22,JO37,127.0
199210,1992-10-01,22,JO37,129.5
199211,1992-11-01,22,JO37,127.7
199212,1992-12-01,22,JO37,130.0
199301,1993-01-01,22,JO37,121.2
199302,1993-02-01,22,JO37,118.7
199303,1993-03-01,22,JO37,114.4
199304,1993-04-01,22,JO37,116.7
199305,1993-05-01,22,JO37,113.9
199306,1993-06-01,22,JO37,115.0
199307,1993-07-01,22,JO37,115.0
199308,1993-08-01,22,JO37,114.3
199309,1993-09-01,22,JO37,114.3
199310,1993-10-01,22,JO37,114.8
199311,1993-11-01,22,JO37,112.2
199312,1993-12-01,22,JO37,118.0
199401,1994-01-01,22,JO37,120.3
199402,1994-02-01,22,JO37,112.3
199403,1994-03-01,22,JO37,107.8
199404,1994-04-01,22,JO37,117.1
199405,1994-05-01,22,JO37,115.9
199406,1994-06-01,22,JO37,114.9
199407,1994-07-01,22,JO37,117.7
199408,1994-08-01,22,JO37,116.1
199409,1994-09-01,22,JO37,117.7
199410,1994-10-01,22,JO37,108.4
199411,1994-11-01,22,JO37,121.9
199412,1994-12-01,22,JO37,119.9
199501,1995-01-01,22,JO37,115.3
199502,1995-02-01,22,JO37,120.8
199503,1995-03-01,22,JO37,120.0
199504,1995-04-01,22,JO37,120.5
199505,1995-05-01,22,JO37,118.2
199506,1995-06-01,22,JO37,118.7
199507,1995-07-01,22,JO37,123.0
199508,1995-08-01,22,JO37,121.9
199509,1995-09-01,22,JO37,124.4
199510,1995-10-01,22,JO37,116.9
199511,1995-11-01,22,JO37,112.4
199512,1995-12-01,22,JO37,115.2
199601,1996-01-01,22,JO37,113.8
199602,1996-02-01,22,JO37,109.9
199603,1996-03-01,22,JO37,116.4
199604,1996-04-01,22,JO37,131.3
199605,1996-05-01,22,JO37,124.8
199606,1996-06-01,22,JO37,127.5
199607,1996-07-01,22,JO37,120.9
199608,1996-08-01,22,JO37,122.5
199609,1996-09-01,22,JO37,123.6
199610,1996-10-01,22,JO37,122.5
199611,1996-11-01,22,JO37,122.4
199612,1996-12-01,22,JO37,117.7
199701,1997-01-01,22,JO37,115.7
199702,1997-02-01,22,JO37,119.1
199703,1997-03-01,22,JO37,121.0
199704,1997-04-01,22,JO37,117.5
199705,1997-05-01,22,JO37,115.0
199706,1997-06-01,22,JO37,118.4
199707,1997-07-01,22,JO37,117.2
199708,1997-08-01,22,JO37,115.8
199709,1997-09-01,22,JO37,115.9
199710,1997-10-01,22,JO37,119.9
199711,1997-11-01,22,JO37,124.5
199712,1997-12-01,22,JO37,113.3
199801,1998-01-01,22,JO37,118.8
199802,1998-02-01,22,JO37,119.0
199803,1998-03-01,22,JO37,116.5
199804,1998-04-01,22,JO37,120.9
199805,1998-05-01,22,JO37,119.9
199806,1998-06-01,22,JO37,114.2
199807,1998-07-01,22,JO37,121.1
199808,1998-08-01,22,JO37,118.7
199809,1998-09-01,22,JO37,121.3
199810,1998-10-01,22,JO37,119.2
199811,1998-11-01,22,JO37,122.0
199812,1998-12-01,22,JO37,121.1
199901,1999-01-01,22,JO37,131.2
199902,1999-02-01,22,JO37,128.3
199903,1999-03-01,22,JO37,114.9
199904,1999-04-01,22,JO37,140.3
199905,1999-05-01,22,JO37,130.8
199906,1999-06-01,22,JO37,129.8
199907,1999-07-01,22,JO37,130.8
199908,1999-08-01,22,JO37,133.3
199909,1999-09-01,22,JO37,130.1
199910,1999-10-01,22,JO37,138.5
199911,1999-11-01,22,JO37,132.9
199912,1999-12-01,22,JO37,113.9
200001,2000-01-01,22,JO37,142.3
200002,2000-02-01,22,JO37,133.3
200003,2000-03-01,22,JO37,128.1
200004,2000-04-01,22,JO37,123.8
200005,2000-05-01,22,JO37,119.7
200006,2000-06-01,22,JO37,128.2
200007,2000-07-01,22,JO37,128.3
200008,2000-08-01,22,JO37,134.9
200009,2000-09-01,22,JO37,136.3
200010,2000-10-01,22,JO37,133.9
200011,2000-11-01,22,JO37,133.6
200012,2000-12-01,22,JO37,136.9
200101,2001-01-01,22,JO37,136.2
200102,2001-02-01,22,JO37,129.6
200103,2001-03-01,22,JO37,131.9
200104,2001-04-01,22,JO37,135.1
200105,2001-05-01,22,JO37,132.4
200106,2001-06-01,22,JO37,133.4
200107,2001-07-01,22,JO37,123.7
200108,2001-08-01,22,JO37,119.3
200109,2001-09-01,22,JO37,128.2
200110,2001-10-01,22,JO37,133.3
200111,2001-11-01,22,JO37,137.2
200112,2001-12-01,22,JO37,146.6
200201,2002-01-01,22,JO37,152.2
200202,2002-02-01,22,JO37,152.5
200203,2002-03-01,22,JO37,162.9
200204,2002-04-01,22,JO37,154.7
200205,2002-05-01,22,JO37,159.0
200206,2002-06-01,22,JO37,151.1
200207,2002-07-01,22,JO37,155.4
200208,2002-08-01,22,JO37,145.6
200209,2002-09-01,22,JO37,144.5
200210,2002-10-01,22,JO37,139.4
200211,2002-11-01,22,JO37,135.6
200212,2002-12-01,22,JO37,127.4
200301,2003-01-01,22,JO37,121.6
200302,2003-02-01,22,JO37,128.4
200303,2003-03-01,22,JO37,125.8
200304,2003-04-01,22,JO37,125.1
200305,2003-05-01,22,JO37,128.4
200306,2003-06-01,22,JO37,130.8
200307,2003-07-01,22,JO37,132.0
200308,2003-08-01,22,JO37,140.8
200309,2003-09-01,22,JO37,139.8
200310,2003-10-01,22,JO37,140.4
200311,2003-11-01,22,JO37,146.4
200312,2003-12-01,22,JO37,158.3
200401,2004-01-01,22,JO37,186.6
200402,2004-02-01,22,JO37,167.5
200403,2004-03-01,22,JO37,159.8
200404,2004-04-01,22,JO37,168.8
200405,2004-05-01,22,JO37,166.5
200406,2004-06-01,22,JO37,177.5
200407,2004-07-01,22,JO37,185.0
200408,2004-08-01,22,JO37,163.9
200409,2004-09-01,22,JO37,169.5
200410,2004-10-01,22,JO37,181.0
200411,2004-11-01,22,JO37,170.8
200412,2004-12-01,22,JO37,162.9
200501,2005-01-01,22,JO37,175.4
200502,2005-02-01,22,JO37,171.2
200503,2005-03-01,22,JO37,179.6
200504,2005-04-01,22,JO37,179.0
200505,2005-05-01,22,JO37,174.4
200506,2005-06-01,22,JO37,174.9
200507,2005-07-01,22,JO37,185.0
200508,2005-08-01,22,JO37,179.0
200509,2005-09-01,22,JO37,186.1
200510,2005-10-01,22,JO37,184.9
200511,2005-11-01,22,JO37,186.7
200512,2005-12-01,22,JO37,173.5
200601,2006-01-01,22,JO37,171.1
200602,2006-02-01,22,JO37,166.9
200603,2006-03-01,22,JO37,160.6
200604,2006-04-01,22,JO37,164.4
200605,2006-05-01,22,JO37,164.1
200606,2006-06-01,22,JO37,163.1
200607,2006-07-01,22,JO37,162.4
200608,2006-08-01,22,JO37,161.6
200609,2006-09-01,22,JO37,158.0
200610,2006-10-01,22,JO37,158.1
200611,2006-11-01,22,JO37,155.5
200612,2006-12-01,22,JO37,156.3
200701,2007-01-01,22,JO37,148.1
200702,2007-02-01,22,JO37,146.5
200703,2007-03-01,22,JO37,147.7
200704,2007-04-01,22,JO37,135.7
200705,2007-05-01,22,JO37,155.4
200706,2007-06-01,22,JO37,155.9
200707,2007-07-01,22,JO37,145.1
200708,2007-08-01,22,JO37,146.7
200709,2007-09-01,22,JO37,147.7
200710,2007-10-01,22,JO37,137.9
200711,2007-11-01,22,JO37,145.1
200712,2007-12-01,22,JO37,145.5
200801,2008-01-01,22,JO37,141.6
200802,2008-02-01,22,JO37,145.4
200803,2008-03-01,22,JO37,141.0
200804,2008-04-01,22,JO37,141.5
200805,2008-05-01,22,JO37,141.2
200806,2008-06-01,22,JO37,135.7
200807,2008-07-01,22,JO37,141.2
200808,2008-08-01,22,JO37,139.3
200809,2008-09-01,22,JO37,135.1
200810,2008-10-01,22,JO37,135.7
200811,2008-11-01,22,JO37,132.0
200812,2008-12-01,22,JO37,134.3
200901,2009-01-01,22,JO37,132.4
200902,2009-02-01,22,JO37,129.1
200903,2009-03-01,22,JO37,137.0
200904,2009-04-01,22,JO37,129.6
200905,2009-05-01,22,JO37,133.3
200906,2009-06-01,22,JO37,128.1
200907,2009-07-01,22,JO37,141.6
200908,2009-08-01,22,JO37,126.0
200909,2009-09-01,22,JO37,118.5
200910,2009-10-01,22,JO37,115.3
200911,2009-11-01,22,JO37,112.4
200912,2009-12-01,22,JO37,107.2
201001,2010-01-01,22,JO37,100.7
201002,2010-02-01,22,JO37,112.4
201003,2010-03-01,22,JO37,110.2
201004,2010-04-01,22,JO37,110.8
201005,2010-05-01,22,JO37,115.2
201006,2010-06-01,22,JO37,123.4
201007,2010-07-01,22,JO37,117.3
201008,2010-08-01,22,JO37,135.1
201009,2010-09-01,22,JO37,118.0
201010,2010-10-01,22,JO37,118.3
201011,2010-11-01,22,JO37,115.1
201012,2010-12-01,22,JO37,126.0
201101,2011-01-01,22,JO37,127.0
201102,2011-02-01,22,JO37,133.6
201103,2011-03-01,22,JO37,123.6
201104,2011-04-01,22,JO37,105.2
201105,2011-05-01,22,JO37,119.5
201106,2011-06-01,22,JO37,117.8
201107,2011-07-01,22,JO37,110.3
201108,2011-08-01,22,JO37,110.4
201109,2011-09-01,22,JO37,109.2
201110,2011-10-01,22,JO37,113.0
201111,2011-11-01,22,JO37,120.1
201112,2011-12-01,22,JO37,115.9
201201,2012-01-01,22,JO37,114.8
201202,2012-02-01,22,JO37,100.3
201203,2012-03-01,22,JO37,103.0
201204,2012-04-01,22,JO37,108.5
201205,2012-05-01,22,JO37,102.2
201206,2012-06-01,22,JO37,106.1
201207,2012-07-01,22,JO37,110.8
201208,2012-08-01,22,JO37,105.0
201209,2012-09-01,22,JO37,114.7
201210,2012-10-01,22,JO37,101.9
201211,2012-11-01,22,JO37,102.7
201212,2012-12-01,22,JO37,105.1
201301,2013-01-01,22,JO37,106.6
201302,2013-02-01,22,JO37,110.1
201303,2013-03-01,22,JO37,110.6
201304,2013-04-01,22,JO37,113.6
201305,2013-05-01,22,JO37,112.3
201306,2013-06-01,22,JO37,108.6
201307,2013-07-01,22,JO37,106.8
201308,2013-08-01,22,JO37,107.6
201309,2013-09-01,22,JO37,111.2
201310,2013-10-01,22,JO37,108.1
201311,2013-11-01,22,JO37,114.4
201312,2013-12-01,22,JO37,115.5
201401,2014-01-01,22,JO37,111.3
201402,2014-02-01,22,JO37,114.0
201403,2014-03-01,22,JO37,112.1
201404,2014-04-01,22,JO37,108.6
201405,2014-05-01,22,JO37,111.4
201406,2014-06-01,22,JO37,107.8
201407,2014-07-01,22,JO37,107.1
201408,2014-08-01,22,JO37,112.0
201409,2014-09-01,22,JO37,124.5
201410,2014-10-01,22,JO37,123.3
201411,2014-11-01,22,JO37,118.7
201412,2014-12-01,22,JO37,116.3
201501,2015-01-01,22,JO37,122.4
201502,2015-02-01,22,JO37,120.8
201503,2015-03-01,22,JO37,107.7
201504,2015-04-01,22,JO37,118.8
201505,2015-05-01,22,JO37,126.0
201506,2015-06-01,22,JO37,119.7
201507,2015-07-01,22,JO37,132.7
201508,2015-08-01,22,JO37,135.6
201509,2015-09-01,22,JO37,148.4
201510,2015-10-01,22,JO37,136.9
201511,2015-11-01,22,JO37,131.8
201512,2015-12-01,22,JO37,133.9
201601,2016-01-01,22,JO37,135.2
201602,2016-02-01,22,JO37,133.5
201603,2016-03-01,22,JO37,143.5
201604,2016-04-01,22,JO37,144.4
201605,2016-05-01,22,JO37,143.6
201606,2016-06-01,22,JO37,144.5
201607,2016-07-01,22,JO37,142.7
201608,2016-08-01,22,JO37,134.6
201609,2016-09-01,22,JO37,142.8
201610,2016-10-01,22,JO37,154.8
201611,2016-11-01,22,JO37,137.0
201612,2016-12-01,22,JO37,132.3
201701,2017-01-01,22,JO37,116.2
201702,2017-02-01,22,JO37,122.4
201703,2017-03-01,22,JO37,128.0
201704,2017-04-01,22,JO37,131.3
201705,2017-05-01,22,JO37,121.5
201706,2017-06-01,22,JO37,129.1
201707,2017-07-01,22,JO37,134.6
201708,2017-08-01,22,JO37,129.3
201709,2017-09-01,22,JO37,121.6
201710,2017-10-01,22,JO37,121.9
201711,2017-11-01,22,JO37,135.7
201712,2017-12-01,22,JO37,127.7
201801,2018-01-01,22,JO37,127.4
201802,2018-02-01,22,JO37,124.6
201803,2018-03-01,22,JO37,120.2
201804,2018-04-01,22,JO37,112.9
201805,2018-05-01,22,JO37,115.7
201806,2018-06-01,22,JO37,119.3
201807,2018-07-01,22,JO37,107.2
201808,2018-08-01,22,JO37,122.0
201809,2018-09-01,22,JO37,110.9
201810,2018-10-01,22,JO37,121.8
201811,2018-11-01,22,JO37,121.0
201812,2018-12-01,22,JO37,117.1
201901,2019-01-01,22,JO37,114.0
201902,2019-02-01,22,JO37,117.0
201903,2019-03-01,22,JO37,111.7
201904,2019-04-01,22,JO37,129.0
201905,2019-05-01,22,JO37,121.3
201906,2019-06-01,22,JO37,114.2
201907,2019-07-01,22,JO37,123.9
201908,2019-08-01,22,JO37,115.9
201909,2019-09-01,22,JO37,121.1
201910,2019-10-01,22,JO37,115.2
201911,2019-11-01,22,JO37,103.9
201912,2019-12-01,22,JO37,110.7
202001,2020-01-01,22,JO37,103.4
202002,2020-02-01,22,JO37,107.9
202003,2020-03-01,22,JO37,82.6
202004,2020-04-01,22,JO37,39.9
202005,2020-05-01,22,JO37,43.5
202006,2020-06-01,22,JO37,53.7
202007,2020-07-01,22,JO37,77.6
202008,2020-08-01,22,JO37,82.5
202009,2020-09-01,22,JO37,71.0
202010,2020-10-01,22,JO37,70.6
202011,2020-11-01,22,JO37,86.4
202012,2020-12-01,22,JO37,95.9
202101,2021-01-01,22,JO37,62.7
202102,2021-02-01,22,JO37,53.4
202103,2021-03-01,22,JO37,44.0
202104,2021-04-01,22,JO37,47.1
202105,2021-05-01,22,JO37,97.0
202106,2021-06-01,22,JO37,110.7
202107,2021-07-01,22,JO37,96.4
202108,2021-08-01,22,JO37,99.9
202109,2021-09-01,22,JO37,97.4
202110,2021-10-01,22,JO37,92.0
202111,2021-11-01,22,JO37,103.8
202112,2021-12-01,22,JO37,104.9
202201,2022-01-01,22,JO37,108.3
202202,2022-02-01,22,JO37,106.9
202203,2022-03-01,22,JO37,101.4
202204,2022-04-01,22,JO37,106.7
202205,2022-05-01,22,JO37,103.7
202206,2022-06-01,22,JO37,90.7
202207,2022-07-01,22,JO37,106.4
202208,2022-08-01,22,JO37,100.7
202209,2022-09-01,22,JO37,99.4
202210,2022-10-01,22,JO37,100.9
202211,2022-11-01,22,JO37,89.8
202212,2022-12-01,22,JO37,94.5
202301,2023-01-01,22,JO37,105.6
202302,2023-02-01,22,JO37,97.1
202303,2023-03-01,22,JO37,91.5
202304,2023-04-01,22,JO37,92.2
202305,2023-05-01,22,JO37,95.1
202306,2023-06-01,22,JO37,97.0
202307,2023-07-01,22,JO37,91.3
202308,2023-08-01,22,JO37,92.9
202309,2023-09-01,22,JO37,91.6
202310,2023-10-01,22,JO37,86.4
202311,2023-11-01,22,JO37,132.8
202312,2023-12-01,22,JO37,125.1
202401,2024-01-01,22,JO37,129.9
202402,2024-02-01,22,JO37,120.4
202403,2024-03-01,22,JO37,121.7
202404,2024-04-01,22,JO37,121.0
202405,2024-05-01,22,JO37,140.3
202406,2024-06-01,22,JO37,124.0
202407,2024-07-01,22,JO37,127.0
202408,2024-08-01,22,JO37,123.2
202409,2024-09-01,22,JO37,145.0
202410,2024-10-01,22,JO37,132.0
202411,2024-11-01,22,JO37,128.8
202412,2024-12-01,22,JO37,121.6
202501,2025-01-01,22,JO37,124.6
202502,2025-02-01,22,JO37,129.2
202503,2025-03-01,22,JO37,128.9
202504,2025-04-01,22,JO37,118.9
202505,2025-05-01,22,JO37,116.4
202506,2025-06-01,22,JO37,114.8
202507,2025-07-01,22,JO37,113.8
202508,2025-08-01,22,JO37,118.1
202509,2025-09-01,22,JO37,142.2
202510,2025-10-01,22,JO37,138.2
202511,2025-11-01,22,JO37,135.5
202512,2025-12-01,22,JO37,139.5
202601,2026-01-01,22,JO37,136.7
202602,2026-02-01,22,JO37,138.5
202603,2026-03-01,22,JO37,157.0
202604,2026-04-01,22,JO37,161.7
202605,2026-05-01,22,JO37,167.2
202606,2026-06-01,22,JO37,169.1
198801,1988-01-01,23,JO2K,72.9
198802,1988-02-01,23,JO2K,72.5
198803,1988-03-01,23,JO2K,71.4
198804,1988-04-01,23,JO2K,75.2
198805,1988-05-01,23,JO2K,75.9
198806,1988-06-01,23,JO2K,76.3
198807,1988-07-01,23,JO2K,82.5
198808,1988-08-01,23,JO2K,78.1
198809,1988-09-01,23,JO2K,78.0
198810,1988-10-01,23,JO2K,80.7
198811,1988-11-01,23,JO2K,81.7
198812,1988-12-01,23,JO2K,84.4
198901,1989-01-01,23,JO2K,84.5
198902,1989-02-01,23,JO2K,80.4
198903,1989-03-01,23,JO2K,80.0
198904,1989-04-01,23,JO2K,81.8
198905,1989-05-01,23,JO2K,79.7
198906,1989-06-01,23,JO2K,73.8
198907,1989-07-01,23,JO2K,78.2
198908,1989-08-01,23,JO2K,76.5
198909,1989-09-01,23,JO2K,79.8
198910,1989-10-01,23,JO2K,81.8
198911,1989-11-01,23,JO2K,81.4
198912,1989-12-01,23,JO2K,78.5
199001,1990-01-01,23,JO2K,92.1
199002,1990-02-01,23,JO2K,83.8
199003,1990-03-01,23,JO2K,81.8
199004,1990-04-01,23,JO2K,81.1
199005,1990-05-01,23,JO2K,79.8
199006,1990-06-01,23,JO2K,79.7
199007,1990-07-01,23,JO2K,81.9
199008,1990-08-01,23,JO2K,77.5
199009,1990-09-01,23,JO2K,79.4
199010,1990-10-01,23,JO2K,80.8
199011,1990-11-01,23,JO2K,75.3
199012,1990-12-01,23,JO2K,69.7
199101,1991-01-01,23,JO2K,79.8
199102,1991-02-01,23,JO2K,77.6
199103,1991-03-01,23,JO2K,86.6
199104,1991-04-01,23,JO2K,74.8
199105,1991-05-01,23,JO2K,78.9
199106,1991-06-01,23,JO2K,81.4
199107,1991-07-01,23,JO2K,77.7
199108,1991-08-01,23,JO2K,80.6
199109,1991-09-01,23,JO2K,75.8
199110,1991-10-01,23,JO2K,75.3
199111,1991-11-01,23,JO2K,74.6
199112,1991-12-01,23,JO2K,79.0
199201,1992-01-01,23,JO2K,79.0
199202,1992-02-01,23,JO2K,81.0
199203,1992-03-01,23,JO2K,79.7
199204,1992-04-01,23,JO2K,85.7
199205,1992-05-01,23,JO2K,77.6
199206,1992-06-01,23,JO2K,80.2
199207,1992-07-01,23,JO2K,79.7
199208,1992-08-01,23,JO2K,81.8
199209,1992-09-01,23,JO2K,80.7
199210,1992-10-01,23,JO2K,83.0
199211,1992-11-01,23,JO2K,86.4
199212,1992-12-01,23,JO2K,80.9
199301,1993-01-01,23,JO2K,78.7
199302,1993-02-01,23,JO2K,82.0
199303,1993-03-01,23,JO2K,87.0
199304,1993-04-01,23,JO2K,93.0
199305,1993-05-01,23,JO2K,85.6
199306,1993-06-01,23,JO2K,82.3
199307,1993-07-01,23,JO2K,86.1
199308,1993-08-01,23,JO2K,87.4
199309,1993-09-01,23,JO2K,89.8
199310,1993-10-01,23,JO2K,85.6
199311,1993-11-01,23,JO2K,86.2
199312,1993-12-01,23,JO2K,84.8
199401,1994-01-01,23,JO2K,83.0
199402,1994-02-01,23,JO2K,85.7
199403,1994-03-01,23,JO2K,86.2
199404,1994-04-01,23,JO2K,87.6
199405,1994-05-01,23,JO2K,89.1
199406,1994-06-01,23,JO2K,87.2
199407,1994-07-01,23,JO2K,86.4
199408,1994-08-01,23,JO2K,87.0
199409,1994-09-01,23,JO2K,88.0
199410,1994-10-01,23,JO2K,85.5
199411,1994-11-01,23,JO2K,86.4
199412,1994-12-01,23,JO2K,89.3
199501,1995-01-01,23,JO2K,85.4
199502,1995-02-01,23,JO2K,90.3
199503,1995-03-01,23,JO2K,88.3
199504,1995-04-01,23,JO2K,86.0
199505,1995-05-01,23,JO2K,87.1
199506,1995-06-01,23,JO2K,84.5
199507,1995-07-01,23,JO2K,85.9
199508,1995-08-01,23,JO2K,81.3
199509,1995-09-01,23,JO2K,82.9
199510,1995-10-01,23,JO2K,94.8
199511,1995-11-01,23,JO2K,92.4
199512,1995-12-01,23,JO2K,88.8
199601,1996-01-01,23,JO2K,88.0
199602,1996-02-01,23,JO2K,88.5
199603,1996-03-01,23,JO2K,91.3
199604,1996-04-01,23,JO2K,89.9
199605,1996-05-01,23,JO2K,97.8
199606,1996-06-01,23,JO2K,87.9
199607,1996-07-01,23,JO2K,88.9
199608,1996-08-01,23,JO2K,90.8
199609,1996-09-01,23,JO2K,91.9
199610,1996-10-01,23,JO2K,93.7
199611,1996-11-01,23,JO2K,94.2
199612,1996-12-01,23,JO2K,96.6
199701,1997-01-01,23,JO2K,99.8
199702,1997-02-01,23,JO2K,97.0
199703,1997-03-01,23,JO2K,97.2
199704,1997-04-01,23,JO2K,98.0
199705,1997-05-01,23,JO2K,97.5
199706,1997-06-01,23,JO2K,103.3
199707,1997-07-01,23,JO2K,101.6
199708,1997-08-01,23,JO2K,99.4
199709,1997-09-01,23,JO2K,90.7
199710,1997-10-01,23,JO2K,96.3
199711,1997-11-01,23,JO2K,93.9
199712,1997-12-01,23,JO2K,100.9
199801,1998-01-01,23,JO2K,80.9
199802,1998-02-01,23,JO2K,82.4
199803,1998-03-01,23,JO2K,79.0
199804,1998-04-01,23,JO2K,80.5
199805,1998-05-01,23,JO2K,79.1
199806,1998-06-01,23,JO2K,80.3
199807,1998-07-01,23,JO2K,78.4
199808,1998-08-01,23,JO2K,80.0
199809,1998-09-01,23,JO2K,72.9
199810,1998-10-01,23,JO2K,74.2
199811,1998-11-01,23,JO2K,65.5
199812,1998-12-01,23,JO2K,68.2
199901,1999-01-01,23,JO2K,80.3
199902,1999-02-01,23,JO2K,71.1
199903,1999-03-01,23,JO2K,70.9
199904,1999-04-01,23,JO2K,69.3
199905,1999-05-01,23,JO2K,67.8
199906,1999-06-01,23,JO2K,69.4
199907,1999-07-01,23,JO2K,64.1
199908,1999-08-01,23,JO2K,66.3
199909,1999-09-01,23,JO2K,69.0
199910,1999-10-01,23,JO2K,64.7
199911,1999-11-01,23,JO2K,69.1
199912,1999-12-01,23,JO2K,70.6
200001,2000-01-01,23,JO2K,68.3
200002,2000-02-01,23,JO2K,70.5
200003,2000-03-01,23,JO2K,71.1
200004,2000-04-01,23,JO2K,70.8
200005,2000-05-01,23,JO2K,75.9
200006,2000-06-01,23,JO2K,68.5
200007,2000-07-01,23,JO2K,69.8
200008,2000-08-01,23,JO2K,68.1
200009,2000-09-01,23,JO2K,68.3
200010,2000-10-01,23,JO2K,66.4
200011,2000-11-01,23,JO2K,63.0
200012,2000-12-01,23,JO2K,66.1
200101,2001-01-01,23,JO2K,71.5
200102,2001-02-01,23,JO2K,64.5
200103,2001-03-01,23,JO2K,73.9
200104,2001-04-01,23,JO2K,72.6
200105,2001-05-01,23,JO2K,66.8
200106,2001-06-01,23,JO2K,59.8
200107,2001-07-01,23,JO2K,72.0
200108,2001-08-01,23,JO2K,74.6
200109,2001-09-01,23,JO2K,74.5
200110,2001-10-01,23,JO2K,77.0
200111,2001-11-01,23,JO2K,75.6
200112,2001-12-01,23,JO2K,67.3
200201,2002-01-01,23,JO2K,73.9
200202,2002-02-01,23,JO2K,83.3
200203,2002-03-01,23,JO2K,81.9
200204,2002-04-01,23,JO2K,80.1
200205,2002-05-01,23,JO2K,83.8
200206,2002-06-01,23,JO2K,79.9
200207,2002-07-01,23,JO2K,82.6
200208,2002-08-01,23,JO2K,80.4
200209,2002-09-01,23,JO2K,84.3
200210,2002-10-01,23,JO2K,85.3
200211,2002-11-01,23,JO2K,86.6
200212,2002-12-01,23,JO2K,73.6
200301,2003-01-01,23,JO2K,83.9
200302,2003-02-01,23,JO2K,85.8
200303,2003-03-01,23,JO2K,75.9
200304,2003-04-01,23,JO2K,76.9
200305,2003-05-01,23,JO2K,75.8
200306,2003-06-01,23,JO2K,82.5
200307,2003-07-01,23,JO2K,75.5
200308,2003-08-01,23,JO2K,70.2
200309,2003-09-01,23,JO2K,71.1
200310,2003-10-01,23,JO2K,70.8
200311,2003-11-01,23,JO2K,69.9
200312,2003-12-01,23,JO2K,72.5
200401,2004-01-01,23,JO2K,80.2
200402,2004-02-01,23,JO2K,68.5
200403,2004-03-01,23,JO2K,71.9
200404,2004-04-01,23,JO2K,76.6
200405,2004-05-01,23,JO2K,80.2
200406,2004-06-01,23,JO2K,82.6
200407,2004-07-01,23,JO2K,84.1
200408,2004-08-01,23,JO2K,80.9
200409,2004-09-01,23,JO2K,83.6
200410,2004-10-01,23,JO2K,81.8
200411,2004-11-01,23,JO2K,84.1
200412,2004-12-01,23,JO2K,82.7
200501,2005-01-01,23,JO2K,78.9
200502,2005-02-01,23,JO2K,76.2
200503,2005-03-01,23,JO2K,74.7
200504,2005-04-01,23,JO2K,77.9
200505,2005-05-01,23,JO2K,77.1
200506,2005-06-01,23,JO2K,77.6
200507,2005-07-01,23,JO2K,76.4
200508,2005-08-01,23,JO2K,89.5
200509,2005-09-01,23,JO2K,76.2
200510,2005-10-01,23,JO2K,82.1
200511,2005-11-01,23,JO2K,82.4
200512,2005-12-01,23,JO2K,81.8
200601,2006-01-01,23,JO2K,84.2
200602,2006-02-01,23,JO2K,88.0
200603,2006-03-01,23,JO2K,87.4
200604,2006-04-01,23,JO2K,85.4
200605,2006-05-01,23,JO2K,85.7
200606,2006-06-01,23,JO2K,85.0
200607,2006-07-01,23,JO2K,82.8
200608,2006-08-01,23,JO2K,90.1
200609,2006-09-01,23,JO2K,88.3
200610,2006-10-01,23,JO2K,90.8
200611,2006-11-01,23,JO2K,86.5
200612,2006-12-01,23,JO2K,90.6
200701,2007-01-01,23,JO2K,96.3
200702,2007-02-01,23,JO2K,96.0
200703,2007-03-01,23,JO2K,98.6
200704,2007-04-01,23,JO2K,89.8
200705,2007-05-01,23,JO2K,93.4
200706,2007-06-01,23,JO2K,99.4
200707,2007-07-01,23,JO2K,98.3
200708,2007-08-01,23,JO2K,92.3
200709,2007-09-01,23,JO2K,100.4
200710,2007-10-01,23,JO2K,94.4
200711,2007-11-01,23,JO2K,100.4
200712,2007-12-01,23,JO2K,99.1
200801,2008-01-01,23,JO2K,95.0
200802,2008-02-01,23,JO2K,96.9
200803,2008-03-01,23,JO2K,104.8
200804,2008-04-01,23,JO2K,101.5
200805,2008-05-01,23,JO2K,87.3
200806,2008-06-01,23,JO2K,88.5
200807,2008-07-01,23,JO2K,87.9
200808,2008-08-01,23,JO2K,91.3
200809,2008-09-01,23,JO2K,80.9
200810,2008-10-01,23,JO2K,75.9
200811,2008-11-01,23,JO2K,77.5
200812,2008-12-01,23,JO2K,69.8
200901,2009-01-01,23,JO2K,74.2
200902,2009-02-01,23,JO2K,71.8
200903,2009-03-01,23,JO2K,91.4
200904,2009-04-01,23,JO2K,90.1
200905,2009-05-01,23,JO2K,95.5
200906,2009-06-01,23,JO2K,91.7
200907,2009-07-01,23,JO2K,97.2
200908,2009-08-01,23,JO2K,99.6
200909,2009-09-01,23,JO2K,92.9
200910,2009-10-01,23,JO2K,101.4
200911,2009-11-01,23,JO2K,87.0
200912,2009-12-01,23,JO2K,92.9
201001,2010-01-01,23,JO2K,80.8
201002,2010-02-01,23,JO2K,79.8
201003,2010-03-01,23,JO2K,78.1
201004,2010-04-01,23,JO2K,78.0
201005,2010-05-01,23,JO2K,78.4
201006,2010-06-01,23,JO2K,77.1
201007,2010-07-01,23,JO2K,72.5
201008,2010-08-01,23,JO2K,73.6
201009,2010-09-01,23,JO2K,70.6
201010,2010-10-01,23,JO2K,68.8
201011,2010-11-01,23,JO2K,73.2
201012,2010-12-01,23,JO2K,67.1
201101,2011-01-01,23,JO2K,72.0
201102,2011-02-01,23,JO2K,56.9
201103,2011-03-01,23,JO2K,58.0
201104,2011-04-01,23,JO2K,56.3
201105,2011-05-01,23,JO2K,53.0
201106,2011-06-01,23,JO2K,56.5
201107,2011-07-01,23,JO2K,56.6
201108,2011-08-01,23,JO2K,55.0
201109,2011-09-01,23,JO2K,58.1
201110,2011-10-01,23,JO2K,59.1
201111,2011-11-01,23,JO2K,53.0
201112,2011-12-01,23,JO2K,63.5
201201,2012-01-01,23,JO2K,76.5
201202,2012-02-01,23,JO2K,71.6
201203,2012-03-01,23,JO2K,74.7
201204,2012-04-01,23,JO2K,76.9
201205,2012-05-01,23,JO2K,76.9
201206,2012-06-01,23,JO2K,73.2
201207,2012-07-01,23,JO2K,72.5
201208,2012-08-01,23,JO2K,71.6
201209,2012-09-01,23,JO2K,74.9
201210,2012-10-01,23,JO2K,77.8
201211,2012-11-01,23,JO2K,74.0
201212,2012-12-01,23,JO2K,78.4
201301,2013-01-01,23,JO2K,82.1
201302,2013-02-01,23,JO2K,87.5
201303,2013-03-01,23,JO2K,86.2
201304,2013-04-01,23,JO2K,93.3
201305,2013-05-01,23,JO2K,85.8
201306,2013-06-01,23,JO2K,87.0
201307,2013-07-01,23,JO2K,86.7
201308,2013-08-01,23,JO2K,83.3
201309,2013-09-01,23,JO2K,84.2
201310,2013-10-01,23,JO2K,85.6
201311,2013-11-01,23,JO2K,84.0
201312,2013-12-01,23,JO2K,83.7
201401,2014-01-01,23,JO2K,79.9
201402,2014-02-01,23,JO2K,82.1
201403,2014-03-01,23,JO2K,80.6
201404,2014-04-01,23,JO2K,77.5
201405,2014-05-01,23,JO2K,78.3
201406,2014-06-01,23,JO2K,87.0
201407,2014-07-01,23,JO2K,80.1
201408,2014-08-01,23,JO2K,81.6
201409,2014-09-01,23,JO2K,83.7
201410,2014-10-01,23,JO2K,80.6
201411,2014-11-01,23,JO2K,85.6
201412,2014-12-01,23,JO2K,82.4
201501,2015-01-01,23,JO2K,61.8
201502,2015-02-01,23,JO2K,53.8
201503,2015-03-01,23,JO2K,57.1
201504,2015-04-01,23,JO2K,58.6
201505,2015-05-01,23,JO2K,61.5
201506,2015-06-01,23,JO2K,63.2
201507,2015-07-01,23,JO2K,57.8
201508,2015-08-01,23,JO2K,61.8
201509,2015-09-01,23,JO2K,58.7
201510,2015-10-01,23,JO2K,58.0
201511,2015-11-01,23,JO2K,56.2
201512,2015-12-01,23,JO2K,58.8
201601,2016-01-01,23,JO2K,55.9
201602,2016-02-01,23,JO2K,56.6
201603,2016-03-01,23,JO2K,52.1
201604,2016-04-01,23,JO2K,61.3
201605,2016-05-01,23,JO2K,50.3
201606,2016-06-01,23,JO2K,48.8
201607,2016-07-01,23,JO2K,56.1
201608,2016-08-01,23,JO2K,54.1
201609,2016-09-01,23,JO2K,53.5
201610,2016-10-01,23,JO2K,55.9
201611,2016-11-01,23,JO2K,59.6
201612,2016-12-01,23,JO2K,57.0
201701,2017-01-01,23,JO2K,56.8
201702,2017-02-01,23,JO2K,64.7
201703,2017-03-01,23,JO2K,67.0
201704,2017-04-01,23,JO2K,59.0
201705,2017-05-01,23,JO2K,67.3
201706,2017-06-01,23,JO2K,63.9
201707,2017-07-01,23,JO2K,67.6
201708,2017-08-01,23,JO2K,70.2
201709,2017-09-01,23,JO2K,57.1
201710,2017-10-01,23,JO2K,72.9
201711,2017-11-01,23,JO2K,63.2
201712,2017-12-01,23,JO2K,67.1
201801,2018-01-01,23,JO2K,68.4
201802,2018-02-01,23,JO2K,65.0
201803,2018-03-01,23,JO2K,65.7
201804,2018-04-01,23,JO2K,66.1
201805,2018-05-01,23,JO2K,68.6
201806,2018-06-01,23,JO2K,73.9
201807,2018-07-01,23,JO2K,66.0
201808,2018-08-01,23,JO2K,69.3
201809,2018-09-01,23,JO2K,69.0
201810,2018-10-01,23,JO2K,56.0
201811,2018-11-01,23,JO2K,57.5
201812,2018-12-01,23,JO2K,57.5
201901,2019-01-01,23,JO2K,57.8
201902,2019-02-01,23,JO2K,53.0
201903,2019-03-01,23,JO2K,56.0
201904,2019-04-01,23,JO2K,59.2
201905,2019-05-01,23,JO2K,53.4
201906,2019-06-01,23,JO2K,57.6
201907,2019-07-01,23,JO2K,54.6
201908,2019-08-01,23,JO2K,49.8
201909,2019-09-01,23,JO2K,49.6
201910,2019-10-01,23,JO2K,55.0
201911,2019-11-01,23,JO2K,53.5
201912,2019-12-01,23,JO2K,61.5
202001,2020-01-01,23,JO2K,47.7
202002,2020-02-01,23,JO2K,53.4
202003,2020-03-01,23,JO2K,42.1
202004,2020-04-01,23,JO2K,13.3
202005,2020-05-01,23,JO2K,15.0
202006,2020-06-01,23,JO2K,48.0
202007,2020-07-01,23,JO2K,86.9
202008,2020-08-01,23,JO2K,56.6
202009,2020-09-01,23,JO2K,72.4
202010,2020-10-01,23,JO2K,72.5
202011,2020-11-01,23,JO2K,16.2
202012,2020-12-01,23,JO2K,44.7
202101,2021-01-01,23,JO2K,18.3
202102,2021-02-01,23,JO2K,18.9
202103,2021-03-01,23,JO2K,40.6
202104,2021-04-01,23,JO2K,80.5
202105,2021-05-01,23,JO2K,90.7
202106,2021-06-01,23,JO2K,86.9
202107,2021-07-01,23,JO2K,79.7
202108,2021-08-01,23,JO2K,85.5
202109,2021-09-01,23,JO2K,82.1
202110,2021-10-01,23,JO2K,88.5
202111,2021-11-01,23,JO2K,90.4
202112,2021-12-01,23,JO2K,92.8
202201,2022-01-01,23,JO2K,110.3
202202,2022-02-01,23,JO2K,100.5
202203,2022-03-01,23,JO2K,102.3
202204,2022-04-01,23,JO2K,102.1
202205,2022-05-01,23,JO2K,97.3
202206,2022-06-01,23,JO2K,98.0
202207,2022-07-01,23,JO2K,94.7
202208,2022-08-01,23,JO2K,99.6
202209,2022-09-01,23,JO2K,94.9
202210,2022-10-01,23,JO2K,96.6
202211,2022-11-01,23,JO2K,99.2
202212,2022-12-01,23,JO2K,97.3
202301,2023-01-01,23,JO2K,99.1
202302,2023-02-01,23,JO2K,96.5
202303,2023-03-01,23,JO2K,96.7
202304,2023-04-01,23,JO2K,99.5
202305,2023-05-01,23,JO2K,99.7
202306,2023-06-01,23,JO2K,98.4
202307,2023-07-01,23,JO2K,105.0
202308,2023-08-01,23,JO2K,103.4
202309,2023-09-01,23,JO2K,103.5
202310,2023-10-01,23,JO2K,98.4
202311,2023-11-01,23,JO2K,103.6
202312,2023-12-01,23,JO2K,97.2
202401,2024-01-01,23,JO2K,101.0
202402,2024-02-01,23,JO2K,96.4
202403,2024-03-01,23,JO2K,101.1
202404,2024-04-01,23,JO2K,98.6
202405,2024-05-01,23,JO2K,98.9
202406,2024-06-01,23,JO2K,102.0
202407,2024-07-01,23,JO2K,104.6
202408,2024-08-01,23,JO2K,105.8
202409,2024-09-01,23,JO2K,107.4
202410,2024-10-01,23,JO2K,111.2
202411,2024-11-01,23,JO2K,108.4
202412,2024-12-01,23,JO2K,108.9
202501,2025-01-01,23,JO2K,107.9
202502,2025-02-01,23,JO2K,110.5
202503,2025-03-01,23,JO2K,110.1
202504,2025-04-01,23,JO2K,105.7
202505,2025-05-01,23,JO2K,105.3
202506,2025-06-01,23,JO2K,101.1
202507,2025-07-01,23,JO2K,96.7
202508,2025-08-01,23,JO2K,93.6
202509,2025-09-01,23,JO2K,87.8
202510,2025-10-01,23,JO2K,97.0
202511,2025-11-01,23,JO2K,92.6
202512,2025-12-01,23,JO2K,92.9
202601,2026-01-01,23,JO2K,96.7
202602,2026-02-01,23,JO2K,101.6
202603,2026-03-01,23,JO2K,99.8
202604,2026-04-01,23,JO2K,105.2
202605,2026-05-01,23,JO2K,102.9
202606,2026-06-01,23,JO2K,106.6
198801,1988-01-01,24,JO3A,87.5
198802,1988-02-01,24,JO3A,88.5
198803,1988-03-01,24,JO3A,89.7
198804,1988-04-01,24,JO3A,90.7
198805,1988-05-01,24,JO3A,90.5
198806,1988-06-01,24,JO3A,93.3
198807,1988-07-01,24,JO3A,92.5
198808,1988-08-01,24,JO3A,94.3
198809,1988-09-01,24,JO3A,93.8
198810,1988-10-01,24,JO3A,93.5
198811,1988-11-01,24,JO3A,95.7
198812,1988-12-01,24,JO3A,86.0
198901,1989-01-01,24,JO3A,97.5
198902,1989-02-01,24,JO3A,100.2
198903,1989-03-01,24,JO3A,98.0
198904,1989-04-01,24,JO3A,98.2
198905,1989-05-01,24,JO3A,101.4
198906,1989-06-01,24,JO3A,101.7
198907,1989-07-01,24,JO3A,101.3
198908,1989-08-01,24,JO3A,103.8
198909,1989-09-01,24,JO3A,102.6
198910,1989-10-01,24,JO3A,104.1
198911,1989-11-01,24,JO3A,100.7
198912,1989-12-01,24,JO3A,89.5
199001,1990-01-01,24,JO3A,106.4
199002,1990-02-01,24,JO3A,110.7
199003,1990-03-01,24,JO3A,107.6
199004,1990-04-01,24,JO3A,110.9
199005,1990-05-01,24,JO3A,117.0
199006,1990-06-01,24,JO3A,111.6
199007,1990-07-01,24,JO3A,114.8
199008,1990-08-01,24,JO3A,115.1
199009,1990-09-01,24,JO3A,114.2
199010,1990-10-01,24,JO3A,117.7
199011,1990-11-01,24,JO3A,109.7
199012,1990-12-01,24,JO3A,92.9
199101,1991-01-01,24,JO3A,111.3
199102,1991-02-01,24,JO3A,107.3
199103,1991-03-01,24,JO3A,117.1
199104,1991-04-01,24,JO3A,113.5
199105,1991-05-01,24,JO3A,114.0
199106,1991-06-01,24,JO3A,112.9
199107,1991-07-01,24,JO3A,118.7
199108,1991-08-01,24,JO3A,110.6
199109,1991-09-01,24,JO3A,117.0
199110,1991-10-01,24,JO3A,122.6
199111,1991-11-01,24,JO3A,119.8
199112,1991-12-01,24,JO3A,119.9
199201,1992-01-01,24,JO3A,118.1
199202,1992-02-01,24,JO3A,117.8
199203,1992-03-01,24,JO3A,119.9
199204,1992-04-01,24,JO3A,117.9
199205,1992-05-01,24,JO3A,119.1
199206,1992-06-01,24,JO3A,118.8
199207,1992-07-01,24,JO3A,119.9
199208,1992-08-01,24,JO3A,118.8
199209,1992-09-01,24,JO3A,120.4
199210,1992-10-01,24,JO3A,121.5
199211,1992-11-01,24,JO3A,125.3
199212,1992-12-01,24,JO3A,134.0
199301,1993-01-01,24,JO3A,123.6
199302,1993-02-01,24,JO3A,127.8
199303,1993-03-01,24,JO3A,125.5
199304,1993-04-01,24,JO3A,127.1
199305,1993-05-01,24,JO3A,123.3
199306,1993-06-01,24,JO3A,130.2
199307,1993-07-01,24,JO3A,129.5
199308,1993-08-01,24,JO3A,128.3
199309,1993-09-01,24,JO3A,128.3
199310,1993-10-01,24,JO3A,126.9
199311,1993-11-01,24,JO3A,129.2
199312,1993-12-01,24,JO3A,133.2
199401,1994-01-01,24,JO3A,130.3
199402,1994-02-01,24,JO3A,129.9
199403,1994-03-01,24,JO3A,131.6
199404,1994-04-01,24,JO3A,126.6
199405,1994-05-01,24,JO3A,130.5
199406,1994-06-01,24,JO3A,131.6
199407,1994-07-01,24,JO3A,128.4
199408,1994-08-01,24,JO3A,132.3
199409,1994-09-01,24,JO3A,131.4
199410,1994-10-01,24,JO3A,129.7
199411,1994-11-01,24,JO3A,129.5
199412,1994-12-01,24,JO3A,128.1
199501,1995-01-01,24,JO3A,129.3
199502,1995-02-01,24,JO3A,132.7
199503,1995-03-01,24,JO3A,126.7
199504,1995-04-01,24,JO3A,128.7
199505,1995-05-01,24,JO3A,130.8
199506,1995-06-01,24,JO3A,128.2
199507,1995-07-01,24,JO3A,130.1
199508,1995-08-01,24,JO3A,133.6
199509,1995-09-01,24,JO3A,133.5
199510,1995-10-01,24,JO3A,137.5
199511,1995-11-01,24,JO3A,131.4
199512,1995-12-01,24,JO3A,130.1
199601,1996-01-01,24,JO3A,131.6
199602,1996-02-01,24,JO3A,129.8
199603,1996-03-01,24,JO3A,136.5
199604,1996-04-01,24,JO3A,134.3
199605,1996-05-01,24,JO3A,133.9
199606,1996-06-01,24,JO3A,135.6
199607,1996-07-01,24,JO3A,135.4
199608,1996-08-01,24,JO3A,136.6
199609,1996-09-01,24,JO3A,141.6
199610,1996-10-01,24,JO3A,143.5
199611,1996-11-01,24,JO3A,145.2
199612,1996-12-01,24,JO3A,143.7
199701,1997-01-01,24,JO3A,138.1
199702,1997-02-01,24,JO3A,141.0
199703,1997-03-01,24,JO3A,141.9
199704,1997-04-01,24,JO3A,139.0
199705,1997-05-01,24,JO3A,140.5
199706,1997-06-01,24,JO3A,143.9
199707,1997-07-01,24,JO3A,143.7
199708,1997-08-01,24,JO3A,140.9
199709,1997-09-01,24,JO3A,144.0
199710,1997-10-01,24,JO3A,147.0
199711,1997-11-01,24,JO3A,146.7
199712,1997-12-01,24,JO3A,146.9
199801,1998-01-01,24,JO3A,148.5
199802,1998-02-01,24,JO3A,151.7
199803,1998-03-01,24,JO3A,155.1
199804,1998-04-01,24,JO3A,156.1
199805,1998-05-01,24,JO3A,154.6
199806,1998-06-01,24,JO3A,153.5
199807,1998-07-01,24,JO3A,155.2
199808,1998-08-01,24,JO3A,153.3
199809,1998-09-01,24,JO3A,152.6
199810,1998-10-01,24,JO3A,153.0
199811,1998-11-01,24,JO3A,154.1
199812,1998-12-01,24,JO3A,155.0
199901,1999-01-01,24,JO3A,151.0
199902,1999-02-01,24,JO3A,153.1
199903,1999-03-01,24,JO3A,153.0
199904,1999-04-01,24,JO3A,152.9
199905,1999-05-01,24,JO3A,153.4
199906,1999-06-01,24,JO3A,158.7
199907,1999-07-01,24,JO3A,154.3
199908,1999-08-01,24,JO3A,159.0
199909,1999-09-01,24,JO3A,156.2
199910,1999-10-01,24,JO3A,155.3
199911,1999-11-01,24,JO3A,153.7
199912,1999-12-01,24,JO3A,144.9
200001,2000-01-01,24,JO3A,155.4
200002,2000-02-01,24,JO3A,154.1
200003,2000-03-01,24,JO3A,152.6
200004,2000-04-01,24,JO3A,156.2
200005,2000-05-01,24,JO3A,159.6
200006,2000-06-01,24,JO3A,153.9
200007,2000-07-01,24,JO3A,158.1
200008,2000-08-01,24,JO3A,158.2
200009,2000-09-01,24,JO3A,150.4
200010,2000-10-01,24,JO3A,150.1
200011,2000-11-01,24,JO3A,147.6
200012,2000-12-01,24,JO3A,146.3
200101,2001-01-01,24,JO3A,153.3
200102,2001-02-01,24,JO3A,153.7
200103,2001-03-01,24,JO3A,142.4
200104,2001-04-01,24,JO3A,146.8
200105,2001-05-01,24,JO3A,146.4
200106,2001-06-01,24,JO3A,141.5
200107,2001-07-01,24,JO3A,152.3
200108,2001-08-01,24,JO3A,153.9
200109,2001-09-01,24,JO3A,155.6
200110,2001-10-01,24,JO3A,151.8
200111,2001-11-01,24,JO3A,150.2
200112,2001-12-01,24,JO3A,146.9
200201,2002-01-01,24,JO3A,158.9
200202,2002-02-01,24,JO3A,158.8
200203,2002-03-01,24,JO3A,163.8
200204,2002-04-01,24,JO3A,162.9
200205,2002-05-01,24,JO3A,161.4
200206,2002-06-01,24,JO3A,159.3
200207,2002-07-01,24,JO3A,155.8
200208,2002-08-01,24,JO3A,156.3
200209,2002-09-01,24,JO3A,162.2
200210,2002-10-01,24,JO3A,167.0
200211,2002-11-01,24,JO3A,172.8
200212,2002-12-01,24,JO3A,173.9
200301,2003-01-01,24,JO3A,156.1
200302,2003-02-01,24,JO3A,158.1
200303,2003-03-01,24,JO3A,158.0
200304,2003-04-01,24,JO3A,154.1
200305,2003-05-01,24,JO3A,149.3
200306,2003-06-01,24,JO3A,154.5
200307,2003-07-01,24,JO3A,156.5
200308,2003-08-01,24,JO3A,151.8
200309,2003-09-01,24,JO3A,151.8
200310,2003-10-01,24,JO3A,149.9
200311,2003-11-01,24,JO3A,156.7
200312,2003-12-01,24,JO3A,163.9
200401,2004-01-01,24,JO3A,159.7
200402,2004-02-01,24,JO3A,158.8
200403,2004-03-01,24,JO3A,164.6
200404,2004-04-01,24,JO3A,161.8
200405,2004-05-01,24,JO3A,162.4
200406,2004-06-01,24,JO3A,164.9
200407,2004-07-01,24,JO3A,154.5
200408,2004-08-01,24,JO3A,155.0
200409,2004-09-01,24,JO3A,155.7
200410,2004-10-01,24,JO3A,156.3
200411,2004-11-01,24,JO3A,157.3
200412,2004-12-01,24,JO3A,159.5
200501,2005-01-01,24,JO3A,155.8
200502,2005-02-01,24,JO3A,154.9
200503,2005-03-01,24,JO3A,159.1
200504,2005-04-01,24,JO3A,159.7
200505,2005-05-01,24,JO3A,161.1
200506,2005-06-01,24,JO3A,161.9
200507,2005-07-01,24,JO3A,168.6
200508,2005-08-01,24,JO3A,163.3
200509,2005-09-01,24,JO3A,161.1
200510,2005-10-01,24,JO3A,163.3
200511,2005-11-01,24,JO3A,158.2
200512,2005-12-01,24,JO3A,152.1
200601,2006-01-01,24,JO3A,154.2
200602,2006-02-01,24,JO3A,152.3
200603,2006-03-01,24,JO3A,144.7
200604,2006-04-01,24,JO3A,146.0
200605,2006-05-01,24,JO3A,145.8
200606,2006-06-01,24,JO3A,139.3
200607,2006-07-01,24,JO3A,137.6
200608,2006-08-01,24,JO3A,144.3
200609,2006-09-01,24,JO3A,143.1
200610,2006-10-01,24,JO3A,142.7
200611,2006-11-01,24,JO3A,139.1
200612,2006-12-01,24,JO3A,140.6
200701,2007-01-01,24,JO3A,135.3
200702,2007-02-01,24,JO3A,137.3
200703,2007-03-01,24,JO3A,131.9
200704,2007-04-01,24,JO3A,129.4
200705,2007-05-01,24,JO3A,137.4
200706,2007-06-01,24,JO3A,135.8
200707,2007-07-01,24,JO3A,138.5
200708,2007-08-01,24,JO3A,135.9
200709,2007-09-01,24,JO3A,138.2
200710,2007-10-01,24,JO3A,134.4
200711,2007-11-01,24,JO3A,130.9
200712,2007-12-01,24,JO3A,127.8
200801,2008-01-01,24,JO3A,123.5
200802,2008-02-01,24,JO3A,126.5
200803,2008-03-01,24,JO3A,126.4
200804,2008-04-01,24,JO3A,125.5
200805,2008-05-01,24,JO3A,122.4
200806,2008-06-01,24,JO3A,129.2
200807,2008-07-01,24,JO3A,127.2
200808,2008-08-01,24,JO3A,128.2
200809,2008-09-01,24,JO3A,130.6
200810,2008-10-01,24,JO3A,128.4
200811,2008-11-01,24,JO3A,130.2
200812,2008-12-01,24,JO3A,132.8
200901,2009-01-01,24,JO3A,139.3
200902,2009-02-01,24,JO3A,138.8
200903,2009-03-01,24,JO3A,141.3
200904,2009-04-01,24,JO3A,144.3
200905,2009-05-01,24,JO3A,138.6
200906,2009-06-01,24,JO3A,132.7
200907,2009-07-01,24,JO3A,131.4
200908,2009-08-01,24,JO3A,131.1
200909,2009-09-01,24,JO3A,129.9
200910,2009-10-01,24,JO3A,135.7
200911,2009-11-01,24,JO3A,137.1
200912,2009-12-01,24,JO3A,138.0
201001,2010-01-01,24,JO3A,124.4
201002,2010-02-01,24,JO3A,129.3
201003,2010-03-01,24,JO3A,129.5
201004,2010-04-01,24,JO3A,123.1
201005,2010-05-01,24,JO3A,122.1
201006,2010-06-01,24,JO3A,123.7
201007,2010-07-01,24,JO3A,123.3
201008,2010-08-01,24,JO3A,126.6
201009,2010-09-01,24,JO3A,122.3
201010,2010-10-01,24,JO3A,121.2
201011,2010-11-01,24,JO3A,124.7
201012,2010-12-01,24,JO3A,126.3
201101,2011-01-01,24,JO3A,131.1
201102,2011-02-01,24,JO3A,132.7
201103,2011-03-01,24,JO3A,130.8
201104,2011-04-01,24,JO3A,123.2
201105,2011-05-01,24,JO3A,127.7
201106,2011-06-01,24,JO3A,130.4
201107,2011-07-01,24,JO3A,129.4
201108,2011-08-01,24,JO3A,123.9
201109,2011-09-01,24,JO3A,123.7
201110,2011-10-01,24,JO3A,118.2
201111,2011-11-01,24,JO3A,124.8
201112,2011-12-01,24,JO3A,127.9
201201,2012-01-01,24,JO3A,125.4
201202,2012-02-01,24,JO3A,122.6
201203,2012-03-01,24,JO3A,123.7
201204,2012-04-01,24,JO3A,131.2
201205,2012-05-01,24,JO3A,130.4
201206,2012-06-01,24,JO3A,128.2
201207,2012-07-01,24,JO3A,129.1
201208,2012-08-01,24,JO3A,117.5
201209,2012-09-01,24,JO3A,121.9
201210,2012-10-01,24,JO3A,122.3
201211,2012-11-01,24,JO3A,115.1
201212,2012-12-01,24,JO3A,114.5
201301,2013-01-01,24,JO3A,119.6
201302,2013-02-01,24,JO3A,122.7
201303,2013-03-01,24,JO3A,116.0
201304,2013-04-01,24,JO3A,113.3
201305,2013-05-01,24,JO3A,118.3
201306,2013-06-01,24,JO3A,117.9
201307,2013-07-01,24,JO3A,108.9
201308,2013-08-01,24,JO3A,120.0
201309,2013-09-01,24,JO3A,118.5
201310,2013-10-01,24,JO3A,114.5
201311,2013-11-01,24,JO3A,109.5
201312,2013-12-01,24,JO3A,104.8
201401,2014-01-01,24,JO3A,102.6
201402,2014-02-01,24,JO3A,102.5
201403,2014-03-01,24,JO3A,109.8
201404,2014-04-01,24,JO3A,108.5
201405,2014-05-01,24,JO3A,107.5
201406,2014-06-01,24,JO3A,108.4
201407,2014-07-01,24,JO3A,106.0
201408,2014-08-01,24,JO3A,110.8
201409,2014-09-01,24,JO3A,112.0
201410,2014-10-01,24,JO3A,106.0
201411,2014-11-01,24,JO3A,114.6
201412,2014-12-01,24,JO3A,116.7
201501,2015-01-01,24,JO3A,113.5
201502,2015-02-01,24,JO3A,115.0
201503,2015-03-01,24,JO3A,120.7
201504,2015-04-01,24,JO3A,108.1
201505,2015-05-01,24,JO3A,115.1
201506,2015-06-01,24,JO3A,114.2
201507,2015-07-01,24,JO3A,116.0
201508,2015-08-01,24,JO3A,115.2
201509,2015-09-01,24,JO3A,113.7
201510,2015-10-01,24,JO3A,111.4
201511,2015-11-01,24,JO3A,112.0
201512,2015-12-01,24,JO3A,108.8
201601,2016-01-01,24,JO3A,111.1
201602,2016-02-01,24,JO3A,112.1
201603,2016-03-01,24,JO3A,106.9
201604,2016-04-01,24,JO3A,110.6
201605,2016-05-01,24,JO3A,110.7
201606,2016-06-01,24,JO3A,106.8
201607,2016-07-01,24,JO3A,106.7
201608,2016-08-01,24,JO3A,102.6
201609,2016-09-01,24,JO3A,105.6
201610,2016-10-01,24,JO3A,106.0
201611,2016-11-01,24,JO3A,106.5
201612,2016-12-01,24,JO3A,107.6
201701,2017-01-01,24,JO3A,105.9
201702,2017-02-01,24,JO3A,103.3
201703,2017-03-01,24,JO3A,94.7
201704,2017-04-01,24,JO3A,104.0
201705,2017-05-01,24,JO3A,102.7
201706,2017-06-01,24,JO3A,111.9
201707,2017-07-01,24,JO3A,110.8
201708,2017-08-01,24,JO3A,109.0
201709,2017-09-01,24,JO3A,106.8
201710,2017-10-01,24,JO3A,114.8
201711,2017-11-01,24,JO3A,106.8
201712,2017-12-01,24,JO3A,106.0
201801,2018-01-01,24,JO3A,108.1
201802,2018-02-01,24,JO3A,105.9
201803,2018-03-01,24,JO3A,110.6
201804,2018-04-01,24,JO3A,119.8
201805,2018-05-01,24,JO3A,115.9
201806,2018-06-01,24,JO3A,108.1
201807,2018-07-01,24,JO3A,110.6
201808,2018-08-01,24,JO3A,111.0
201809,2018-09-01,24,JO3A,110.2
201810,2018-10-01,24,JO3A,107.7
201811,2018-11-01,24,JO3A,104.1
201812,2018-12-01,24,JO3A,108.4
201901,2019-01-01,24,JO3A,103.6
201902,2019-02-01,24,JO3A,92.0
201903,2019-03-01,24,JO3A,115.6
201904,2019-04-01,24,JO3A,103.5
201905,2019-05-01,24,JO3A,101.5
201906,2019-06-01,24,JO3A,101.8
201907,2019-07-01,24,JO3A,98.8
201908,2019-08-01,24,JO3A,100.8
201909,2019-09-01,24,JO3A,101.8
201910,2019-10-01,24,JO3A,107.0
201911,2019-11-01,24,JO3A,119.0
201912,2019-12-01,24,JO3A,127.3
202001,2020-01-01,24,JO3A,151.6
202002,2020-02-01,24,JO3A,118.2
202003,2020-03-01,24,JO3A,78.4
202004,2020-04-01,24,JO3A,47.0
202005,2020-05-01,24,JO3A,47.6
202006,2020-06-01,24,JO3A,70.4
202007,2020-07-01,24,JO3A,96.4
202008,2020-08-01,24,JO3A,97.8
202009,2020-09-01,24,JO3A,107.7
202010,2020-10-01,24,JO3A,102.3
202011,2020-11-01,24,JO3A,70.6
202012,2020-12-01,24,JO3A,92.0
202101,2021-01-01,24,JO3A,60.9
202102,2021-02-01,24,JO3A,47.7
202103,2021-03-01,24,JO3A,46.5
202104,2021-04-01,24,JO3A,90.1
202105,2021-05-01,24,JO3A,97.0
202106,2021-06-01,24,JO3A,94.5
202107,2021-07-01,24,JO3A,92.7
202108,2021-08-01,24,JO3A,93.9
202109,2021-09-01,24,JO3A,92.0
202110,2021-10-01,24,JO3A,86.1
202111,2021-11-01,24,JO3A,91.1
202112,2021-12-01,24,JO3A,96.2
202201,2022-01-01,24,JO3A,96.3
202202,2022-02-01,24,JO3A,93.4
202203,2022-03-01,24,JO3A,100.5
202204,2022-04-01,24,JO3A,96.5
202205,2022-05-01,24,JO3A,94.5
202206,2022-06-01,24,JO3A,92.5
202207,2022-07-01,24,JO3A,92.0
202208,2022-08-01,24,JO3A,96.4
202209,2022-09-01,24,JO3A,98.8
202210,2022-10-01,24,JO3A,101.4
202211,2022-11-01,24,JO3A,96.6
202212,2022-12-01,24,JO3A,99.0
202301,2023-01-01,24,JO3A,98.0
202302,2023-02-01,24,JO3A,103.5
202303,2023-03-01,24,JO3A,102.2
202304,2023-04-01,24,JO3A,102.7
202305,2023-05-01,24,JO3A,100.3
202306,2023-06-01,24,JO3A,100.9
202307,2023-07-01,24,JO3A,103.9
202308,2023-08-01,24,JO3A,99.3
202309,2023-09-01,24,JO3A,97.5
202310,2023-10-01,24,JO3A,96.2
202311,2023-11-01,24,JO3A,97.9
202312,2023-12-01,24,JO3A,98.0
202401,2024-01-01,24,JO3A,96.5
202402,2024-02-01,24,JO3A,99.2
202403,2024-03-01,24,JO3A,95.4
202404,2024-04-01,24,JO3A,96.7
202405,2024-05-01,24,JO3A,97.6
202406,2024-06-01,24,JO3A,102.7
202407,2024-07-01,24,JO3A,107.5
202408,2024-08-01,24,JO3A,101.8
202409,2024-09-01,24,JO3A,101.0
202410,2024-10-01,24,JO3A,96.4
202411,2024-11-01,24,JO3A,111.8
202412,2024-12-01,24,JO3A,109.6
202501,2025-01-01,24,JO3A,116.4
202502,2025-02-01,24,JO3A,115.5
202503,2025-03-01,24,JO3A,122.1
202504,2025-04-01,24,JO3A,129.1
202505,2025-05-01,24,JO3A,131.6
202506,2025-06-01,24,JO3A,128.9
202507,2025-07-01,24,JO3A,133.8
202508,2025-08-01,24,JO3A,131.1
202509,2025-09-01,24,JO3A,123.5
202510,2025-10-01,24,JO3A,129.0
202511,2025-11-01,24,JO3A,122.3
202512,2025-12-01,24,JO3A,122.1
202601,2026-01-01,24,JO3A,115.5
202602,2026-02-01,24,JO3A,122.3
202603,2026-03-01,24,JO3A,127.8
202604,2026-04-01,24,JO3A,126.9
202605,2026-05-01,24,JO3A,135.4
202606,2026-06-01,24,JO3A,131.2
198801,1988-01-01,25,JO38,18.4
198802,1988-02-01,25,JO38,17.8
198803,1988-03-01,25,JO38,17.7
198804,1988-04-01,25,JO38,18.4
198805,1988-05-01,25,JO38,18.4
198806,1988-06-01,25,JO38,18.6
198807,1988-07-01,25,JO38,18.8
198808,1988-08-01,25,JO38,19.2
198809,1988-09-01,25,JO38,18.9
198810,1988-10-01,25,JO38,19.7
198811,1988-11-01,25,JO38,19.7
198812,1988-12-01,25,JO38,20.0
198901,1989-01-01,25,JO38,20.3
198902,1989-02-01,25,JO38,20.4
198903,1989-03-01,25,JO38,20.0
198904,1989-04-01,25,JO38,19.9
198905,1989-05-01,25,JO38,20.7
198906,1989-06-01,25,JO38,20.5
198907,1989-07-01,25,JO38,20.5
198908,1989-08-01,25,JO38,21.0
198909,1989-09-01,25,JO38,21.4
198910,1989-10-01,25,JO38,21.5
198911,1989-11-01,25,JO38,21.4
198912,1989-12-01,25,JO38,22.6
199001,1990-01-01,25,JO38,22.5
199002,1990-02-01,25,JO38,22.5
199003,1990-03-01,25,JO38,22.9
199004,1990-04-01,25,JO38,21.9
199005,1990-05-01,25,JO38,22.3
199006,1990-06-01,25,JO38,22.1
199007,1990-07-01,25,JO38,22.6
199008,1990-08-01,25,JO38,22.3
199009,1990-09-01,25,JO38,22.4
199010,1990-10-01,25,JO38,22.5
199011,1990-11-01,25,JO38,22.4
199012,1990-12-01,25,JO38,25.2
199101,1991-01-01,25,JO38,21.2
199102,1991-02-01,25,JO38,21.0
199103,1991-03-01,25,JO38,22.8
199104,1991-04-01,25,JO38,22.9
199105,1991-05-01,25,JO38,21.9
199106,1991-06-01,25,JO38,22.2
199107,1991-07-01,25,JO38,22.4
199108,1991-08-01,25,JO38,21.9
199109,1991-09-01,25,JO38,22.3
199110,1991-10-01,25,JO38,22.4
199111,1991-11-01,25,JO38,23.5
199112,1991-12-01,25,JO38,23.7
199201,1992-01-01,25,JO38,21.0
199202,1992-02-01,25,JO38,21.7
199203,1992-03-01,25,JO38,21.9
199204,1992-04-01,25,JO38,22.7
199205,1992-05-01,25,JO38,23.4
199206,1992-06-01,25,JO38,22.8
199207,1992-07-01,25,JO38,21.9
199208,1992-08-01,25,JO38,22.1
199209,1992-09-01,25,JO38,21.9
199210,1992-10-01,25,JO38,21.3
199211,1992-11-01,25,JO38,21.8
199212,1992-12-01,25,JO38,19.8
199301,1993-01-01,25,JO38,21.8
199302,1993-02-01,25,JO38,22.9
199303,1993-03-01,25,JO38,23.3
199304,1993-04-01,25,JO38,22.6
199305,1993-05-01,25,JO38,23.5
199306,1993-06-01,25,JO38,23.4
199307,1993-07-01,25,JO38,23.3
199308,1993-08-01,25,JO38,23.8
199309,1993-09-01,25,JO38,23.5
199310,1993-10-01,25,JO38,23.7
199311,1993-11-01,25,JO38,24.0
199312,1993-12-01,25,JO38,24.1
199401,1994-01-01,25,JO38,23.9
199402,1994-02-01,25,JO38,23.7
199403,1994-03-01,25,JO38,23.8
199404,1994-04-01,25,JO38,24.2
199405,1994-05-01,25,JO38,24.5
199406,1994-06-01,25,JO38,24.3
199407,1994-07-01,25,JO38,24.3
199408,1994-08-01,25,JO38,24.3
199409,1994-09-01,25,JO38,24.5
199410,1994-10-01,25,JO38,24.9
199411,1994-11-01,25,JO38,24.7
199412,1994-12-01,25,JO38,24.5
199501,1995-01-01,25,JO38,25.0
199502,1995-02-01,25,JO38,25.3
199503,1995-03-01,25,JO38,25.0
199504,1995-04-01,25,JO38,24.4
199505,1995-05-01,25,JO38,23.9
199506,1995-06-01,25,JO38,24.2
199507,1995-07-01,25,JO38,25.5
199508,1995-08-01,25,JO38,25.5
199509,1995-09-01,25,JO38,25.4
199510,1995-10-01,25,JO38,25.9
199511,1995-11-01,25,JO38,25.8
199512,1995-12-01,25,JO38,26.3
199601,1996-01-01,25,JO38,26.2
199602,1996-02-01,25,JO38,26.1
199603,1996-03-01,25,JO38,26.4
199604,1996-04-01,25,JO38,28.0
199605,1996-05-01,25,JO38,27.2
199606,1996-06-01,25,JO38,28.2
199607,1996-07-01,25,JO38,27.5
199608,1996-08-01,25,JO38,27.5
199609,1996-09-01,25,JO38,28.4
199610,1996-10-01,25,JO38,27.6
199611,1996-11-01,25,JO38,27.3
199612,1996-12-01,25,JO38,27.6
199701,1997-01-01,25,JO38,27.5
199702,1997-02-01,25,JO38,28.2
199703,1997-03-01,25,JO38,29.6
199704,1997-04-01,25,JO38,28.3
199705,1997-05-01,25,JO38,27.4
199706,1997-06-01,25,JO38,28.1
199707,1997-07-01,25,JO38,28.0
199708,1997-08-01,25,JO38,27.5
199709,1997-09-01,25,JO38,27.7
199710,1997-10-01,25,JO38,28.4
199711,1997-11-01,25,JO38,28.3
199712,1997-12-01,25,JO38,27.2
199801,1998-01-01,25,JO38,29.6
199802,1998-02-01,25,JO38,30.5
199803,1998-03-01,25,JO38,30.5
199804,1998-04-01,25,JO38,28.8
199805,1998-05-01,25,JO38,31.8
199806,1998-06-01,25,JO38,29.9
199807,1998-07-01,25,JO38,30.1
199808,1998-08-01,25,JO38,30.2
199809,1998-09-01,25,JO38,29.9
199810,1998-10-01,25,JO38,29.5
199811,1998-11-01,25,JO38,30.2
199812,1998-12-01,25,JO38,26.8
199901,1999-01-01,25,JO38,29.9
199902,1999-02-01,25,JO38,29.9
199903,1999-03-01,25,JO38,30.1
199904,1999-04-01,25,JO38,31.0
199905,1999-05-01,25,JO38,32.2
199906,1999-06-01,25,JO38,31.4
199907,1999-07-01,25,JO38,31.4
199908,1999-08-01,25,JO38,31.4
199909,1999-09-01,25,JO38,31.2
199910,1999-10-01,25,JO38,31.2
199911,1999-11-01,25,JO38,31.4
199912,1999-12-01,25,JO38,30.5
200001,2000-01-01,25,JO38,31.1
200002,2000-02-01,25,JO38,30.4
200003,2000-03-01,25,JO38,30.6
200004,2000-04-01,25,JO38,31.2
200005,2000-05-01,25,JO38,31.0
200006,2000-06-01,25,JO38,31.4
200007,2000-07-01,25,JO38,32.4
200008,2000-08-01,25,JO38,33.0
200009,2000-09-01,25,JO38,32.7
200010,2000-10-01,25,JO38,33.7
200011,2000-11-01,25,JO38,32.8
200012,2000-12-01,25,JO38,33.9
200101,2001-01-01,25,JO38,33.2
200102,2001-02-01,25,JO38,33.4
200103,2001-03-01,25,JO38,31.7
200104,2001-04-01,25,JO38,33.1
200105,2001-05-01,25,JO38,34.6
200106,2001-06-01,25,JO38,35.9
200107,2001-07-01,25,JO38,35.7
200108,2001-08-01,25,JO38,36.3
200109,2001-09-01,25,JO38,36.3
200110,2001-10-01,25,JO38,36.3
200111,2001-11-01,25,JO38,35.8
200112,2001-12-01,25,JO38,38.7
200201,2002-01-01,25,JO38,36.9
200202,2002-02-01,25,JO38,37.0
200203,2002-03-01,25,JO38,37.8
200204,2002-04-01,25,JO38,40.0
200205,2002-05-01,25,JO38,37.8
200206,2002-06-01,25,JO38,36.2
200207,2002-07-01,25,JO38,36.7
200208,2002-08-01,25,JO38,36.3
200209,2002-09-01,25,JO38,37.2
200210,2002-10-01,25,JO38,37.2
200211,2002-11-01,25,JO38,39.1
200212,2002-12-01,25,JO38,38.9
200301,2003-01-01,25,JO38,39.4
200302,2003-02-01,25,JO38,40.2
200303,2003-03-01,25,JO38,41.3
200304,2003-04-01,25,JO38,40.5
200305,2003-05-01,25,JO38,39.6
200306,2003-06-01,25,JO38,39.4
200307,2003-07-01,25,JO38,40.0
200308,2003-08-01,25,JO38,40.2
200309,2003-09-01,25,JO38,40.7
200310,2003-10-01,25,JO38,41.3
200311,2003-11-01,25,JO38,41.8
200312,2003-12-01,25,JO38,39.4
200401,2004-01-01,25,JO38,41.7
200402,2004-02-01,25,JO38,42.3
200403,2004-03-01,25,JO38,42.3
200404,2004-04-01,25,JO38,41.7
200405,2004-05-01,25,JO38,42.0
200406,2004-06-01,25,JO38,42.9
200407,2004-07-01,25,JO38,42.4
200408,2004-08-01,25,JO38,41.3
200409,2004-09-01,25,JO38,42.2
200410,2004-10-01,25,JO38,41.0
200411,2004-11-01,25,JO38,41.0
200412,2004-12-01,25,JO38,40.9
200501,2005-01-01,25,JO38,39.8
200502,2005-02-01,25,JO38,40.4
200503,2005-03-01,25,JO38,40.9
200504,2005-04-01,25,JO38,40.9
200505,2005-05-01,25,JO38,41.0
200506,2005-06-01,25,JO38,41.3
200507,2005-07-01,25,JO38,42.0
200508,2005-08-01,25,JO38,42.9
200509,2005-09-01,25,JO38,42.2
200510,2005-10-01,25,JO38,42.1
200511,2005-11-01,25,JO38,41.2
200512,2005-12-01,25,JO38,39.7
200601,2006-01-01,25,JO38,42.1
200602,2006-02-01,25,JO38,41.8
200603,2006-03-01,25,JO38,40.4
200604,2006-04-01,25,JO38,41.3
200605,2006-05-01,25,JO38,41.8
200606,2006-06-01,25,JO38,42.2
200607,2006-07-01,25,JO38,41.4
200608,2006-08-01,25,JO38,40.8
200609,2006-09-01,25,JO38,40.3
200610,2006-10-01,25,JO38,41.1
200611,2006-11-01,25,JO38,40.5
200612,2006-12-01,25,JO38,40.7
200701,2007-01-01,25,JO38,37.9
200702,2007-02-01,25,JO38,40.5
200703,2007-03-01,25,JO38,41.9
200704,2007-04-01,25,JO38,42.3
200705,2007-05-01,25,JO38,42.2
200706,2007-06-01,25,JO38,41.6
200707,2007-07-01,25,JO38,40.6
200708,2007-08-01,25,JO38,40.7
200709,2007-09-01,25,JO38,40.3
200710,2007-10-01,25,JO38,40.9
200711,2007-11-01,25,JO38,41.2
200712,2007-12-01,25,JO38,44.3
200801,2008-01-01,25,JO38,41.7
200802,2008-02-01,25,JO38,47.3
200803,2008-03-01,25,JO38,44.3
200804,2008-04-01,25,JO38,43.2
200805,2008-05-01,25,JO38,47.2
200806,2008-06-01,25,JO38,45.6
200807,2008-07-01,25,JO38,45.4
200808,2008-08-01,25,JO38,46.4
200809,2008-09-01,25,JO38,47.3
200810,2008-10-01,25,JO38,47.3
200811,2008-11-01,25,JO38,48.4
200812,2008-12-01,25,JO38,48.5
200901,2009-01-01,25,JO38,51.5
200902,2009-02-01,25,JO38,47.8
200903,2009-03-01,25,JO38,47.0
200904,2009-04-01,25,JO38,46.3
200905,2009-05-01,25,JO38,47.0
200906,2009-06-01,25,JO38,49.6
200907,2009-07-01,25,JO38,51.0
200908,2009-08-01,25,JO38,51.3
200909,2009-09-01,25,JO38,51.5
200910,2009-10-01,25,JO38,50.3
200911,2009-11-01,25,JO38,51.1
200912,2009-12-01,25,JO38,39.8
201001,2010-01-01,25,JO38,43.2
201002,2010-02-01,25,JO38,44.2
201003,2010-03-01,25,JO38,46.2
201004,2010-04-01,25,JO38,47.3
201005,2010-05-01,25,JO38,46.8
201006,2010-06-01,25,JO38,47.4
201007,2010-07-01,25,JO38,48.7
201008,2010-08-01,25,JO38,49.4
201009,2010-09-01,25,JO38,52.4
201010,2010-10-01,25,JO38,53.9
201011,2010-11-01,25,JO38,54.5
201012,2010-12-01,25,JO38,53.3
201101,2011-01-01,25,JO38,52.2
201102,2011-02-01,25,JO38,51.3
201103,2011-03-01,25,JO38,49.2
201104,2011-04-01,25,JO38,53.2
201105,2011-05-01,25,JO38,54.4
201106,2011-06-01,25,JO38,52.0
201107,2011-07-01,25,JO38,52.7
201108,2011-08-01,25,JO38,52.3
201109,2011-09-01,25,JO38,51.3
201110,2011-10-01,25,JO38,52.7
201111,2011-11-01,25,JO38,53.3
201112,2011-12-01,25,JO38,53.7
201201,2012-01-01,25,JO38,54.6
201202,2012-02-01,25,JO38,53.8
201203,2012-03-01,25,JO38,53.7
201204,2012-04-01,25,JO38,54.2
201205,2012-05-01,25,JO38,54.0
201206,2012-06-01,25,JO38,58.8
201207,2012-07-01,25,JO38,57.8
201208,2012-08-01,25,JO38,60.0
201209,2012-09-01,25,JO38,59.2
201210,2012-10-01,25,JO38,59.9
201211,2012-11-01,25,JO38,56.2
201212,2012-12-01,25,JO38,58.0
201301,2013-01-01,25,JO38,58.4
201302,2013-02-01,25,JO38,60.3
201303,2013-03-01,25,JO38,58.2
201304,2013-04-01,25,JO38,54.1
201305,2013-05-01,25,JO38,54.3
201306,2013-06-01,25,JO38,57.0
201307,2013-07-01,25,JO38,58.6
201308,2013-08-01,25,JO38,59.9
201309,2013-09-01,25,JO38,61.0
201310,2013-10-01,25,JO38,60.7
201311,2013-11-01,25,JO38,62.9
201312,2013-12-01,25,JO38,61.1
201401,2014-01-01,25,JO38,65.5
201402,2014-02-01,25,JO38,66.8
201403,2014-03-01,25,JO38,67.1
201404,2014-04-01,25,JO38,68.1
201405,2014-05-01,25,JO38,71.1
201406,2014-06-01,25,JO38,70.8
201407,2014-07-01,25,JO38,71.8
201408,2014-08-01,25,JO38,70.7
201409,2014-09-01,25,JO38,67.2
201410,2014-10-01,25,JO38,69.9
201411,2014-11-01,25,JO38,69.4
201412,2014-12-01,25,JO38,70.5
201501,2015-01-01,25,JO38,69.7
201502,2015-02-01,25,JO38,73.4
201503,2015-03-01,25,JO38,73.3
201504,2015-04-01,25,JO38,73.6
201505,2015-05-01,25,JO38,72.1
201506,2015-06-01,25,JO38,69.4
201507,2015-07-01,25,JO38,71.7
201508,2015-08-01,25,JO38,69.9
201509,2015-09-01,25,JO38,71.4
201510,2015-10-01,25,JO38,69.8
201511,2015-11-01,25,JO38,69.9
201512,2015-12-01,25,JO38,69.8
201601,2016-01-01,25,JO38,73.1
201602,2016-02-01,25,JO38,70.3
201603,2016-03-01,25,JO38,71.3
201604,2016-04-01,25,JO38,73.5
201605,2016-05-01,25,JO38,71.9
201606,2016-06-01,25,JO38,76.2
201607,2016-07-01,25,JO38,75.5
201608,2016-08-01,25,JO38,70.2
201609,2016-09-01,25,JO38,75.5
201610,2016-10-01,25,JO38,73.1
201611,2016-11-01,25,JO38,72.4
201612,2016-12-01,25,JO38,73.5
201701,2017-01-01,25,JO38,70.6
201702,2017-02-01,25,JO38,70.0
201703,2017-03-01,25,JO38,60.3
201704,2017-04-01,25,JO38,76.6
201705,2017-05-01,25,JO38,74.4
201706,2017-06-01,25,JO38,71.1
201707,2017-07-01,25,JO38,70.7
201708,2017-08-01,25,JO38,73.7
201709,2017-09-01,25,JO38,72.8
201710,2017-10-01,25,JO38,75.7
201711,2017-11-01,25,JO38,75.4
201712,2017-12-01,25,JO38,77.9
201801,2018-01-01,25,JO38,74.1
201802,2018-02-01,25,JO38,76.9
201803,2018-03-01,25,JO38,71.3
201804,2018-04-01,25,JO38,72.1
201805,2018-05-01,25,JO38,75.0
201806,2018-06-01,25,JO38,75.3
201807,2018-07-01,25,JO38,67.3
201808,2018-08-01,25,JO38,74.1
201809,2018-09-01,25,JO38,80.5
201810,2018-10-01,25,JO38,75.4
201811,2018-11-01,25,JO38,89.9
201812,2018-12-01,25,JO38,73.8
201901,2019-01-01,25,JO38,83.1
201902,2019-02-01,25,JO38,78.0
201903,2019-03-01,25,JO38,81.2
201904,2019-04-01,25,JO38,73.0
201905,2019-05-01,25,JO38,83.9
201906,2019-06-01,25,JO38,86.3
201907,2019-07-01,25,JO38,90.2
201908,2019-08-01,25,JO38,94.7
201909,2019-09-01,25,JO38,91.2
201910,2019-10-01,25,JO38,85.1
201911,2019-11-01,25,JO38,88.7
201912,2019-12-01,25,JO38,89.7
202001,2020-01-01,25,JO38,92.0
202002,2020-02-01,25,JO38,87.8
202003,2020-03-01,25,JO38,64.4
202004,2020-04-01,25,JO38,39.4
202005,2020-05-01,25,JO38,47.0
202006,2020-06-01,25,JO38,73.1
202007,2020-07-01,25,JO38,84.2
202008,2020-08-01,25,JO38,87.4
202009,2020-09-01,25,JO38,88.8
202010,2020-10-01,25,JO38,121.2
202011,2020-11-01,25,JO38,96.6
202012,2020-12-01,25,JO38,107.9
202101,2021-01-01,25,JO38,75.1
202102,2021-02-01,25,JO38,70.6
202103,2021-03-01,25,JO38,77.5
202104,2021-04-01,25,JO38,111.4
202105,2021-05-01,25,JO38,117.1
202106,2021-06-01,25,JO38,106.0
202107,2021-07-01,25,JO38,106.1
202108,2021-08-01,25,JO38,105.0
202109,2021-09-01,25,JO38,108.0
202110,2021-10-01,25,JO38,111.3
202111,2021-11-01,25,JO38,111.4
202112,2021-12-01,25,JO38,102.9
202201,2022-01-01,25,JO38,102.4
202202,2022-02-01,25,JO38,109.5
202203,2022-03-01,25,JO38,106.1
202204,2022-04-01,25,JO38,105.9
202205,2022-05-01,25,JO38,104.6
202206,2022-06-01,25,JO38,108.7
202207,2022-07-01,25,JO38,111.3
202208,2022-08-01,25,JO38,100.3
202209,2022-09-01,25,JO38,103.5
202210,2022-10-01,25,JO38,107.0
202211,2022-11-01,25,JO38,102.2
202212,2022-12-01,25,JO38,100.8
202301,2023-01-01,25,JO38,98.2
202302,2023-02-01,25,JO38,97.7
202303,2023-03-01,25,JO38,98.1
202304,2023-04-01,25,JO38,101.8
202305,2023-05-01,25,JO38,103.4
202306,2023-06-01,25,JO38,103.6
202307,2023-07-01,25,JO38,104.1
202308,2023-08-01,25,JO38,100.1
202309,2023-09-01,25,JO38,99.2
202310,2023-10-01,25,JO38,98.3
202311,2023-11-01,25,JO38,102.4
202312,2023-12-01,25,JO38,94.3
202401,2024-01-01,25,JO38,106.5
202402,2024-02-01,25,JO38,104.9
202403,2024-03-01,25,JO38,105.5
202404,2024-04-01,25,JO38,110.6
202405,2024-05-01,25,JO38,112.9
202406,2024-06-01,25,JO38,115.9
202407,2024-07-01,25,JO38,114.5
202408,2024-08-01,25,JO38,119.6
202409,2024-09-01,25,JO38,120.9
202410,2024-10-01,25,JO38,118.3
202411,2024-11-01,25,JO38,121.0
202412,2024-12-01,25,JO38,122.3
202501,2025-01-01,25,JO38,116.6
202502,2025-02-01,25,JO38,123.5
202503,2025-03-01,25,JO38,123.4
202504,2025-04-01,25,JO38,118.0
202505,2025-05-01,25,JO38,114.3
202506,2025-06-01,25,JO38,113.2
202507,2025-07-01,25,JO38,117.0
202508,2025-08-01,25,JO38,118.0
202509,2025-09-01,25,JO38,120.0
202510,2025-10-01,25,JO38,115.8
202511,2025-11-01,25,JO38,113.7
202512,2025-12-01,25,JO38,117.0
202601,2026-01-01,25,JO38,115.6
202602,2026-02-01,25,JO38,113.7
202603,2026-03-01,25,JO38,115.0
202604,2026-04-01,25,JO38,111.5
202605,2026-05-01,25,JO38,114.1
202606,2026-06-01,25,JO38,113.8
198801,1988-01-01,26,JO2T,18.4
198802,1988-02-01,26,JO2T,17.9
198803,1988-03-01,26,JO2T,18.0
198804,1988-04-01,26,JO2T,18.5
198805,1988-05-01,26,JO2T,18.6
198806,1988-06-01,26,JO2T,18.7
198807,1988-07-01,26,JO2T,19.0
198808,1988-08-01,26,JO2T,19.3
198809,1988-09-01,26,JO2T,19.0
198810,1988-10-01,26,JO2T,20.0
198811,1988-11-01,26,JO2T,20.0
198812,1988-12-01,26,JO2T,20.6
198901,1989-01-01,26,JO2T,20.9
198902,1989-02-01,26,JO2T,20.8
198903,1989-03-01,26,JO2T,21.0
198904,1989-04-01,26,JO2T,19.9
198905,1989-05-01,26,JO2T,20.8
198906,1989-06-01,26,JO2T,20.4
198907,1989-07-01,26,JO2T,20.5
198908,1989-08-01,26,JO2T,20.8
198909,1989-09-01,26,JO2T,21.4
198910,1989-10-01,26,JO2T,21.8
198911,1989-11-01,26,JO2T,21.8
198912,1989-12-01,26,JO2T,22.9
199001,1990-01-01,26,JO2T,23.4
199002,1990-02-01,26,JO2T,23.0
199003,1990-03-01,26,JO2T,23.7
199004,1990-04-01,26,JO2T,23.0
199005,1990-05-01,26,JO2T,22.0
199006,1990-06-01,26,JO2T,21.6
199007,1990-07-01,26,JO2T,22.5
199008,1990-08-01,26,JO2T,21.9
199009,1990-09-01,26,JO2T,22.3
199010,1990-10-01,26,JO2T,23.2
199011,1990-11-01,26,JO2T,23.3
199012,1990-12-01,26,JO2T,24.8
199101,1991-01-01,26,JO2T,21.8
199102,1991-02-01,26,JO2T,21.0
199103,1991-03-01,26,JO2T,22.0
199104,1991-04-01,26,JO2T,21.9
199105,1991-05-01,26,JO2T,23.2
199106,1991-06-01,26,JO2T,23.4
199107,1991-07-01,26,JO2T,23.1
199108,1991-08-01,26,JO2T,23.1
199109,1991-09-01,26,JO2T,23.1
199110,1991-10-01,26,JO2T,22.4
199111,1991-11-01,26,JO2T,23.0
199112,1991-12-01,26,JO2T,23.1
199201,1992-01-01,26,JO2T,21.1
199202,1992-02-01,26,JO2T,21.8
199203,1992-03-01,26,JO2T,21.4
199204,1992-04-01,26,JO2T,22.9
199205,1992-05-01,26,JO2T,23.9
199206,1992-06-01,26,JO2T,23.2
199207,1992-07-01,26,JO2T,22.1
199208,1992-08-01,26,JO2T,22.5
199209,1992-09-01,26,JO2T,22.1
199210,1992-10-01,26,JO2T,21.3
199211,1992-11-01,26,JO2T,21.6
199212,1992-12-01,26,JO2T,21.3
199301,1993-01-01,26,JO2T,22.2
199302,1993-02-01,26,JO2T,23.3
199303,1993-03-01,26,JO2T,23.2
199304,1993-04-01,26,JO2T,23.4
199305,1993-05-01,26,JO2T,23.9
199306,1993-06-01,26,JO2T,23.7
199307,1993-07-01,26,JO2T,23.6
199308,1993-08-01,26,JO2T,24.1
199309,1993-09-01,26,JO2T,23.8
199310,1993-10-01,26,JO2T,24.0
199311,1993-11-01,26,JO2T,24.2
199312,1993-12-01,26,JO2T,23.8
199401,1994-01-01,26,JO2T,24.6
199402,1994-02-01,26,JO2T,24.2
199403,1994-03-01,26,JO2T,24.7
199404,1994-04-01,26,JO2T,24.3
199405,1994-05-01,26,JO2T,24.3
199406,1994-06-01,26,JO2T,24.2
199407,1994-07-01,26,JO2T,24.3
199408,1994-08-01,26,JO2T,24.1
199409,1994-09-01,26,JO2T,24.5
199410,1994-10-01,26,JO2T,25.0
199411,1994-11-01,26,JO2T,24.9
199412,1994-12-01,26,JO2T,25.8
199501,1995-01-01,26,JO2T,25.5
199502,1995-02-01,26,JO2T,25.6
199503,1995-03-01,26,JO2T,25.5
199504,1995-04-01,26,JO2T,25.3
199505,1995-05-01,26,JO2T,23.2
199506,1995-06-01,26,JO2T,23.8
199507,1995-07-01,26,JO2T,25.2
199508,1995-08-01,26,JO2T,24.9
199509,1995-09-01,26,JO2T,25.4
199510,1995-10-01,26,JO2T,26.4
199511,1995-11-01,26,JO2T,26.7
199512,1995-12-01,26,JO2T,28.0
199601,1996-01-01,26,JO2T,26.4
199602,1996-02-01,26,JO2T,25.9
199603,1996-03-01,26,JO2T,25.2
199604,1996-04-01,26,JO2T,27.5
199605,1996-05-01,26,JO2T,28.1
199606,1996-06-01,26,JO2T,29.6
199607,1996-07-01,26,JO2T,28.2
199608,1996-08-01,26,JO2T,28.7
199609,1996-09-01,26,JO2T,29.5
199610,1996-10-01,26,JO2T,27.8
199611,1996-11-01,26,JO2T,27.1
199612,1996-12-01,26,JO2T,27.6
199701,1997-01-01,26,JO2T,27.5
199702,1997-02-01,26,JO2T,28.5
199703,1997-03-01,26,JO2T,29.2
199704,1997-04-01,26,JO2T,27.9
199705,1997-05-01,26,JO2T,28.0
199706,1997-06-01,26,JO2T,29.0
199707,1997-07-01,26,JO2T,28.5
199708,1997-08-01,26,JO2T,28.2
199709,1997-09-01,26,JO2T,28.3
199710,1997-10-01,26,JO2T,28.3
199711,1997-11-01,26,JO2T,28.0
199712,1997-12-01,26,JO2T,28.6
199801,1998-01-01,26,JO2T,29.4
199802,1998-02-01,26,JO2T,30.6
199803,1998-03-01,26,JO2T,29.3
199804,1998-04-01,26,JO2T,29.8
199805,1998-05-01,26,JO2T,32.1
199806,1998-06-01,26,JO2T,30.3
199807,1998-07-01,26,JO2T,30.2
199808,1998-08-01,26,JO2T,30.5
199809,1998-09-01,26,JO2T,30.2
199810,1998-10-01,26,JO2T,29.5
199811,1998-11-01,26,JO2T,30.1
199812,1998-12-01,26,JO2T,29.7
199901,1999-01-01,26,JO2T,30.0
199902,1999-02-01,26,JO2T,30.3
199903,1999-03-01,26,JO2T,30.7
199904,1999-04-01,26,JO2T,31.3
199905,1999-05-01,26,JO2T,32.8
199906,1999-06-01,26,JO2T,31.8
199907,1999-07-01,26,JO2T,31.7
199908,1999-08-01,26,JO2T,31.7
199909,1999-09-01,26,JO2T,31.6
199910,1999-10-01,26,JO2T,31.5
199911,1999-11-01,26,JO2T,31.7
199912,1999-12-01,26,JO2T,30.7
200001,2000-01-01,26,JO2T,31.4
200002,2000-02-01,26,JO2T,30.8
200003,2000-03-01,26,JO2T,31.8
200004,2000-04-01,26,JO2T,32.5
200005,2000-05-01,26,JO2T,30.9
200006,2000-06-01,26,JO2T,30.9
200007,2000-07-01,26,JO2T,32.2
200008,2000-08-01,26,JO2T,32.5
200009,2000-09-01,26,JO2T,32.4
200010,2000-10-01,26,JO2T,33.9
200011,2000-11-01,26,JO2T,33.3
200012,2000-12-01,26,JO2T,35.8
200101,2001-01-01,26,JO2T,34.1
200102,2001-02-01,26,JO2T,34.0
200103,2001-03-01,26,JO2T,33.7
200104,2001-04-01,26,JO2T,34.6
200105,2001-05-01,26,JO2T,34.1
200106,2001-06-01,26,JO2T,35.1
200107,2001-07-01,26,JO2T,35.7
200108,2001-08-01,26,JO2T,35.7
200109,2001-09-01,26,JO2T,36.3
200110,2001-10-01,26,JO2T,37.4
200111,2001-11-01,26,JO2T,37.8
200112,2001-12-01,26,JO2T,39.8
200201,2002-01-01,26,JO2T,37.8
200202,2002-02-01,26,JO2T,37.1
200203,2002-03-01,26,JO2T,37.4
200204,2002-04-01,26,JO2T,38.2
200205,2002-05-01,26,JO2T,40.1
200206,2002-06-01,26,JO2T,38.3
200207,2002-07-01,26,JO2T,38.3
200208,2002-08-01,26,JO2T,38.6
200209,2002-09-01,26,JO2T,39.1
200210,2002-10-01,26,JO2T,37.8
200211,2002-11-01,26,JO2T,39.5
200212,2002-12-01,26,JO2T,39.9
200301,2003-01-01,26,JO2T,40.0
200302,2003-02-01,26,JO2T,41.2
200303,2003-03-01,26,JO2T,40.9
200304,2003-04-01,26,JO2T,40.6
200305,2003-05-01,26,JO2T,41.8
200306,2003-06-01,26,JO2T,41.3
200307,2003-07-01,26,JO2T,41.4
200308,2003-08-01,26,JO2T,42.1
200309,2003-09-01,26,JO2T,42.3
200310,2003-10-01,26,JO2T,42.1
200311,2003-11-01,26,JO2T,42.7
200312,2003-12-01,26,JO2T,43.1
200401,2004-01-01,26,JO2T,43.5
200402,2004-02-01,26,JO2T,43.9
200403,2004-03-01,26,JO2T,43.4
200404,2004-04-01,26,JO2T,43.3
200405,2004-05-01,26,JO2T,43.7
200406,2004-06-01,26,JO2T,44.5
200407,2004-07-01,26,JO2T,44.0
200408,2004-08-01,26,JO2T,43.0
200409,2004-09-01,26,JO2T,44.0
200410,2004-10-01,26,JO2T,43.1
200411,2004-11-01,26,JO2T,43.1
200412,2004-12-01,26,JO2T,43.3
200501,2005-01-01,26,JO2T,43.3
200502,2005-02-01,26,JO2T,42.3
200503,2005-03-01,26,JO2T,44.2
200504,2005-04-01,26,JO2T,40.3
200505,2005-05-01,26,JO2T,41.6
200506,2005-06-01,26,JO2T,42.0
200507,2005-07-01,26,JO2T,42.9
200508,2005-08-01,26,JO2T,43.9
200509,2005-09-01,26,JO2T,43.6
200510,2005-10-01,26,JO2T,43.9
200511,2005-11-01,26,JO2T,44.1
200512,2005-12-01,26,JO2T,45.6
200601,2006-01-01,26,JO2T,48.0
200602,2006-02-01,26,JO2T,45.7
200603,2006-03-01,26,JO2T,44.5
200604,2006-04-01,26,JO2T,45.6
200605,2006-05-01,26,JO2T,45.6
200606,2006-06-01,26,JO2T,47.2
200607,2006-07-01,26,JO2T,47.5
200608,2006-08-01,26,JO2T,48.3
200609,2006-09-01,26,JO2T,49.2
200610,2006-10-01,26,JO2T,51.6
200611,2006-11-01,26,JO2T,53.2
200612,2006-12-01,26,JO2T,55.9
200701,2007-01-01,26,JO2T,53.8
200702,2007-02-01,26,JO2T,54.8
200703,2007-03-01,26,JO2T,57.5
200704,2007-04-01,26,JO2T,57.3
200705,2007-05-01,26,JO2T,54.9
200706,2007-06-01,26,JO2T,55.8
200707,2007-07-01,26,JO2T,56.6
200708,2007-08-01,26,JO2T,58.1
200709,2007-09-01,26,JO2T,59.6
200710,2007-10-01,26,JO2T,63.7
200711,2007-11-01,26,JO2T,66.8
200712,2007-12-01,26,JO2T,67.9
200801,2008-01-01,26,JO2T,69.3
200802,2008-02-01,26,JO2T,73.1
200803,2008-03-01,26,JO2T,64.9
200804,2008-04-01,26,JO2T,62.1
200805,2008-05-01,26,JO2T,73.3
200806,2008-06-01,26,JO2T,73.3
200807,2008-07-01,26,JO2T,75.5
200808,2008-08-01,26,JO2T,76.5
200809,2008-09-01,26,JO2T,79.3
200810,2008-10-01,26,JO2T,74.1
200811,2008-11-01,26,JO2T,74.4
200812,2008-12-01,26,JO2T,75.2
200901,2009-01-01,26,JO2T,55.8
200902,2009-02-01,26,JO2T,49.7
200903,2009-03-01,26,JO2T,43.9
200904,2009-04-01,26,JO2T,41.2
200905,2009-05-01,26,JO2T,42.2
200906,2009-06-01,26,JO2T,45.1
200907,2009-07-01,26,JO2T,44.7
200908,2009-08-01,26,JO2T,45.5
200909,2009-09-01,26,JO2T,45.2
200910,2009-10-01,26,JO2T,49.3
200911,2009-11-01,26,JO2T,51.1
200912,2009-12-01,26,JO2T,53.0
201001,2010-01-01,26,JO2T,46.7
201002,2010-02-01,26,JO2T,53.0
201003,2010-03-01,26,JO2T,52.9
201004,2010-04-01,26,JO2T,54.5
201005,2010-05-01,26,JO2T,54.8
201006,2010-06-01,26,JO2T,53.7
201007,2010-07-01,26,JO2T,56.8
201008,2010-08-01,26,JO2T,57.1
201009,2010-09-01,26,JO2T,55.1
201010,2010-10-01,26,JO2T,54.6
201011,2010-11-01,26,JO2T,52.5
201012,2010-12-01,26,JO2T,49.3
201101,2011-01-01,26,JO2T,52.4
201102,2011-02-01,26,JO2T,55.1
201103,2011-03-01,26,JO2T,63.4
201104,2011-04-01,26,JO2T,73.0
201105,2011-05-01,26,JO2T,63.7
201106,2011-06-01,26,JO2T,56.5
201107,2011-07-01,26,JO2T,55.3
201108,2011-08-01,26,JO2T,54.9
201109,2011-09-01,26,JO2T,55.0
201110,2011-10-01,26,JO2T,57.0
201111,2011-11-01,26,JO2T,57.0
201112,2011-12-01,26,JO2T,56.3
201201,2012-01-01,26,JO2T,60.9
201202,2012-02-01,26,JO2T,59.2
201203,2012-03-01,26,JO2T,76.9
201204,2012-04-01,26,JO2T,60.5
201205,2012-05-01,26,JO2T,58.2
201206,2012-06-01,26,JO2T,60.2
201207,2012-07-01,26,JO2T,57.0
201208,2012-08-01,26,JO2T,58.0
201209,2012-09-01,26,JO2T,59.5
201210,2012-10-01,26,JO2T,56.7
201211,2012-11-01,26,JO2T,60.4
201212,2012-12-01,26,JO2T,59.0
201301,2013-01-01,26,JO2T,59.2
201302,2013-02-01,26,JO2T,58.1
201303,2013-03-01,26,JO2T,57.8
201304,2013-04-01,26,JO2T,58.8
201305,2013-05-01,26,JO2T,64.6
201306,2013-06-01,26,JO2T,63.5
201307,2013-07-01,26,JO2T,66.3
201308,2013-08-01,26,JO2T,66.0
201309,2013-09-01,26,JO2T,66.1
201310,2013-10-01,26,JO2T,66.2
201311,2013-11-01,26,JO2T,64.4
201312,2013-12-01,26,JO2T,57.1
201401,2014-01-01,26,JO2T,66.6
201402,2014-02-01,26,JO2T,69.6
201403,2014-03-01,26,JO2T,70.9
201404,2014-04-01,26,JO2T,66.5
201405,2014-05-01,26,JO2T,64.7
201406,2014-06-01,26,JO2T,62.5
201407,2014-07-01,26,JO2T,64.2
201408,2014-08-01,26,JO2T,60.2
201409,2014-09-01,26,JO2T,64.5
201410,2014-10-01,26,JO2T,65.8
201411,2014-11-01,26,JO2T,67.8
201412,2014-12-01,26,JO2T,67.2
201501,2015-01-01,26,JO2T,80.3
201502,2015-02-01,26,JO2T,73.6
201503,2015-03-01,26,JO2T,69.4
201504,2015-04-01,26,JO2T,80.5
201505,2015-05-01,26,JO2T,76.5
201506,2015-06-01,26,JO2T,76.3
201507,2015-07-01,26,JO2T,70.7
201508,2015-08-01,26,JO2T,73.0
201509,2015-09-01,26,JO2T,71.6
201510,2015-10-01,26,JO2T,71.1
201511,2015-11-01,26,JO2T,70.8
201512,2015-12-01,26,JO2T,72.9
201601,2016-01-01,26,JO2T,68.1
201602,2016-02-01,26,JO2T,68.5
201603,2016-03-01,26,JO2T,70.2
201604,2016-04-01,26,JO2T,69.7
201605,2016-05-01,26,JO2T,78.3
201606,2016-06-01,26,JO2T,73.6
201607,2016-07-01,26,JO2T,73.0
201608,2016-08-01,26,JO2T,75.7
201609,2016-09-01,26,JO2T,72.9
201610,2016-10-01,26,JO2T,74.4
201611,2016-11-01,26,JO2T,75.6
201612,2016-12-01,26,JO2T,72.0
201701,2017-01-01,26,JO2T,69.1
201702,2017-02-01,26,JO2T,68.6
201703,2017-03-01,26,JO2T,75.7
201704,2017-04-01,26,JO2T,82.8
201705,2017-05-01,26,JO2T,73.7
201706,2017-06-01,26,JO2T,67.4
201707,2017-07-01,26,JO2T,75.5
201708,2017-08-01,26,JO2T,73.8
201709,2017-09-01,26,JO2T,70.5
201710,2017-10-01,26,JO2T,71.2
201711,2017-11-01,26,JO2T,71.3
201712,2017-12-01,26,JO2T,72.8
201801,2018-01-01,26,JO2T,77.5
201802,2018-02-01,26,JO2T,75.7
201803,2018-03-01,26,JO2T,70.8
201804,2018-04-01,26,JO2T,74.6
201805,2018-05-01,26,JO2T,76.1
201806,2018-06-01,26,JO2T,77.5
201807,2018-07-01,26,JO2T,74.1
201808,2018-08-01,26,JO2T,74.7
201809,2018-09-01,26,JO2T,80.2
201810,2018-10-01,26,JO2T,86.5
201811,2018-11-01,26,JO2T,73.9
201812,2018-12-01,26,JO2T,75.8
201901,2019-01-01,26,JO2T,77.3
201902,2019-02-01,26,JO2T,79.5
201903,2019-03-01,26,JO2T,80.1
201904,2019-04-01,26,JO2T,76.3
201905,2019-05-01,26,JO2T,74.8
201906,2019-06-01,26,JO2T,72.7
201907,2019-07-01,26,JO2T,77.5
201908,2019-08-01,26,JO2T,75.3
201909,2019-09-01,26,JO2T,73.9
201910,2019-10-01,26,JO2T,71.5
201911,2019-11-01,26,JO2T,77.2
201912,2019-12-01,26,JO2T,79.8
202001,2020-01-01,26,JO2T,85.2
202002,2020-02-01,26,JO2T,68.8
202003,2020-03-01,26,JO2T,71.9
202004,2020-04-01,26,JO2T,39.2
202005,2020-05-01,26,JO2T,78.2
202006,2020-06-01,26,JO2T,92.0
202007,2020-07-01,26,JO2T,88.9
202008,2020-08-01,26,JO2T,90.0
202009,2020-09-01,26,JO2T,94.2
202010,2020-10-01,26,JO2T,92.7
202011,2020-11-01,26,JO2T,92.3
202012,2020-12-01,26,JO2T,88.2
202101,2021-01-01,26,JO2T,80.1
202102,2021-02-01,26,JO2T,92.5
202103,2021-03-01,26,JO2T,118.9
202104,2021-04-01,26,JO2T,102.5
202105,2021-05-01,26,JO2T,95.1
202106,2021-06-01,26,JO2T,101.2
202107,2021-07-01,26,JO2T,99.8
202108,2021-08-01,26,JO2T,101.0
202109,2021-09-01,26,JO2T,100.3
202110,2021-10-01,26,JO2T,106.5
202111,2021-11-01,26,JO2T,102.5
202112,2021-12-01,26,JO2T,97.5
202201,2022-01-01,26,JO2T,121.2
202202,2022-02-01,26,JO2T,108.5
202203,2022-03-01,26,JO2T,104.1
202204,2022-04-01,26,JO2T,97.1
202205,2022-05-01,26,JO2T,95.4
202206,2022-06-01,26,JO2T,97.1
202207,2022-07-01,26,JO2T,104.7
202208,2022-08-01,26,JO2T,108.7
202209,2022-09-01,26,JO2T,106.7
202210,2022-10-01,26,JO2T,107.5
202211,2022-11-01,26,JO2T,108.2
202212,2022-12-01,26,JO2T,101.2
202301,2023-01-01,26,JO2T,89.9
202302,2023-02-01,26,JO2T,101.6
202303,2023-03-01,26,JO2T,97.5
202304,2023-04-01,26,JO2T,102.7
202305,2023-05-01,26,JO2T,112.6
202306,2023-06-01,26,JO2T,104.2
202307,2023-07-01,26,JO2T,99.4
202308,2023-08-01,26,JO2T,96.3
202309,2023-09-01,26,JO2T,97.9
202310,2023-10-01,26,JO2T,99.4
202311,2023-11-01,26,JO2T,97.8
202312,2023-12-01,26,JO2T,100.7
202401,2024-01-01,26,JO2T,102.1
202402,2024-02-01,26,JO2T,98.4
202403,2024-03-01,26,JO2T,100.6
202404,2024-04-01,26,JO2T,97.6
202405,2024-05-01,26,JO2T,103.6
202406,2024-06-01,26,JO2T,101.9
202407,2024-07-01,26,JO2T,100.0
202408,2024-08-01,26,JO2T,102.0
202409,2024-09-01,26,JO2T,101.1
202410,2024-10-01,26,JO2T,97.2
202411,2024-11-01,26,JO2T,102.3
202412,2024-12-01,26,JO2T,103.5
202501,2025-01-01,26,JO2T,99.0
202502,2025-02-01,26,JO2T,95.6
202503,2025-03-01,26,JO2T,102.9
202504,2025-04-01,26,JO2T,105.5
202505,2025-05-01,26,JO2T,104.3
202506,2025-06-01,26,JO2T,102.5
202507,2025-07-01,26,JO2T,107.4
202508,2025-08-01,26,JO2T,106.7
202509,2025-09-01,26,JO2T,106.3
202510,2025-10-01,26,JO2T,108.5
202511,2025-11-01,26,JO2T,108.5
202512,2025-12-01,26,JO2T,106.2
202601,2026-01-01,26,JO2T,113.9
202602,2026-02-01,26,JO2T,114.6
202603,2026-03-01,26,JO2T,115.2
202604,2026-04-01,26,JO2T,111.3
202605,2026-05-01,26,JO2T,112.1
202606,2026-06-01,26,JO2T,110.6
198801,1988-01-01,27,JO2U,15.6
198802,1988-02-01,27,JO2U,15.2
198803,1988-03-01,27,JO2U,15.2
198804,1988-04-01,27,JO2U,15.6
198805,1988-05-01,27,JO2U,15.5
198806,1988-06-01,27,JO2U,15.8
198807,1988-07-01,27,JO2U,16.0
198808,1988-08-01,27,JO2U,16.4
198809,1988-09-01,27,JO2U,16.1
198810,1988-10-01,27,JO2U,16.8
198811,1988-11-01,27,JO2U,16.8
198812,1988-12-01,27,JO2U,17.3
198901,1989-01-01,27,JO2U,17.3
198902,1989-02-01,27,JO2U,17.4
198903,1989-03-01,27,JO2U,17.4
198904,1989-04-01,27,JO2U,16.6
198905,1989-05-01,27,JO2U,17.7
198906,1989-06-01,27,JO2U,17.5
198907,1989-07-01,27,JO2U,17.4
198908,1989-08-01,27,JO2U,17.9
198909,1989-09-01,27,JO2U,18.2
198910,1989-10-01,27,JO2U,18.3
198911,1989-11-01,27,JO2U,18.3
198912,1989-12-01,27,JO2U,19.2
199001,1990-01-01,27,JO2U,19.3
199002,1990-02-01,27,JO2U,19.3
199003,1990-03-01,27,JO2U,19.5
199004,1990-04-01,27,JO2U,18.9
199005,1990-05-01,27,JO2U,19.2
199006,1990-06-01,27,JO2U,18.8
199007,1990-07-01,27,JO2U,19.2
199008,1990-08-01,27,JO2U,19.0
199009,1990-09-01,27,JO2U,19.1
199010,1990-10-01,27,JO2U,19.2
199011,1990-11-01,27,JO2U,19.2
199012,1990-12-01,27,JO2U,20.1
199101,1991-01-01,27,JO2U,18.2
199102,1991-02-01,27,JO2U,18.0
199103,1991-03-01,27,JO2U,20.0
199104,1991-04-01,27,JO2U,18.9
199105,1991-05-01,27,JO2U,18.7
199106,1991-06-01,27,JO2U,18.9
199107,1991-07-01,27,JO2U,19.0
199108,1991-08-01,27,JO2U,18.5
199109,1991-09-01,27,JO2U,18.9
199110,1991-10-01,27,JO2U,18.9
199111,1991-11-01,27,JO2U,20.0
199112,1991-12-01,27,JO2U,19.1
199201,1992-01-01,27,JO2U,17.8
199202,1992-02-01,27,JO2U,18.2
199203,1992-03-01,27,JO2U,18.4
199204,1992-04-01,27,JO2U,19.2
199205,1992-05-01,27,JO2U,19.6
199206,1992-06-01,27,JO2U,19.1
199207,1992-07-01,27,JO2U,18.3
199208,1992-08-01,27,JO2U,18.5
199209,1992-09-01,27,JO2U,18.3
199210,1992-10-01,27,JO2U,17.9
199211,1992-11-01,27,JO2U,18.4
199212,1992-12-01,27,JO2U,17.6
199301,1993-01-01,27,JO2U,18.4
199302,1993-02-01,27,JO2U,19.3
199303,1993-03-01,27,JO2U,19.5
199304,1993-04-01,27,JO2U,19.5
199305,1993-05-01,27,JO2U,19.9
199306,1993-06-01,27,JO2U,19.8
199307,1993-07-01,27,JO2U,19.7
199308,1993-08-01,27,JO2U,20.1
199309,1993-09-01,27,JO2U,19.9
199310,1993-10-01,27,JO2U,20.0
199311,1993-11-01,27,JO2U,20.4
199312,1993-12-01,27,JO2U,19.6
199401,1994-01-01,27,JO2U,20.3
199402,1994-02-01,27,JO2U,20.0
199403,1994-03-01,27,JO2U,20.4
199404,1994-04-01,27,JO2U,20.1
199405,1994-05-01,27,JO2U,20.6
199406,1994-06-01,27,JO2U,20.5
199407,1994-07-01,27,JO2U,20.4
199408,1994-08-01,27,JO2U,20.5
199409,1994-09-01,27,JO2U,20.7
199410,1994-10-01,27,JO2U,20.9
199411,1994-11-01,27,JO2U,20.8
199412,1994-12-01,27,JO2U,21.2
199501,1995-01-01,27,JO2U,21.1
199502,1995-02-01,27,JO2U,21.4
199503,1995-03-01,27,JO2U,20.9
199504,1995-04-01,27,JO2U,21.0
199505,1995-05-01,27,JO2U,20.4
199506,1995-06-01,27,JO2U,20.5
199507,1995-07-01,27,JO2U,21.5
199508,1995-08-01,27,JO2U,21.5
199509,1995-09-01,27,JO2U,21.5
199510,1995-10-01,27,JO2U,21.9
199511,1995-11-01,27,JO2U,21.8
199512,1995-12-01,27,JO2U,23.1
199601,1996-01-01,27,JO2U,22.1
199602,1996-02-01,27,JO2U,22.0
199603,1996-03-01,27,JO2U,22.6
199604,1996-04-01,27,JO2U,23.6
199605,1996-05-01,27,JO2U,23.1
199606,1996-06-01,27,JO2U,23.9
199607,1996-07-01,27,JO2U,23.2
199608,1996-08-01,27,JO2U,23.2
199609,1996-09-01,27,JO2U,23.9
199610,1996-10-01,27,JO2U,23.3
199611,1996-11-01,27,JO2U,23.0
199612,1996-12-01,27,JO2U,23.3
199701,1997-01-01,27,JO2U,23.2
199702,1997-02-01,27,JO2U,23.7
199703,1997-03-01,27,JO2U,25.4
199704,1997-04-01,27,JO2U,23.5
199705,1997-05-01,27,JO2U,23.2
199706,1997-06-01,27,JO2U,23.6
199707,1997-07-01,27,JO2U,23.5
199708,1997-08-01,27,JO2U,23.1
199709,1997-09-01,27,JO2U,23.2
199710,1997-10-01,27,JO2U,23.8
199711,1997-11-01,27,JO2U,23.7
199712,1997-12-01,27,JO2U,23.7
199801,1998-01-01,27,JO2U,24.7
199802,1998-02-01,27,JO2U,25.4
199803,1998-03-01,27,JO2U,25.0
199804,1998-04-01,27,JO2U,24.8
199805,1998-05-01,27,JO2U,26.8
199806,1998-06-01,27,JO2U,24.9
199807,1998-07-01,27,JO2U,25.0
199808,1998-08-01,27,JO2U,25.2
199809,1998-09-01,27,JO2U,25.0
199810,1998-10-01,27,JO2U,24.7
199811,1998-11-01,27,JO2U,25.3
199812,1998-12-01,27,JO2U,24.7
199901,1999-01-01,27,JO2U,25.0
199902,1999-02-01,27,JO2U,25.1
199903,1999-03-01,27,JO2U,25.6
199904,1999-04-01,27,JO2U,25.9
199905,1999-05-01,27,JO2U,27.4
199906,1999-06-01,27,JO2U,26.4
199907,1999-07-01,27,JO2U,26.4
199908,1999-08-01,27,JO2U,26.5
199909,1999-09-01,27,JO2U,26.3
199910,1999-10-01,27,JO2U,26.3
199911,1999-11-01,27,JO2U,26.6
199912,1999-12-01,27,JO2U,25.4
200001,2000-01-01,27,JO2U,26.1
200002,2000-02-01,27,JO2U,25.6
200003,2000-03-01,27,JO2U,25.4
200004,2000-04-01,27,JO2U,26.5
200005,2000-05-01,27,JO2U,26.4
200006,2000-06-01,27,JO2U,26.4
200007,2000-07-01,27,JO2U,27.3
200008,2000-08-01,27,JO2U,27.8
200009,2000-09-01,27,JO2U,27.6
200010,2000-10-01,27,JO2U,28.3
200011,2000-11-01,27,JO2U,27.8
200012,2000-12-01,27,JO2U,29.7
200101,2001-01-01,27,JO2U,28.2
200102,2001-02-01,27,JO2U,28.4
200103,2001-03-01,27,JO2U,26.7
200104,2001-04-01,27,JO2U,28.4
200105,2001-05-01,27,JO2U,29.6
200106,2001-06-01,27,JO2U,30.5
200107,2001-07-01,27,JO2U,30.5
200108,2001-08-01,27,JO2U,31.0
200109,2001-09-01,27,JO2U,30.9
200110,2001-10-01,27,JO2U,30.9
200111,2001-11-01,27,JO2U,30.8
200112,2001-12-01,27,JO2U,32.4
200201,2002-01-01,27,JO2U,31.6
200202,2002-02-01,27,JO2U,31.6
200203,2002-03-01,27,JO2U,32.8
200204,2002-04-01,27,JO2U,32.9
200205,2002-05-01,27,JO2U,32.4
200206,2002-06-01,27,JO2U,30.9
200207,2002-07-01,27,JO2U,31.4
200208,2002-08-01,27,JO2U,31.0
200209,2002-09-01,27,JO2U,31.9
200210,2002-10-01,27,JO2U,31.8
200211,2002-11-01,27,JO2U,33.9
200212,2002-12-01,27,JO2U,33.1
200301,2003-01-01,27,JO2U,33.8
200302,2003-02-01,27,JO2U,34.4
200303,2003-03-01,27,JO2U,34.7
200304,2003-04-01,27,JO2U,34.5
200305,2003-05-01,27,JO2U,34.0
200306,2003-06-01,27,JO2U,33.7
200307,2003-07-01,27,JO2U,34.2
200308,2003-08-01,27,JO2U,34.5
200309,2003-09-01,27,JO2U,35.0
200310,2003-10-01,27,JO2U,35.5
200311,2003-11-01,27,JO2U,36.4
200312,2003-12-01,27,JO2U,35.8
200401,2004-01-01,27,JO2U,36.5
200402,2004-02-01,27,JO2U,36.5
200403,2004-03-01,27,JO2U,35.5
200404,2004-04-01,27,JO2U,36.5
200405,2004-05-01,27,JO2U,36.3
200406,2004-06-01,27,JO2U,37.2
200407,2004-07-01,27,JO2U,36.9
200408,2004-08-01,27,JO2U,36.0
200409,2004-09-01,27,JO2U,36.8
200410,2004-10-01,27,JO2U,36.0
200411,2004-11-01,27,JO2U,35.9
200412,2004-12-01,27,JO2U,35.1
200501,2005-01-01,27,JO2U,35.4
200502,2005-02-01,27,JO2U,34.7
200503,2005-03-01,27,JO2U,36.1
200504,2005-04-01,27,JO2U,34.5
200505,2005-05-01,27,JO2U,35.2
200506,2005-06-01,27,JO2U,35.8
200507,2005-07-01,27,JO2U,36.5
200508,2005-08-01,27,JO2U,37.4
200509,2005-09-01,27,JO2U,36.8
200510,2005-10-01,27,JO2U,36.6
200511,2005-11-01,27,JO2U,36.3
200512,2005-12-01,27,JO2U,36.3
200601,2006-01-01,27,JO2U,38.6
200602,2006-02-01,27,JO2U,36.4
200603,2006-03-01,27,JO2U,35.6
200604,2006-04-01,27,JO2U,38.7
200605,2006-05-01,27,JO2U,38.4
200606,2006-06-01,27,JO2U,39.9
200607,2006-07-01,27,JO2U,39.7
200608,2006-08-01,27,JO2U,40.1
200609,2006-09-01,27,JO2U,39.9
200610,2006-10-01,27,JO2U,40.8
200611,2006-11-01,27,JO2U,41.1
200612,2006-12-01,27,JO2U,41.3
200701,2007-01-01,27,JO2U,40.4
200702,2007-02-01,27,JO2U,40.5
200703,2007-03-01,27,JO2U,43.2
200704,2007-04-01,27,JO2U,46.7
200705,2007-05-01,27,JO2U,44.7
200706,2007-06-01,27,JO2U,45.6
200707,2007-07-01,27,JO2U,45.0
200708,2007-08-01,27,JO2U,45.7
200709,2007-09-01,27,JO2U,45.1
200710,2007-10-01,27,JO2U,46.2
200711,2007-11-01,27,JO2U,46.8
200712,2007-12-01,27,JO2U,44.8
200801,2008-01-01,27,JO2U,48.8
200802,2008-02-01,27,JO2U,49.9
200803,2008-03-01,27,JO2U,50.1
200804,2008-04-01,27,JO2U,50.4
200805,2008-05-01,27,JO2U,53.8
200806,2008-06-01,27,JO2U,53.2
200807,2008-07-01,27,JO2U,53.9
200808,2008-08-01,27,JO2U,42.3
200809,2008-09-01,27,JO2U,43.8
200810,2008-10-01,27,JO2U,43.6
200811,2008-11-01,27,JO2U,42.6
200812,2008-12-01,27,JO2U,45.7
200901,2009-01-01,27,JO2U,52.7
200902,2009-02-01,27,JO2U,47.7
200903,2009-03-01,27,JO2U,46.9
200904,2009-04-01,27,JO2U,49.3
200905,2009-05-01,27,JO2U,49.6
200906,2009-06-01,27,JO2U,48.1
200907,2009-07-01,27,JO2U,47.1
200908,2009-08-01,27,JO2U,54.3
200909,2009-09-01,27,JO2U,50.1
200910,2009-10-01,27,JO2U,49.7
200911,2009-11-01,27,JO2U,53.5
200912,2009-12-01,27,JO2U,59.5
201001,2010-01-01,27,JO2U,49.3
201002,2010-02-01,27,JO2U,60.0
201003,2010-03-01,27,JO2U,54.3
201004,2010-04-01,27,JO2U,53.3
201005,2010-05-01,27,JO2U,53.6
201006,2010-06-01,27,JO2U,56.3
201007,2010-07-01,27,JO2U,57.6
201008,2010-08-01,27,JO2U,58.8
201009,2010-09-01,27,JO2U,58.4
201010,2010-10-01,27,JO2U,63.2
201011,2010-11-01,27,JO2U,60.6
201012,2010-12-01,27,JO2U,57.7
201101,2011-01-01,27,JO2U,59.6
201102,2011-02-01,27,JO2U,58.4
201103,2011-03-01,27,JO2U,54.8
201104,2011-04-01,27,JO2U,59.6
201105,2011-05-01,27,JO2U,59.2
201106,2011-06-01,27,JO2U,60.9
201107,2011-07-01,27,JO2U,60.4
201108,2011-08-01,27,JO2U,61.6
201109,2011-09-01,27,JO2U,60.8
201110,2011-10-01,27,JO2U,73.1
201111,2011-11-01,27,JO2U,60.7
201112,2011-12-01,27,JO2U,60.8
201201,2012-01-01,27,JO2U,62.0
201202,2012-02-01,27,JO2U,59.8
201203,2012-03-01,27,JO2U,59.6
201204,2012-04-01,27,JO2U,57.2
201205,2012-05-01,27,JO2U,58.9
201206,2012-06-01,27,JO2U,58.8
201207,2012-07-01,27,JO2U,60.1
201208,2012-08-01,27,JO2U,57.8
201209,2012-09-01,27,JO2U,61.8
201210,2012-10-01,27,JO2U,60.1
201211,2012-11-01,27,JO2U,58.4
201212,2012-12-01,27,JO2U,61.0
201301,2013-01-01,27,JO2U,62.2
201302,2013-02-01,27,JO2U,63.8
201303,2013-03-01,27,JO2U,63.4
201304,2013-04-01,27,JO2U,71.9
201305,2013-05-01,27,JO2U,64.0
201306,2013-06-01,27,JO2U,62.1
201307,2013-07-01,27,JO2U,64.8
201308,2013-08-01,27,JO2U,64.4
201309,2013-09-01,27,JO2U,72.1
201310,2013-10-01,27,JO2U,63.2
201311,2013-11-01,27,JO2U,67.8
201312,2013-12-01,27,JO2U,64.5
201401,2014-01-01,27,JO2U,62.5
201402,2014-02-01,27,JO2U,65.0
201403,2014-03-01,27,JO2U,67.4
201404,2014-04-01,27,JO2U,64.7
201405,2014-05-01,27,JO2U,66.7
201406,2014-06-01,27,JO2U,75.0
201407,2014-07-01,27,JO2U,63.8
201408,2014-08-01,27,JO2U,68.2
201409,2014-09-01,27,JO2U,71.6
201410,2014-10-01,27,JO2U,71.7
201411,2014-11-01,27,JO2U,76.0
201412,2014-12-01,27,JO2U,74.1
201501,2015-01-01,27,JO2U,67.0
201502,2015-02-01,27,JO2U,67.2
201503,2015-03-01,27,JO2U,70.4
201504,2015-04-01,27,JO2U,70.4
201505,2015-05-01,27,JO2U,66.7
201506,2015-06-01,27,JO2U,64.8
201507,2015-07-01,27,JO2U,64.5
201508,2015-08-01,27,JO2U,65.5
201509,2015-09-01,27,JO2U,63.3
201510,2015-10-01,27,JO2U,65.2
201511,2015-11-01,27,JO2U,63.6
201512,2015-12-01,27,JO2U,67.6
201601,2016-01-01,27,JO2U,68.0
201602,2016-02-01,27,JO2U,70.0
201603,2016-03-01,27,JO2U,68.8
201604,2016-04-01,27,JO2U,69.4
201605,2016-05-01,27,JO2U,70.2
201606,2016-06-01,27,JO2U,75.6
201607,2016-07-01,27,JO2U,72.0
201608,2016-08-01,27,JO2U,73.7
201609,2016-09-01,27,JO2U,73.8
201610,2016-10-01,27,JO2U,78.8
201611,2016-11-01,27,JO2U,74.7
201612,2016-12-01,27,JO2U,79.4
201701,2017-01-01,27,JO2U,83.3
201702,2017-02-01,27,JO2U,84.8
201703,2017-03-01,27,JO2U,83.9
201704,2017-04-01,27,JO2U,82.8
201705,2017-05-01,27,JO2U,80.1
201706,2017-06-01,27,JO2U,82.2
201707,2017-07-01,27,JO2U,83.9
201708,2017-08-01,27,JO2U,86.0
201709,2017-09-01,27,JO2U,85.6
201710,2017-10-01,27,JO2U,84.1
201711,2017-11-01,27,JO2U,91.9
201712,2017-12-01,27,JO2U,84.1
201801,2018-01-01,27,JO2U,86.3
201802,2018-02-01,27,JO2U,83.3
201803,2018-03-01,27,JO2U,80.5
201804,2018-04-01,27,JO2U,86.6
201805,2018-05-01,27,JO2U,87.7
201806,2018-06-01,27,JO2U,81.7
201807,2018-07-01,27,JO2U,100.3
201808,2018-08-01,27,JO2U,99.3
201809,2018-09-01,27,JO2U,96.2
201810,2018-10-01,27,JO2U,95.2
201811,2018-11-01,27,JO2U,95.1
201812,2018-12-01,27,JO2U,96.6
201901,2019-01-01,27,JO2U,88.1
201902,2019-02-01,27,JO2U,88.4
201903,2019-03-01,27,JO2U,98.2
201904,2019-04-01,27,JO2U,93.7
201905,2019-05-01,27,JO2U,96.8
201906,2019-06-01,27,JO2U,99.1
201907,2019-07-01,27,JO2U,104.4
201908,2019-08-01,27,JO2U,99.7
201909,2019-09-01,27,JO2U,99.1
201910,2019-10-01,27,JO2U,90.0
201911,2019-11-01,27,JO2U,88.1
201912,2019-12-01,27,JO2U,90.0
202001,2020-01-01,27,JO2U,91.9
202002,2020-02-01,27,JO2U,95.6
202003,2020-03-01,27,JO2U,57.0
202004,2020-04-01,27,JO2U,24.0
202005,2020-05-01,27,JO2U,22.3
202006,2020-06-01,27,JO2U,64.7
202007,2020-07-01,27,JO2U,81.8
202008,2020-08-01,27,JO2U,89.0
202009,2020-09-01,27,JO2U,101.2
202010,2020-10-01,27,JO2U,91.6
202011,2020-11-01,27,JO2U,69.3
202012,2020-12-01,27,JO2U,85.8
202101,2021-01-01,27,JO2U,65.5
202102,2021-02-01,27,JO2U,61.8
202103,2021-03-01,27,JO2U,58.6
202104,2021-04-01,27,JO2U,102.0
202105,2021-05-01,27,JO2U,112.2
202106,2021-06-01,27,JO2U,106.2
202107,2021-07-01,27,JO2U,103.1
202108,2021-08-01,27,JO2U,108.0
202109,2021-09-01,27,JO2U,112.0
202110,2021-10-01,27,JO2U,112.1
202111,2021-11-01,27,JO2U,110.5
202112,2021-12-01,27,JO2U,109.8
202201,2022-01-01,27,JO2U,106.7
202202,2022-02-01,27,JO2U,102.8
202203,2022-03-01,27,JO2U,104.2
202204,2022-04-01,27,JO2U,100.3
202205,2022-05-01,27,JO2U,108.8
202206,2022-06-01,27,JO2U,103.7
202207,2022-07-01,27,JO2U,105.6
202208,2022-08-01,27,JO2U,102.8
202209,2022-09-01,27,JO2U,98.3
202210,2022-10-01,27,JO2U,103.9
202211,2022-11-01,27,JO2U,99.5
202212,2022-12-01,27,JO2U,97.0
202301,2023-01-01,27,JO2U,102.8
202302,2023-02-01,27,JO2U,103.7
202303,2023-03-01,27,JO2U,99.8
202304,2023-04-01,27,JO2U,112.0
202305,2023-05-01,27,JO2U,103.0
202306,2023-06-01,27,JO2U,101.9
202307,2023-07-01,27,JO2U,104.0
202308,2023-08-01,27,JO2U,103.5
202309,2023-09-01,27,JO2U,91.6
202310,2023-10-01,27,JO2U,91.1
202311,2023-11-01,27,JO2U,96.6
202312,2023-12-01,27,JO2U,93.4
202401,2024-01-01,27,JO2U,96.9
202402,2024-02-01,27,JO2U,95.9
202403,2024-03-01,27,JO2U,97.0
202404,2024-04-01,27,JO2U,97.6
202405,2024-05-01,27,JO2U,95.7
202406,2024-06-01,27,JO2U,98.5
202407,2024-07-01,27,JO2U,98.6
202408,2024-08-01,27,JO2U,100.1
202409,2024-09-01,27,JO2U,102.6
202410,2024-10-01,27,JO2U,104.3
202411,2024-11-01,27,JO2U,109.4
202412,2024-12-01,27,JO2U,105.4
202501,2025-01-01,27,JO2U,96.4
202502,2025-02-01,27,JO2U,102.3
202503,2025-03-01,27,JO2U,103.5
202504,2025-04-01,27,JO2U,104.7
202505,2025-05-01,27,JO2U,102.2
202506,2025-06-01,27,JO2U,103.6
202507,2025-07-01,27,JO2U,103.5
202508,2025-08-01,27,JO2U,105.2
202509,2025-09-01,27,JO2U,106.7
202510,2025-10-01,27,JO2U,108.6
202511,2025-11-01,27,JO2U,110.3
202512,2025-12-01,27,JO2U,112.1
202601,2026-01-01,27,JO2U,120.0
202602,2026-02-01,27,JO2U,118.4
202603,2026-03-01,27,JO2U,117.5
202604,2026-04-01,27,JO2U,119.5
202605,2026-05-01,27,JO2U,122.3
202606,2026-06-01,27,JO2U,125.0
198801,1988-01-01,28,JO2V,33.6
198802,1988-02-01,28,JO2V,32.6
198803,1988-03-01,28,JO2V,33.2
198804,1988-04-01,28,JO2V,33.2
198805,1988-05-01,28,JO2V,33.3
198806,1988-06-01,28,JO2V,34.0
198807,1988-07-01,28,JO2V,34.4
198808,1988-08-01,28,JO2V,35.0
198809,1988-09-01,28,JO2V,34.5
198810,1988-10-01,28,JO2V,36.0
198811,1988-11-01,28,JO2V,36.2
198812,1988-12-01,28,JO2V,37.1
198901,1989-01-01,28,JO2V,37.2
198902,1989-02-01,28,JO2V,37.4
198903,1989-03-01,28,JO2V,37.0
198904,1989-04-01,28,JO2V,36.4
198905,1989-05-01,28,JO2V,37.8
198906,1989-06-01,28,JO2V,37.4
198907,1989-07-01,28,JO2V,37.4
198908,1989-08-01,28,JO2V,38.3
198909,1989-09-01,28,JO2V,39.0
198910,1989-10-01,28,JO2V,39.3
198911,1989-11-01,28,JO2V,39.4
198912,1989-12-01,28,JO2V,41.3
199001,1990-01-01,28,JO2V,41.5
199002,1990-02-01,28,JO2V,41.5
199003,1990-03-01,28,JO2V,41.9
199004,1990-04-01,28,JO2V,41.2
199005,1990-05-01,28,JO2V,41.3
199006,1990-06-01,28,JO2V,40.4
199007,1990-07-01,28,JO2V,41.4
199008,1990-08-01,28,JO2V,41.1
199009,1990-09-01,28,JO2V,41.1
199010,1990-10-01,28,JO2V,41.5
199011,1990-11-01,28,JO2V,41.4
199012,1990-12-01,28,JO2V,43.6
199101,1991-01-01,28,JO2V,39.2
199102,1991-02-01,28,JO2V,38.8
199103,1991-03-01,28,JO2V,42.8
199104,1991-04-01,28,JO2V,41.4
199105,1991-05-01,28,JO2V,40.5
199106,1991-06-01,28,JO2V,40.8
199107,1991-07-01,28,JO2V,41.1
199108,1991-08-01,28,JO2V,40.2
199109,1991-09-01,28,JO2V,40.9
199110,1991-10-01,28,JO2V,41.2
199111,1991-11-01,28,JO2V,43.4
199112,1991-12-01,28,JO2V,41.7
199201,1992-01-01,28,JO2V,38.7
199202,1992-02-01,28,JO2V,39.7
199203,1992-03-01,28,JO2V,40.0
199204,1992-04-01,28,JO2V,41.6
199205,1992-05-01,28,JO2V,42.9
199206,1992-06-01,28,JO2V,42.0
199207,1992-07-01,28,JO2V,40.0
199208,1992-08-01,28,JO2V,40.4
199209,1992-09-01,28,JO2V,40.1
199210,1992-10-01,28,JO2V,39.0
199211,1992-11-01,28,JO2V,40.1
199212,1992-12-01,28,JO2V,38.6
199301,1993-01-01,28,JO2V,40.2
199302,1993-02-01,28,JO2V,42.1
199303,1993-03-01,28,JO2V,42.1
199304,1993-04-01,28,JO2V,42.5
199305,1993-05-01,28,JO2V,43.4
199306,1993-06-01,28,JO2V,43.3
199307,1993-07-01,28,JO2V,42.9
199308,1993-08-01,28,JO2V,43.7
199309,1993-09-01,28,JO2V,43.3
199310,1993-10-01,28,JO2V,43.5
199311,1993-11-01,28,JO2V,44.3
199312,1993-12-01,28,JO2V,42.8
199401,1994-01-01,28,JO2V,44.1
199402,1994-02-01,28,JO2V,43.5
199403,1994-03-01,28,JO2V,45.0
199404,1994-04-01,28,JO2V,42.5
199405,1994-05-01,28,JO2V,45.0
199406,1994-06-01,28,JO2V,44.7
199407,1994-07-01,28,JO2V,44.5
199408,1994-08-01,28,JO2V,44.5
199409,1994-09-01,28,JO2V,44.9
199410,1994-10-01,28,JO2V,45.4
199411,1994-11-01,28,JO2V,45.1
199412,1994-12-01,28,JO2V,46.3
199501,1995-01-01,28,JO2V,45.7
199502,1995-02-01,28,JO2V,46.2
199503,1995-03-01,28,JO2V,45.0
199504,1995-04-01,28,JO2V,45.2
199505,1995-05-01,28,JO2V,44.1
199506,1995-06-01,28,JO2V,44.0
199507,1995-07-01,28,JO2V,46.4
199508,1995-08-01,28,JO2V,46.7
199509,1995-09-01,28,JO2V,46.5
199510,1995-10-01,28,JO2V,47.6
199511,1995-11-01,28,JO2V,47.3
199512,1995-12-01,28,JO2V,50.5
199601,1996-01-01,28,JO2V,48.2
199602,1996-02-01,28,JO2V,48.1
199603,1996-03-01,28,JO2V,49.7
199604,1996-04-01,28,JO2V,49.9
199605,1996-05-01,28,JO2V,50.4
199606,1996-06-01,28,JO2V,52.6
199607,1996-07-01,28,JO2V,50.7
199608,1996-08-01,28,JO2V,50.5
199609,1996-09-01,28,JO2V,52.5
199610,1996-10-01,28,JO2V,50.7
199611,1996-11-01,28,JO2V,50.4
199612,1996-12-01,28,JO2V,51.3
199701,1997-01-01,28,JO2V,50.7
199702,1997-02-01,28,JO2V,51.8
199703,1997-03-01,28,JO2V,54.5
199704,1997-04-01,28,JO2V,51.6
199705,1997-05-01,28,JO2V,50.6
199706,1997-06-01,28,JO2V,51.7
199707,1997-07-01,28,JO2V,51.2
199708,1997-08-01,28,JO2V,50.3
199709,1997-09-01,28,JO2V,50.7
199710,1997-10-01,28,JO2V,51.9
199711,1997-11-01,28,JO2V,51.7
199712,1997-12-01,28,JO2V,52.0
199801,1998-01-01,28,JO2V,54.1
199802,1998-02-01,28,JO2V,55.6
199803,1998-03-01,28,JO2V,54.0
199804,1998-04-01,28,JO2V,54.6
199805,1998-05-01,28,JO2V,58.6
199806,1998-06-01,28,JO2V,54.6
199807,1998-07-01,28,JO2V,54.8
199808,1998-08-01,28,JO2V,55.0
199809,1998-09-01,28,JO2V,54.7
199810,1998-10-01,28,JO2V,54.1
199811,1998-11-01,28,JO2V,55.4
199812,1998-12-01,28,JO2V,54.5
199901,1999-01-01,28,JO2V,54.9
199902,1999-02-01,28,JO2V,55.2
199903,1999-03-01,28,JO2V,57.0
199904,1999-04-01,28,JO2V,55.4
199905,1999-05-01,28,JO2V,60.2
199906,1999-06-01,28,JO2V,58.1
199907,1999-07-01,28,JO2V,57.9
199908,1999-08-01,28,JO2V,58.0
199909,1999-09-01,28,JO2V,57.5
199910,1999-10-01,28,JO2V,57.6
199911,1999-11-01,28,JO2V,58.0
199912,1999-12-01,28,JO2V,55.7
200001,2000-01-01,28,JO2V,56.9
200002,2000-02-01,28,JO2V,55.7
200003,2000-03-01,28,JO2V,55.1
200004,2000-04-01,28,JO2V,57.7
200005,2000-05-01,28,JO2V,57.2
200006,2000-06-01,28,JO2V,56.9
200007,2000-07-01,28,JO2V,59.0
200008,2000-08-01,28,JO2V,60.2
200009,2000-09-01,28,JO2V,59.5
200010,2000-10-01,28,JO2V,61.1
200011,2000-11-01,28,JO2V,60.0
200012,2000-12-01,28,JO2V,64.4
200101,2001-01-01,28,JO2V,61.0
200102,2001-02-01,28,JO2V,61.4
200103,2001-03-01,28,JO2V,57.7
200104,2001-04-01,28,JO2V,61.5
200105,2001-05-01,28,JO2V,64.2
200106,2001-06-01,28,JO2V,66.1
200107,2001-07-01,28,JO2V,66.1
200108,2001-08-01,28,JO2V,67.0
200109,2001-09-01,28,JO2V,67.1
200110,2001-10-01,28,JO2V,66.9
200111,2001-11-01,28,JO2V,66.8
200112,2001-12-01,28,JO2V,70.6
200201,2002-01-01,28,JO2V,68.6
200202,2002-02-01,28,JO2V,68.8
200203,2002-03-01,28,JO2V,71.0
200204,2002-04-01,28,JO2V,72.4
200205,2002-05-01,28,JO2V,70.6
200206,2002-06-01,28,JO2V,66.8
200207,2002-07-01,28,JO2V,68.3
200208,2002-08-01,28,JO2V,67.6
200209,2002-09-01,28,JO2V,69.4
200210,2002-10-01,28,JO2V,69.4
200211,2002-11-01,28,JO2V,73.8
200212,2002-12-01,28,JO2V,72.0
200301,2003-01-01,28,JO2V,73.5
200302,2003-02-01,28,JO2V,74.9
200303,2003-03-01,28,JO2V,76.2
200304,2003-04-01,28,JO2V,75.0
200305,2003-05-01,28,JO2V,73.9
200306,2003-06-01,28,JO2V,72.8
200307,2003-07-01,28,JO2V,74.2
200308,2003-08-01,28,JO2V,75.0
200309,2003-09-01,28,JO2V,75.9
200310,2003-10-01,28,JO2V,77.3
200311,2003-11-01,28,JO2V,79.3
200312,2003-12-01,28,JO2V,78.1
200401,2004-01-01,28,JO2V,79.9
200402,2004-02-01,28,JO2V,80.1
200403,2004-03-01,28,JO2V,78.2
200404,2004-04-01,28,JO2V,80.2
200405,2004-05-01,28,JO2V,79.3
200406,2004-06-01,28,JO2V,80.6
200407,2004-07-01,28,JO2V,80.4
200408,2004-08-01,28,JO2V,78.6
200409,2004-09-01,28,JO2V,80.0
200410,2004-10-01,28,JO2V,78.8
200411,2004-11-01,28,JO2V,78.5
200412,2004-12-01,28,JO2V,76.8
200501,2005-01-01,28,JO2V,77.7
200502,2005-02-01,28,JO2V,76.5
200503,2005-03-01,28,JO2V,79.2
200504,2005-04-01,28,JO2V,75.7
200505,2005-05-01,28,JO2V,76.7
200506,2005-06-01,28,JO2V,76.8
200507,2005-07-01,28,JO2V,78.7
200508,2005-08-01,28,JO2V,80.7
200509,2005-09-01,28,JO2V,79.6
200510,2005-10-01,28,JO2V,79.7
200511,2005-11-01,28,JO2V,79.0
200512,2005-12-01,28,JO2V,79.2
200601,2006-01-01,28,JO2V,83.6
200602,2006-02-01,28,JO2V,78.8
200603,2006-03-01,28,JO2V,76.1
200604,2006-04-01,28,JO2V,79.9
200605,2006-05-01,28,JO2V,78.5
200606,2006-06-01,28,JO2V,79.5
200607,2006-07-01,28,JO2V,78.7
200608,2006-08-01,28,JO2V,79.3
200609,2006-09-01,28,JO2V,78.7
200610,2006-10-01,28,JO2V,80.0
200611,2006-11-01,28,JO2V,80.0
200612,2006-12-01,28,JO2V,79.7
200701,2007-01-01,28,JO2V,79.0
200702,2007-02-01,28,JO2V,78.7
200703,2007-03-01,28,JO2V,82.1
200704,2007-04-01,28,JO2V,87.0
200705,2007-05-01,28,JO2V,81.9
200706,2007-06-01,28,JO2V,82.8
200707,2007-07-01,28,JO2V,80.9
200708,2007-08-01,28,JO2V,81.2
200709,2007-09-01,28,JO2V,80.7
200710,2007-10-01,28,JO2V,82.3
200711,2007-11-01,28,JO2V,82.4
200712,2007-12-01,28,JO2V,77.9
200801,2008-01-01,28,JO2V,86.9
200802,2008-02-01,28,JO2V,90.4
200803,2008-03-01,28,JO2V,87.2
200804,2008-04-01,28,JO2V,85.9
200805,2008-05-01,28,JO2V,89.6
200806,2008-06-01,28,JO2V,88.9
200807,2008-07-01,28,JO2V,89.8
200808,2008-08-01,28,JO2V,91.4
200809,2008-09-01,28,JO2V,93.1
200810,2008-10-01,28,JO2V,89.8
200811,2008-11-01,28,JO2V,86.9
200812,2008-12-01,28,JO2V,89.7
200901,2009-01-01,28,JO2V,86.7
200902,2009-02-01,28,JO2V,88.4
200903,2009-03-01,28,JO2V,87.4
200904,2009-04-01,28,JO2V,87.6
200905,2009-05-01,28,JO2V,87.6
200906,2009-06-01,28,JO2V,88.5
200907,2009-07-01,28,JO2V,89.5
200908,2009-08-01,28,JO2V,83.3
200909,2009-09-01,28,JO2V,86.2
200910,2009-10-01,28,JO2V,88.2
200911,2009-11-01,28,JO2V,94.1
200912,2009-12-01,28,JO2V,93.6
201001,2010-01-01,28,JO2V,90.5
201002,2010-02-01,28,JO2V,94.5
201003,2010-03-01,28,JO2V,93.9
201004,2010-04-01,28,JO2V,97.7
201005,2010-05-01,28,JO2V,99.9
201006,2010-06-01,28,JO2V,93.4
201007,2010-07-01,28,JO2V,102.5
201008,2010-08-01,28,JO2V,101.7
201009,2010-09-01,28,JO2V,94.6
201010,2010-10-01,28,JO2V,88.5
201011,2010-11-01,28,JO2V,99.8
201012,2010-12-01,28,JO2V,90.9
201101,2011-01-01,28,JO2V,90.5
201102,2011-02-01,28,JO2V,91.2
201103,2011-03-01,28,JO2V,89.0
201104,2011-04-01,28,JO2V,91.4
201105,2011-05-01,28,JO2V,89.1
201106,2011-06-01,28,JO2V,81.4
201107,2011-07-01,28,JO2V,85.4
201108,2011-08-01,28,JO2V,90.4
201109,2011-09-01,28,JO2V,91.1
201110,2011-10-01,28,JO2V,89.5
201111,2011-11-01,28,JO2V,85.7
201112,2011-12-01,28,JO2V,83.4
201201,2012-01-01,28,JO2V,83.8
201202,2012-02-01,28,JO2V,81.3
201203,2012-03-01,28,JO2V,84.3
201204,2012-04-01,28,JO2V,78.3
201205,2012-05-01,28,JO2V,79.0
201206,2012-06-01,28,JO2V,81.7
201207,2012-07-01,28,JO2V,77.8
201208,2012-08-01,28,JO2V,96.4
201209,2012-09-01,28,JO2V,83.9
201210,2012-10-01,28,JO2V,81.1
201211,2012-11-01,28,JO2V,94.7
201212,2012-12-01,28,JO2V,83.2
201301,2013-01-01,28,JO2V,64.6
201302,2013-02-01,28,JO2V,79.4
201303,2013-03-01,28,JO2V,76.1
201304,2013-04-01,28,JO2V,80.7
201305,2013-05-01,28,JO2V,78.9
201306,2013-06-01,28,JO2V,81.6
201307,2013-07-01,28,JO2V,78.5
201308,2013-08-01,28,JO2V,76.9
201309,2013-09-01,28,JO2V,88.2
201310,2013-10-01,28,JO2V,80.6
201311,2013-11-01,28,JO2V,85.2
201312,2013-12-01,28,JO2V,86.9
201401,2014-01-01,28,JO2V,92.0
201402,2014-02-01,28,JO2V,86.1
201403,2014-03-01,28,JO2V,93.9
201404,2014-04-01,28,JO2V,86.1
201405,2014-05-01,28,JO2V,87.5
201406,2014-06-01,28,JO2V,91.4
201407,2014-07-01,28,JO2V,99.2
201408,2014-08-01,28,JO2V,88.5
201409,2014-09-01,28,JO2V,88.5
201410,2014-10-01,28,JO2V,89.6
201411,2014-11-01,28,JO2V,87.5
201412,2014-12-01,28,JO2V,114.3
201501,2015-01-01,28,JO2V,81.5
201502,2015-02-01,28,JO2V,89.1
201503,2015-03-01,28,JO2V,85.1
201504,2015-04-01,28,JO2V,83.0
201505,2015-05-01,28,JO2V,83.7
201506,2015-06-01,28,JO2V,79.4
201507,2015-07-01,28,JO2V,81.0
201508,2015-08-01,28,JO2V,79.7
201509,2015-09-01,28,JO2V,78.2
201510,2015-10-01,28,JO2V,82.3
201511,2015-11-01,28,JO2V,77.4
201512,2015-12-01,28,JO2V,74.6
201601,2016-01-01,28,JO2V,87.4
201602,2016-02-01,28,JO2V,82.1
201603,2016-03-01,28,JO2V,89.3
201604,2016-04-01,28,JO2V,100.6
201605,2016-05-01,28,JO2V,90.6
201606,2016-06-01,28,JO2V,89.0
201607,2016-07-01,28,JO2V,97.9
201608,2016-08-01,28,JO2V,92.0
201609,2016-09-01,28,JO2V,93.4
201610,2016-10-01,28,JO2V,95.1
201611,2016-11-01,28,JO2V,95.3
201612,2016-12-01,28,JO2V,105.8
201701,2017-01-01,28,JO2V,95.7
201702,2017-02-01,28,JO2V,103.1
201703,2017-03-01,28,JO2V,89.8
201704,2017-04-01,28,JO2V,92.7
201705,2017-05-01,28,JO2V,91.5
201706,2017-06-01,28,JO2V,108.7
201707,2017-07-01,28,JO2V,88.4
201708,2017-08-01,28,JO2V,112.0
201709,2017-09-01,28,JO2V,88.5
201710,2017-10-01,28,JO2V,92.0
201711,2017-11-01,28,JO2V,95.1
201712,2017-12-01,28,JO2V,109.1
201801,2018-01-01,28,JO2V,98.3
201802,2018-02-01,28,JO2V,94.4
201803,2018-03-01,28,JO2V,94.5
201804,2018-04-01,28,JO2V,106.2
201805,2018-05-01,28,JO2V,95.1
201806,2018-06-01,28,JO2V,88.7
201807,2018-07-01,28,JO2V,94.7
201808,2018-08-01,28,JO2V,105.0
201809,2018-09-01,28,JO2V,96.4
201810,2018-10-01,28,JO2V,91.7
201811,2018-11-01,28,JO2V,91.4
201812,2018-12-01,28,JO2V,97.9
201901,2019-01-01,28,JO2V,92.0
201902,2019-02-01,28,JO2V,105.5
201903,2019-03-01,28,JO2V,98.5
201904,2019-04-01,28,JO2V,115.5
201905,2019-05-01,28,JO2V,96.6
201906,2019-06-01,28,JO2V,101.3
201907,2019-07-01,28,JO2V,94.3
201908,2019-08-01,28,JO2V,97.1
201909,2019-09-01,28,JO2V,97.4
201910,2019-10-01,28,JO2V,92.3
201911,2019-11-01,28,JO2V,92.5
201912,2019-12-01,28,JO2V,91.4
202001,2020-01-01,28,JO2V,94.2
202002,2020-02-01,28,JO2V,92.8
202003,2020-03-01,28,JO2V,61.8
202004,2020-04-01,28,JO2V,32.9
202005,2020-05-01,28,JO2V,44.2
202006,2020-06-01,28,JO2V,89.5
202007,2020-07-01,28,JO2V,124.7
202008,2020-08-01,28,JO2V,112.7
202009,2020-09-01,28,JO2V,116.9
202010,2020-10-01,28,JO2V,101.3
202011,2020-11-01,28,JO2V,97.2
202012,2020-12-01,28,JO2V,103.0
202101,2021-01-01,28,JO2V,80.0
202102,2021-02-01,28,JO2V,77.9
202103,2021-03-01,28,JO2V,82.6
202104,2021-04-01,28,JO2V,95.4
202105,2021-05-01,28,JO2V,100.5
202106,2021-06-01,28,JO2V,99.9
202107,2021-07-01,28,JO2V,97.8
202108,2021-08-01,28,JO2V,106.8
202109,2021-09-01,28,JO2V,98.2
202110,2021-10-01,28,JO2V,91.2
202111,2021-11-01,28,JO2V,107.3
202112,2021-12-01,28,JO2V,100.3
202201,2022-01-01,28,JO2V,106.4
202202,2022-02-01,28,JO2V,100.0
202203,2022-03-01,28,JO2V,101.3
202204,2022-04-01,28,JO2V,108.4
202205,2022-05-01,28,JO2V,108.3
202206,2022-06-01,28,JO2V,107.5
202207,2022-07-01,28,JO2V,95.5
202208,2022-08-01,28,JO2V,98.8
202209,2022-09-01,28,JO2V,98.8
202210,2022-10-01,28,JO2V,102.7
202211,2022-11-01,28,JO2V,101.0
202212,2022-12-01,28,JO2V,96.5
202301,2023-01-01,28,JO2V,90.3
202302,2023-02-01,28,JO2V,93.2
202303,2023-03-01,28,JO2V,100.3
202304,2023-04-01,28,JO2V,106.4
202305,2023-05-01,28,JO2V,95.1
202306,2023-06-01,28,JO2V,95.9
202307,2023-07-01,28,JO2V,102.6
202308,2023-08-01,28,JO2V,106.2
202309,2023-09-01,28,JO2V,102.9
202310,2023-10-01,28,JO2V,106.8
202311,2023-11-01,28,JO2V,101.2
202312,2023-12-01,28,JO2V,99.4
202401,2024-01-01,28,JO2V,105.0
202402,2024-02-01,28,JO2V,120.8
202403,2024-03-01,28,JO2V,116.8
202404,2024-04-01,28,JO2V,112.4
202405,2024-05-01,28,JO2V,113.6
202406,2024-06-01,28,JO2V,110.8
202407,2024-07-01,28,JO2V,112.3
202408,2024-08-01,28,JO2V,107.5
202409,2024-09-01,28,JO2V,115.5
202410,2024-10-01,28,JO2V,105.8
202411,2024-11-01,28,JO2V,112.6
202412,2024-12-01,28,JO2V,115.5
202501,2025-01-01,28,JO2V,107.9
202502,2025-02-01,28,JO2V,113.5
202503,2025-03-01,28,JO2V,108.9
202504,2025-04-01,28,JO2V,111.6
202505,2025-05-01,28,JO2V,111.4
202506,2025-06-01,28,JO2V,105.5
202507,2025-07-01,28,JO2V,107.7
202508,2025-08-01,28,JO2V,106.2
202509,2025-09-01,28,JO2V,105.0
202510,2025-10-01,28,JO2V,104.5
202511,2025-11-01,28,JO2V,106.9
202512,2025-12-01,28,JO2V,103.7
202601,2026-01-01,28,JO2V,116.2
202602,2026-02-01,28,JO2V,122.2
202603,2026-03-01,28,JO2V,104.0
202604,2026-04-01,28,JO2V,105.8
202605,2026-05-01,28,JO2V,105.7
202606,2026-06-01,28,JO2V,112.0
198801,1988-01-01,29,JO2W,26.0
198802,1988-02-01,29,JO2W,25.8
198803,1988-03-01,29,JO2W,25.1
198804,1988-04-01,29,JO2W,26.3
198805,1988-05-01,29,JO2W,26.7
198806,1988-06-01,29,JO2W,26.7
198807,1988-07-01,29,JO2W,29.0
198808,1988-08-01,29,JO2W,28.7
198809,1988-09-01,29,JO2W,28.1
198810,1988-10-01,29,JO2W,29.5
198811,1988-11-01,29,JO2W,29.4
198812,1988-12-01,29,JO2W,31.2
198901,1989-01-01,29,JO2W,30.0
198902,1989-02-01,29,JO2W,29.4
198903,1989-03-01,29,JO2W,28.4
198904,1989-04-01,29,JO2W,29.5
198905,1989-05-01,29,JO2W,28.8
198906,1989-06-01,29,JO2W,26.8
198907,1989-07-01,29,JO2W,27.9
198908,1989-08-01,29,JO2W,30.0
198909,1989-09-01,29,JO2W,29.9
198910,1989-10-01,29,JO2W,30.0
198911,1989-11-01,29,JO2W,30.6
198912,1989-12-01,29,JO2W,32.0
199001,1990-01-01,29,JO2W,32.7
199002,1990-02-01,29,JO2W,30.9
199003,1990-03-01,29,JO2W,30.7
199004,1990-04-01,29,JO2W,29.6
199005,1990-05-01,29,JO2W,28.5
199006,1990-06-01,29,JO2W,28.4
199007,1990-07-01,29,JO2W,30.0
199008,1990-08-01,29,JO2W,32.6
199009,1990-09-01,29,JO2W,30.8
199010,1990-10-01,29,JO2W,31.2
199011,1990-11-01,29,JO2W,30.8
199012,1990-12-01,29,JO2W,32.6
199101,1991-01-01,29,JO2W,34.9
199102,1991-02-01,29,JO2W,34.2
199103,1991-03-01,29,JO2W,39.0
199104,1991-04-01,29,JO2W,35.4
199105,1991-05-01,29,JO2W,35.6
199106,1991-06-01,29,JO2W,37.3
199107,1991-07-01,29,JO2W,36.5
199108,1991-08-01,29,JO2W,33.8
199109,1991-09-01,29,JO2W,33.4
199110,1991-10-01,29,JO2W,35.2
199111,1991-11-01,29,JO2W,34.4
199112,1991-12-01,29,JO2W,35.9
199201,1992-01-01,29,JO2W,40.4
199202,1992-02-01,29,JO2W,43.7
199203,1992-03-01,29,JO2W,43.1
199204,1992-04-01,29,JO2W,48.6
199205,1992-05-01,29,JO2W,49.4
199206,1992-06-01,29,JO2W,52.0
199207,1992-07-01,29,JO2W,45.7
199208,1992-08-01,29,JO2W,37.3
199209,1992-09-01,29,JO2W,38.2
199210,1992-10-01,29,JO2W,44.0
199211,1992-11-01,29,JO2W,43.6
199212,1992-12-01,29,JO2W,43.1
199301,1993-01-01,29,JO2W,42.3
199302,1993-02-01,29,JO2W,44.7
199303,1993-03-01,29,JO2W,48.0
199304,1993-04-01,29,JO2W,44.2
199305,1993-05-01,29,JO2W,46.3
199306,1993-06-01,29,JO2W,49.2
199307,1993-07-01,29,JO2W,49.5
199308,1993-08-01,29,JO2W,46.1
199309,1993-09-01,29,JO2W,52.1
199310,1993-10-01,29,JO2W,47.9
199311,1993-11-01,29,JO2W,54.7
199312,1993-12-01,29,JO2W,47.6
199401,1994-01-01,29,JO2W,53.3
199402,1994-02-01,29,JO2W,60.0
199403,1994-03-01,29,JO2W,63.8
199404,1994-04-01,29,JO2W,62.5
199405,1994-05-01,29,JO2W,70.2
199406,1994-06-01,29,JO2W,74.3
199407,1994-07-01,29,JO2W,70.5
199408,1994-08-01,29,JO2W,77.7
199409,1994-09-01,29,JO2W,79.7
199410,1994-10-01,29,JO2W,79.8
199411,1994-11-01,29,JO2W,77.5
199412,1994-12-01,29,JO2W,72.9
199501,1995-01-01,29,JO2W,63.8
199502,1995-02-01,29,JO2W,58.9
199503,1995-03-01,29,JO2W,72.7
199504,1995-04-01,29,JO2W,65.2
199505,1995-05-01,29,JO2W,63.9
199506,1995-06-01,29,JO2W,62.3
199507,1995-07-01,29,JO2W,62.9
199508,1995-08-01,29,JO2W,60.8
199509,1995-09-01,29,JO2W,63.2
199510,1995-10-01,29,JO2W,68.9
199511,1995-11-01,29,JO2W,71.2
199512,1995-12-01,29,JO2W,64.5
199601,1996-01-01,29,JO2W,65.4
199602,1996-02-01,29,JO2W,60.4
199603,1996-03-01,29,JO2W,60.2
199604,1996-04-01,29,JO2W,61.8
199605,1996-05-01,29,JO2W,61.3
199606,1996-06-01,29,JO2W,62.3
199607,1996-07-01,29,JO2W,54.2
199608,1996-08-01,29,JO2W,54.6
199609,1996-09-01,29,JO2W,55.7
199610,1996-10-01,29,JO2W,55.6
199611,1996-11-01,29,JO2W,53.8
199612,1996-12-01,29,JO2W,56.6
199701,1997-01-01,29,JO2W,51.8
199702,1997-02-01,29,JO2W,51.7
199703,1997-03-01,29,JO2W,48.7
199704,1997-04-01,29,JO2W,52.8
199705,1997-05-01,29,JO2W,49.2
199706,1997-06-01,29,JO2W,51.4
199707,1997-07-01,29,JO2W,55.2
199708,1997-08-01,29,JO2W,57.1
199709,1997-09-01,29,JO2W,58.4
199710,1997-10-01,29,JO2W,56.6
199711,1997-11-01,29,JO2W,56.4
199712,1997-12-01,29,JO2W,59.5
199801,1998-01-01,29,JO2W,60.6
199802,1998-02-01,29,JO2W,60.3
199803,1998-03-01,29,JO2W,64.0
199804,1998-04-01,29,JO2W,62.2
199805,1998-05-01,29,JO2W,58.6
199806,1998-06-01,29,JO2W,56.1
199807,1998-07-01,29,JO2W,59.8
199808,1998-08-01,29,JO2W,63.3
199809,1998-09-01,29,JO2W,57.0
199810,1998-10-01,29,JO2W,56.5
199811,1998-11-01,29,JO2W,54.3
199812,1998-12-01,29,JO2W,54.2
199901,1999-01-01,29,JO2W,56.6
199902,1999-02-01,29,JO2W,53.2
199903,1999-03-01,29,JO2W,51.9
199904,1999-04-01,29,JO2W,58.3
199905,1999-05-01,29,JO2W,49.7
199906,1999-06-01,29,JO2W,42.4
199907,1999-07-01,29,JO2W,45.8
199908,1999-08-01,29,JO2W,49.3
199909,1999-09-01,29,JO2W,47.4
199910,1999-10-01,29,JO2W,48.8
199911,1999-11-01,29,JO2W,47.7
199912,1999-12-01,29,JO2W,52.1
200001,2000-01-01,29,JO2W,47.0
200002,2000-02-01,29,JO2W,53.5
200003,2000-03-01,29,JO2W,59.2
200004,2000-04-01,29,JO2W,50.0
200005,2000-05-01,29,JO2W,50.5
200006,2000-06-01,29,JO2W,58.1
200007,2000-07-01,29,JO2W,60.6
200008,2000-08-01,29,JO2W,53.6
200009,2000-09-01,29,JO2W,54.8
200010,2000-10-01,29,JO2W,50.9
200011,2000-11-01,29,JO2W,54.8
200012,2000-12-01,29,JO2W,49.5
200101,2001-01-01,29,JO2W,53.0
200102,2001-02-01,29,JO2W,49.5
200103,2001-03-01,29,JO2W,49.4
200104,2001-04-01,29,JO2W,49.5
200105,2001-05-01,29,JO2W,56.7
200106,2001-06-01,29,JO2W,50.8
200107,2001-07-01,29,JO2W,61.9
200108,2001-08-01,29,JO2W,54.1
200109,2001-09-01,29,JO2W,50.8
200110,2001-10-01,29,JO2W,44.0
200111,2001-11-01,29,JO2W,51.6
200112,2001-12-01,29,JO2W,50.5
200201,2002-01-01,29,JO2W,54.3
200202,2002-02-01,29,JO2W,55.9
200203,2002-03-01,29,JO2W,51.8
200204,2002-04-01,29,JO2W,59.5
200205,2002-05-01,29,JO2W,56.8
200206,2002-06-01,29,JO2W,60.1
200207,2002-07-01,29,JO2W,54.3
200208,2002-08-01,29,JO2W,57.2
200209,2002-09-01,29,JO2W,57.7
200210,2002-10-01,29,JO2W,55.6
200211,2002-11-01,29,JO2W,51.2
200212,2002-12-01,29,JO2W,45.5
200301,2003-01-01,29,JO2W,67.3
200302,2003-02-01,29,JO2W,51.8
200303,2003-03-01,29,JO2W,50.9
200304,2003-04-01,29,JO2W,45.2
200305,2003-05-01,29,JO2W,47.3
200306,2003-06-01,29,JO2W,44.2
200307,2003-07-01,29,JO2W,41.8
200308,2003-08-01,29,JO2W,40.8
200309,2003-09-01,29,JO2W,43.7
200310,2003-10-01,29,JO2W,45.1
200311,2003-11-01,29,JO2W,52.5
200312,2003-12-01,29,JO2W,42.3
200401,2004-01-01,29,JO2W,43.8
200402,2004-02-01,29,JO2W,47.0
200403,2004-03-01,29,JO2W,49.7
200404,2004-04-01,29,JO2W,48.2
200405,2004-05-01,29,JO2W,46.2
200406,2004-06-01,29,JO2W,42.7
200407,2004-07-01,29,JO2W,44.7
200408,2004-08-01,29,JO2W,43.1
200409,2004-09-01,29,JO2W,41.1
200410,2004-10-01,29,JO2W,39.8
200411,2004-11-01,29,JO2W,36.9
200412,2004-12-01,29,JO2W,43.1
200501,2005-01-01,29,JO2W,40.0
200502,2005-02-01,29,JO2W,35.1
200503,2005-03-01,29,JO2W,37.0
200504,2005-04-01,29,JO2W,43.1
200505,2005-05-01,29,JO2W,41.1
200506,2005-06-01,29,JO2W,45.5
200507,2005-07-01,29,JO2W,46.6
200508,2005-08-01,29,JO2W,39.4
200509,2005-09-01,29,JO2W,42.1
200510,2005-10-01,29,JO2W,53.3
200511,2005-11-01,29,JO2W,48.3
200512,2005-12-01,29,JO2W,56.2
200601,2006-01-01,29,JO2W,42.3
200602,2006-02-01,29,JO2W,45.4
200603,2006-03-01,29,JO2W,45.0
200604,2006-04-01,29,JO2W,38.6
200605,2006-05-01,29,JO2W,39.5
200606,2006-06-01,29,JO2W,39.0
200607,2006-07-01,29,JO2W,37.5
200608,2006-08-01,29,JO2W,39.0
200609,2006-09-01,29,JO2W,50.3
200610,2006-10-01,29,JO2W,40.6
200611,2006-11-01,29,JO2W,46.3
200612,2006-12-01,29,JO2W,49.6
200701,2007-01-01,29,JO2W,45.5
200702,2007-02-01,29,JO2W,44.8
200703,2007-03-01,29,JO2W,39.7
200704,2007-04-01,29,JO2W,41.5
200705,2007-05-01,29,JO2W,41.5
200706,2007-06-01,29,JO2W,44.3
200707,2007-07-01,29,JO2W,42.4
200708,2007-08-01,29,JO2W,45.8
200709,2007-09-01,29,JO2W,41.4
200710,2007-10-01,29,JO2W,48.5
200711,2007-11-01,29,JO2W,47.8
200712,2007-12-01,29,JO2W,42.6
200801,2008-01-01,29,JO2W,46.8
200802,2008-02-01,29,JO2W,43.7
200803,2008-03-01,29,JO2W,52.0
200804,2008-04-01,29,JO2W,49.1
200805,2008-05-01,29,JO2W,50.2
200806,2008-06-01,29,JO2W,43.5
200807,2008-07-01,29,JO2W,43.8
200808,2008-08-01,29,JO2W,43.0
200809,2008-09-01,29,JO2W,43.8
200810,2008-10-01,29,JO2W,40.7
200811,2008-11-01,29,JO2W,42.1
200812,2008-12-01,29,JO2W,42.8
200901,2009-01-01,29,JO2W,50.0
200902,2009-02-01,29,JO2W,43.6
200903,2009-03-01,29,JO2W,44.3
200904,2009-04-01,29,JO2W,44.4
200905,2009-05-01,29,JO2W,46.7
200906,2009-06-01,29,JO2W,50.2
200907,2009-07-01,29,JO2W,49.7
200908,2009-08-01,29,JO2W,58.0
200909,2009-09-01,29,JO2W,56.8
200910,2009-10-01,29,JO2W,49.0
200911,2009-11-01,29,JO2W,46.4
200912,2009-12-01,29,JO2W,58.7
201001,2010-01-01,29,JO2W,48.7
201002,2010-02-01,29,JO2W,54.6
201003,2010-03-01,29,JO2W,49.1
201004,2010-04-01,29,JO2W,56.8
201005,2010-05-01,29,JO2W,50.7
201006,2010-06-01,29,JO2W,52.3
201007,2010-07-01,29,JO2W,54.8
201008,2010-08-01,29,JO2W,50.8
201009,2010-09-01,29,JO2W,51.8
201010,2010-10-01,29,JO2W,67.4
201011,2010-11-01,29,JO2W,52.1
201012,2010-12-01,29,JO2W,52.7
201101,2011-01-01,29,JO2W,55.2
201102,2011-02-01,29,JO2W,56.8
201103,2011-03-01,29,JO2W,57.5
201104,2011-04-01,29,JO2W,56.9
201105,2011-05-01,29,JO2W,58.7
201106,2011-06-01,29,JO2W,64.8
201107,2011-07-01,29,JO2W,63.8
201108,2011-08-01,29,JO2W,61.4
201109,2011-09-01,29,JO2W,64.4
201110,2011-10-01,29,JO2W,56.9
201111,2011-11-01,29,JO2W,67.2
201112,2011-12-01,29,JO2W,60.9
201201,2012-01-01,29,JO2W,68.4
201202,2012-02-01,29,JO2W,62.3
201203,2012-03-01,29,JO2W,70.5
201204,2012-04-01,29,JO2W,59.5
201205,2012-05-01,29,JO2W,60.7
201206,2012-06-01,29,JO2W,58.8
201207,2012-07-01,29,JO2W,64.0
201208,2012-08-01,29,JO2W,58.2
201209,2012-09-01,29,JO2W,56.4
201210,2012-10-01,29,JO2W,65.1
201211,2012-11-01,29,JO2W,60.3
201212,2012-12-01,29,JO2W,60.8
201301,2013-01-01,29,JO2W,59.9
201302,2013-02-01,29,JO2W,60.7
201303,2013-03-01,29,JO2W,63.2
201304,2013-04-01,29,JO2W,73.1
201305,2013-05-01,29,JO2W,63.6
201306,2013-06-01,29,JO2W,68.9
201307,2013-07-01,29,JO2W,61.2
201308,2013-08-01,29,JO2W,65.2
201309,2013-09-01,29,JO2W,76.0
201310,2013-10-01,29,JO2W,72.1
201311,2013-11-01,29,JO2W,64.4
201312,2013-12-01,29,JO2W,76.6
201401,2014-01-01,29,JO2W,66.7
201402,2014-02-01,29,JO2W,78.1
201403,2014-03-01,29,JO2W,59.8
201404,2014-04-01,29,JO2W,60.6
201405,2014-05-01,29,JO2W,75.6
201406,2014-06-01,29,JO2W,66.2
201407,2014-07-01,29,JO2W,74.4
201408,2014-08-01,29,JO2W,74.1
201409,2014-09-01,29,JO2W,61.8
201410,2014-10-01,29,JO2W,59.9
201411,2014-11-01,29,JO2W,65.6
201412,2014-12-01,29,JO2W,63.0
201501,2015-01-01,29,JO2W,62.8
201502,2015-02-01,29,JO2W,68.1
201503,2015-03-01,29,JO2W,61.8
201504,2015-04-01,29,JO2W,61.2
201505,2015-05-01,29,JO2W,66.2
201506,2015-06-01,29,JO2W,74.3
201507,2015-07-01,29,JO2W,57.0
201508,2015-08-01,29,JO2W,59.0
201509,2015-09-01,29,JO2W,61.0
201510,2015-10-01,29,JO2W,63.2
201511,2015-11-01,29,JO2W,62.2
201512,2015-12-01,29,JO2W,55.8
201601,2016-01-01,29,JO2W,68.4
201602,2016-02-01,29,JO2W,67.6
201603,2016-03-01,29,JO2W,70.8
201604,2016-04-01,29,JO2W,67.8
201605,2016-05-01,29,JO2W,51.5
201606,2016-06-01,29,JO2W,66.2
201607,2016-07-01,29,JO2W,64.1
201608,2016-08-01,29,JO2W,67.9
201609,2016-09-01,29,JO2W,63.6
201610,2016-10-01,29,JO2W,66.0
201611,2016-11-01,29,JO2W,67.4
201612,2016-12-01,29,JO2W,65.8
201701,2017-01-01,29,JO2W,65.8
201702,2017-02-01,29,JO2W,60.4
201703,2017-03-01,29,JO2W,68.7
201704,2017-04-01,29,JO2W,68.4
201705,2017-05-01,29,JO2W,71.6
201706,2017-06-01,29,JO2W,69.2
201707,2017-07-01,29,JO2W,77.2
201708,2017-08-01,29,JO2W,77.5
201709,2017-09-01,29,JO2W,81.2
201710,2017-10-01,29,JO2W,73.1
201711,2017-11-01,29,JO2W,72.7
201712,2017-12-01,29,JO2W,76.1
201801,2018-01-01,29,JO2W,77.8
201802,2018-02-01,29,JO2W,77.0
201803,2018-03-01,29,JO2W,68.6
201804,2018-04-01,29,JO2W,83.2
201805,2018-05-01,29,JO2W,76.6
201806,2018-06-01,29,JO2W,75.7
201807,2018-07-01,29,JO2W,80.6
201808,2018-08-01,29,JO2W,75.5
201809,2018-09-01,29,JO2W,73.8
201810,2018-10-01,29,JO2W,50.1
201811,2018-11-01,29,JO2W,84.5
201812,2018-12-01,29,JO2W,89.3
201901,2019-01-01,29,JO2W,80.6
201902,2019-02-01,29,JO2W,119.3
201903,2019-03-01,29,JO2W,114.5
201904,2019-04-01,29,JO2W,66.3
201905,2019-05-01,29,JO2W,85.8
201906,2019-06-01,29,JO2W,119.0
201907,2019-07-01,29,JO2W,70.8
201908,2019-08-01,29,JO2W,78.4
201909,2019-09-01,29,JO2W,78.9
201910,2019-10-01,29,JO2W,93.9
201911,2019-11-01,29,JO2W,92.1
201912,2019-12-01,29,JO2W,86.9
202001,2020-01-01,29,JO2W,86.2
202002,2020-02-01,29,JO2W,131.5
202003,2020-03-01,29,JO2W,61.5
202004,2020-04-01,29,JO2W,25.2
202005,2020-05-01,29,JO2W,39.6
202006,2020-06-01,29,JO2W,62.7
202007,2020-07-01,29,JO2W,82.3
202008,2020-08-01,29,JO2W,71.3
202009,2020-09-01,29,JO2W,91.5
202010,2020-10-01,29,JO2W,50.4
202011,2020-11-01,29,JO2W,71.9
202012,2020-12-01,29,JO2W,99.7
202101,2021-01-01,29,JO2W,72.4
202102,2021-02-01,29,JO2W,33.3
202103,2021-03-01,29,JO2W,80.5
202104,2021-04-01,29,JO2W,78.4
202105,2021-05-01,29,JO2W,83.0
202106,2021-06-01,29,JO2W,158.9
202107,2021-07-01,29,JO2W,98.6
202108,2021-08-01,29,JO2W,95.4
202109,2021-09-01,29,JO2W,84.8
202110,2021-10-01,29,JO2W,137.2
202111,2021-11-01,29,JO2W,109.4
202112,2021-12-01,29,JO2W,99.3
202201,2022-01-01,29,JO2W,122.0
202202,2022-02-01,29,JO2W,89.0
202203,2022-03-01,29,JO2W,170.8
202204,2022-04-01,29,JO2W,93.5
202205,2022-05-01,29,JO2W,94.9
202206,2022-06-01,29,JO2W,143.1
202207,2022-07-01,29,JO2W,96.2
202208,2022-08-01,29,JO2W,94.5
202209,2022-09-01,29,JO2W,99.3
202210,2022-10-01,29,JO2W,101.8
202211,2022-11-01,29,JO2W,80.9
202212,2022-12-01,29,JO2W,81.8
202301,2023-01-01,29,JO2W,84.2
202302,2023-02-01,29,JO2W,154.1
202303,2023-03-01,29,JO2W,79.3
202304,2023-04-01,29,JO2W,86.9
202305,2023-05-01,29,JO2W,94.2
202306,2023-06-01,29,JO2W,109.5
202307,2023-07-01,29,JO2W,97.8
202308,2023-08-01,29,JO2W,105.3
202309,2023-09-01,29,JO2W,106.1
202310,2023-10-01,29,JO2W,94.1
202311,2023-11-01,29,JO2W,93.3
202312,2023-12-01,29,JO2W,97.2
202401,2024-01-01,29,JO2W,98.5
202402,2024-02-01,29,JO2W,101.7
202403,2024-03-01,29,JO2W,139.8
202404,2024-04-01,29,JO2W,116.8
202405,2024-05-01,29,JO2W,102.7
202406,2024-06-01,29,JO2W,91.0
202407,2024-07-01,29,JO2W,91.0
202408,2024-08-01,29,JO2W,95.8
202409,2024-09-01,29,JO2W,95.6
202410,2024-10-01,29,JO2W,106.0
202411,2024-11-01,29,JO2W,108.4
202412,2024-12-01,29,JO2W,103.8
202501,2025-01-01,29,JO2W,98.6
202502,2025-02-01,29,JO2W,104.1
202503,2025-03-01,29,JO2W,138.6
202504,2025-04-01,29,JO2W,98.3
202505,2025-05-01,29,JO2W,114.5
202506,2025-06-01,29,JO2W,109.9
202507,2025-07-01,29,JO2W,90.5
202508,2025-08-01,29,JO2W,115.6
202509,2025-09-01,29,JO2W,108.9
202510,2025-10-01,29,JO2W,142.6
202511,2025-11-01,29,JO2W,104.8
202512,2025-12-01,29,JO2W,115.6
202601,2026-01-01,29,JO2W,132.6
202602,2026-02-01,29,JO2W,110.9
202603,2026-03-01,29,JO2W,128.6
202604,2026-04-01,29,JO2W,170.1
202605,2026-05-01,29,JO2W,121.7
202606,2026-06-01,29,JO2W,124.4
198801,1988-01-01,30,J5BI,15.3
198802,1988-02-01,30,J5BI,14.8
198803,1988-03-01,30,J5BI,14.8
198804,1988-04-01,30,J5BI,15.9
198805,1988-05-01,30,J5BI,15.6
198806,1988-06-01,30,J5BI,15.8
198807,1988-07-01,30,J5BI,16.1
198808,1988-08-01,30,J5BI,16.1
198809,1988-09-01,30,J5BI,15.5
198810,1988-10-01,30,J5BI,16.1
198811,1988-11-01,30,J5BI,16.2
198812,1988-12-01,30,J5BI,16.7
198901,1989-01-01,30,J5BI,16.0
198902,1989-02-01,30,J5BI,16.4
198903,1989-03-01,30,J5BI,16.8
198904,1989-04-01,30,J5BI,16.2
198905,1989-05-01,30,J5BI,16.8
198906,1989-06-01,30,J5BI,16.6
198907,1989-07-01,30,J5BI,16.6
198908,1989-08-01,30,J5BI,16.6
198909,1989-09-01,30,J5BI,16.7
198910,1989-10-01,30,J5BI,16.7
198911,1989-11-01,30,J5BI,16.6
198912,1989-12-01,30,J5BI,18.3
199001,1990-01-01,30,J5BI,16.8
199002,1990-02-01,30,J5BI,17.1
199003,1990-03-01,30,J5BI,17.3
199004,1990-04-01,30,J5BI,17.9
199005,1990-05-01,30,J5BI,17.8
199006,1990-06-01,30,J5BI,17.7
199007,1990-07-01,30,J5BI,17.9
199008,1990-08-01,30,J5BI,17.8
199009,1990-09-01,30,J5BI,17.3
199010,1990-10-01,30,J5BI,17.2
199011,1990-11-01,30,J5BI,17.3
199012,1990-12-01,30,J5BI,19.7
199101,1991-01-01,30,J5BI,17.5
199102,1991-02-01,30,J5BI,17.1
199103,1991-03-01,30,J5BI,17.4
199104,1991-04-01,30,J5BI,16.8
199105,1991-05-01,30,J5BI,17.2
199106,1991-06-01,30,J5BI,17.4
199107,1991-07-01,30,J5BI,17.5
199108,1991-08-01,30,J5BI,17.2
199109,1991-09-01,30,J5BI,17.5
199110,1991-10-01,30,J5BI,17.5
199111,1991-11-01,30,J5BI,17.6
199112,1991-12-01,30,J5BI,17.6
199201,1992-01-01,30,J5BI,18.0
199202,1992-02-01,30,J5BI,17.6
199203,1992-03-01,30,J5BI,16.4
199204,1992-04-01,30,J5BI,16.8
199205,1992-05-01,30,J5BI,16.8
199206,1992-06-01,30,J5BI,16.9
199207,1992-07-01,30,J5BI,16.6
199208,1992-08-01,30,J5BI,16.9
199209,1992-09-01,30,J5BI,17.8
199210,1992-10-01,30,J5BI,17.7
199211,1992-11-01,30,J5BI,17.9
199212,1992-12-01,30,J5BI,15.8
199301,1993-01-01,30,J5BI,17.8
199302,1993-02-01,30,J5BI,18.0
199303,1993-03-01,30,J5BI,18.4
199304,1993-04-01,30,J5BI,17.8
199305,1993-05-01,30,J5BI,17.6
199306,1993-06-01,30,J5BI,17.7
199307,1993-07-01,30,J5BI,17.6
199308,1993-08-01,30,J5BI,17.9
199309,1993-09-01,30,J5BI,18.1
199310,1993-10-01,30,J5BI,18.1
199311,1993-11-01,30,J5BI,18.1
199312,1993-12-01,30,J5BI,17.3
199401,1994-01-01,30,J5BI,17.9
199402,1994-02-01,30,J5BI,18.6
199403,1994-03-01,30,J5BI,18.1
199404,1994-04-01,30,J5BI,18.9
199405,1994-05-01,30,J5BI,19.0
199406,1994-06-01,30,J5BI,18.0
199407,1994-07-01,30,J5BI,17.5
199408,1994-08-01,30,J5BI,18.6
199409,1994-09-01,30,J5BI,18.1
199410,1994-10-01,30,J5BI,17.8
199411,1994-11-01,30,J5BI,18.0
199412,1994-12-01,30,J5BI,18.4
199501,1995-01-01,30,J5BI,17.0
199502,1995-02-01,30,J5BI,17.8
199503,1995-03-01,30,J5BI,17.8
199504,1995-04-01,30,J5BI,16.5
199505,1995-05-01,30,J5BI,17.3
199506,1995-06-01,30,J5BI,17.8
199507,1995-07-01,30,J5BI,17.7
199508,1995-08-01,30,J5BI,17.1
199509,1995-09-01,30,J5BI,16.7
199510,1995-10-01,30,J5BI,16.9
199511,1995-11-01,30,J5BI,17.1
199512,1995-12-01,30,J5BI,16.7
199601,1996-01-01,30,J5BI,16.9
199602,1996-02-01,30,J5BI,17.7
199603,1996-03-01,30,J5BI,16.9
199604,1996-04-01,30,J5BI,17.4
199605,1996-05-01,30,J5BI,17.2
199606,1996-06-01,30,J5BI,17.3
199607,1996-07-01,30,J5BI,17.6
199608,1996-08-01,30,J5BI,17.2
199609,1996-09-01,30,J5BI,17.8
199610,1996-10-01,30,J5BI,17.6
199611,1996-11-01,30,J5BI,17.1
199612,1996-12-01,30,J5BI,17.1
199701,1997-01-01,30,J5BI,17.8
199702,1997-02-01,30,J5BI,16.8
199703,1997-03-01,30,J5BI,17.7
199704,1997-04-01,30,J5BI,17.2
199705,1997-05-01,30,J5BI,17.6
199706,1997-06-01,30,J5BI,17.6
199707,1997-07-01,30,J5BI,18.2
199708,1997-08-01,30,J5BI,17.3
199709,1997-09-01,30,J5BI,17.2
199710,1997-10-01,30,J5BI,17.5
199711,1997-11-01,30,J5BI,17.1
199712,1997-12-01,30,J5BI,17.5
199801,1998-01-01,30,J5BI,17.4
199802,1998-02-01,30,J5BI,17.4
199803,1998-03-01,30,J5BI,17.5
199804,1998-04-01,30,J5BI,17.7
199805,1998-05-01,30,J5BI,17.4
199806,1998-06-01,30,J5BI,17.8
199807,1998-07-01,30,J5BI,17.8
199808,1998-08-01,30,J5BI,17.7
199809,1998-09-01,30,J5BI,17.6
199810,1998-10-01,30,J5BI,17.4
199811,1998-11-01,30,J5BI,17.4
199812,1998-12-01,30,J5BI,17.4
199901,1999-01-01,30,J5BI,17.9
199902,1999-02-01,30,J5BI,17.6
199903,1999-03-01,30,J5BI,18.0
199904,1999-04-01,30,J5BI,17.7
199905,1999-05-01,30,J5BI,17.4
199906,1999-06-01,30,J5BI,17.6
199907,1999-07-01,30,J5BI,17.2
199908,1999-08-01,30,J5BI,17.6
199909,1999-09-01,30,J5BI,16.9
199910,1999-10-01,30,J5BI,16.9
199911,1999-11-01,30,J5BI,17.3
199912,1999-12-01,30,J5BI,16.6
200001,2000-01-01,30,J5BI,17.5
200002,2000-02-01,30,J5BI,18.0
200003,2000-03-01,30,J5BI,18.4
200004,2000-04-01,30,J5BI,17.2
200005,2000-05-01,30,J5BI,18.3
200006,2000-06-01,30,J5BI,17.5
200007,2000-07-01,30,J5BI,17.5
200008,2000-08-01,30,J5BI,18.1
200009,2000-09-01,30,J5BI,18.2
200010,2000-10-01,30,J5BI,18.6
200011,2000-11-01,30,J5BI,18.9
200012,2000-12-01,30,J5BI,20.0
200101,2001-01-01,30,J5BI,16.8
200102,2001-02-01,30,J5BI,15.7
200103,2001-03-01,30,J5BI,17.1
200104,2001-04-01,30,J5BI,17.1
200105,2001-05-01,30,J5BI,17.8
200106,2001-06-01,30,J5BI,17.6
200107,2001-07-01,30,J5BI,18.4
200108,2001-08-01,30,J5BI,17.2
200109,2001-09-01,30,J5BI,18.5
200110,2001-10-01,30,J5BI,18.0
200111,2001-11-01,30,J5BI,17.5
200112,2001-12-01,30,J5BI,17.9
200201,2002-01-01,30,J5BI,17.2
200202,2002-02-01,30,J5BI,17.4
200203,2002-03-01,30,J5BI,17.3
200204,2002-04-01,30,J5BI,17.5
200205,2002-05-01,30,J5BI,17.7
200206,2002-06-01,30,J5BI,18.2
200207,2002-07-01,30,J5BI,18.7
200208,2002-08-01,30,J5BI,19.0
200209,2002-09-01,30,J5BI,18.5
200210,2002-10-01,30,J5BI,18.6
200211,2002-11-01,30,J5BI,18.3
200212,2002-12-01,30,J5BI,17.0
200301,2003-01-01,30,J5BI,16.5
200302,2003-02-01,30,J5BI,15.7
200303,2003-03-01,30,J5BI,15.8
200304,2003-04-01,30,J5BI,15.9
200305,2003-05-01,30,J5BI,15.8
200306,2003-06-01,30,J5BI,16.0
200307,2003-07-01,30,J5BI,16.2
200308,2003-08-01,30,J5BI,16.1
200309,2003-09-01,30,J5BI,16.6
200310,2003-10-01,30,J5BI,16.9
200311,2003-11-01,30,J5BI,17.4
200312,2003-12-01,30,J5BI,16.7
200401,2004-01-01,30,J5BI,17.7
200402,2004-02-01,30,J5BI,17.1
200403,2004-03-01,30,J5BI,17.7
200404,2004-04-01,30,J5BI,17.9
200405,2004-05-01,30,J5BI,18.2
200406,2004-06-01,30,J5BI,18.6
200407,2004-07-01,30,J5BI,18.3
200408,2004-08-01,30,J5BI,17.2
200409,2004-09-01,30,J5BI,18.8
200410,2004-10-01,30,J5BI,18.3
200411,2004-11-01,30,J5BI,18.2
200412,2004-12-01,30,J5BI,17.9
200501,2005-01-01,30,J5BI,18.4
200502,2005-02-01,30,J5BI,18.6
200503,2005-03-01,30,J5BI,18.2
200504,2005-04-01,30,J5BI,18.4
200505,2005-05-01,30,J5BI,17.7
200506,2005-06-01,30,J5BI,17.9
200507,2005-07-01,30,J5BI,17.9
200508,2005-08-01,30,J5BI,17.7
200509,2005-09-01,30,J5BI,17.4
200510,2005-10-01,30,J5BI,17.9
200511,2005-11-01,30,J5BI,17.6
200512,2005-12-01,30,J5BI,18.1
200601,2006-01-01,30,J5BI,17.7
200602,2006-02-01,30,J5BI,17.5
200603,2006-03-01,30,J5BI,18.9
200604,2006-04-01,30,J5BI,17.9
200605,2006-05-01,30,J5BI,18.4
200606,2006-06-01,30,J5BI,18.6
200607,2006-07-01,30,J5BI,17.6
200608,2006-08-01,30,J5BI,19.0
200609,2006-09-01,30,J5BI,18.4
200610,2006-10-01,30,J5BI,18.4
200611,2006-11-01,30,J5BI,18.5
200612,2006-12-01,30,J5BI,18.9
200701,2007-01-01,30,J5BI,18.2
200702,2007-02-01,30,J5BI,18.5
200703,2007-03-01,30,J5BI,18.6
200704,2007-04-01,30,J5BI,19.0
200705,2007-05-01,30,J5BI,19.0
200706,2007-06-01,30,J5BI,19.3
200707,2007-07-01,30,J5BI,19.5
200708,2007-08-01,30,J5BI,19.0
200709,2007-09-01,30,J5BI,18.9
200710,2007-10-01,30,J5BI,19.2
200711,2007-11-01,30,J5BI,20.1
200712,2007-12-01,30,J5BI,19.8
200801,2008-01-01,30,J5BI,20.3
200802,2008-02-01,30,J5BI,20.8
200803,2008-03-01,30,J5BI,20.3
200804,2008-04-01,30,J5BI,20.0
200805,2008-05-01,30,J5BI,20.2
200806,2008-06-01,30,J5BI,20.1
200807,2008-07-01,30,J5BI,19.8
200808,2008-08-01,30,J5BI,19.9
200809,2008-09-01,30,J5BI,20.4
200810,2008-10-01,30,J5BI,20.4
200811,2008-11-01,30,J5BI,21.4
200812,2008-12-01,30,J5BI,21.5
200901,2009-01-01,30,J5BI,21.0
200902,2009-02-01,30,J5BI,19.4
200903,2009-03-01,30,J5BI,20.6
200904,2009-04-01,30,J5BI,20.9
200905,2009-05-01,30,J5BI,20.9
200906,2009-06-01,30,J5BI,20.8
200907,2009-07-01,30,J5BI,22.1
200908,2009-08-01,30,J5BI,22.5
200909,2009-09-01,30,J5BI,23.1
200910,2009-10-01,30,J5BI,22.8
200911,2009-11-01,30,J5BI,23.8
200912,2009-12-01,30,J5BI,22.6
201001,2010-01-01,30,J5BI,22.6
201002,2010-02-01,30,J5BI,22.8
201003,2010-03-01,30,J5BI,23.2
201004,2010-04-01,30,J5BI,23.4
201005,2010-05-01,30,J5BI,23.1
201006,2010-06-01,30,J5BI,22.9
201007,2010-07-01,30,J5BI,24.6
201008,2010-08-01,30,J5BI,25.2
201009,2010-09-01,30,J5BI,24.9
201010,2010-10-01,30,J5BI,25.1
201011,2010-11-01,30,J5BI,24.8
201012,2010-12-01,30,J5BI,25.6
201101,2011-01-01,30,J5BI,26.5
201102,2011-02-01,30,J5BI,26.4
201103,2011-03-01,30,J5BI,26.0
201104,2011-04-01,30,J5BI,26.0
201105,2011-05-01,30,J5BI,26.9
201106,2011-06-01,30,J5BI,27.8
201107,2011-07-01,30,J5BI,27.7
201108,2011-08-01,30,J5BI,28.3
201109,2011-09-01,30,J5BI,28.3
201110,2011-10-01,30,J5BI,28.3
201111,2011-11-01,30,J5BI,29.4
201112,2011-12-01,30,J5BI,29.3
201201,2012-01-01,30,J5BI,29.0
201202,2012-02-01,30,J5BI,28.6
201203,2012-03-01,30,J5BI,29.3
201204,2012-04-01,30,J5BI,29.6
201205,2012-05-01,30,J5BI,30.2
201206,2012-06-01,30,J5BI,29.4
201207,2012-07-01,30,J5BI,31.0
201208,2012-08-01,30,J5BI,29.1
201209,2012-09-01,30,J5BI,30.6
201210,2012-10-01,30,J5BI,31.2
201211,2012-11-01,30,J5BI,31.0
201212,2012-12-01,30,J5BI,33.4
201301,2013-01-01,30,J5BI,32.8
201302,2013-02-01,30,J5BI,33.8
201303,2013-03-01,30,J5BI,34.3
201304,2013-04-01,30,J5BI,33.8
201305,2013-05-01,30,J5BI,34.6
201306,2013-06-01,30,J5BI,35.6
201307,2013-07-01,30,J5BI,35.9
201308,2013-08-01,30,J5BI,37.4
201309,2013-09-01,30,J5BI,35.5
201310,2013-10-01,30,J5BI,35.7
201311,2013-11-01,30,J5BI,36.9
201312,2013-12-01,30,J5BI,36.9
201401,2014-01-01,30,J5BI,35.4
201402,2014-02-01,30,J5BI,40.0
201403,2014-03-01,30,J5BI,38.2
201404,2014-04-01,30,J5BI,39.6
201405,2014-05-01,30,J5BI,41.5
201406,2014-06-01,30,J5BI,39.7
201407,2014-07-01,30,J5BI,39.2
201408,2014-08-01,30,J5BI,38.9
201409,2014-09-01,30,J5BI,39.7
201410,2014-10-01,30,J5BI,39.5
201411,2014-11-01,30,J5BI,39.5
201412,2014-12-01,30,J5BI,42.3
201501,2015-01-01,30,J5BI,42.5
201502,2015-02-01,30,J5BI,41.4
201503,2015-03-01,30,J5BI,42.0
201504,2015-04-01,30,J5BI,43.1
201505,2015-05-01,30,J5BI,42.2
201506,2015-06-01,30,J5BI,43.4
201507,2015-07-01,30,J5BI,44.8
201508,2015-08-01,30,J5BI,42.5
201509,2015-09-01,30,J5BI,43.9
201510,2015-10-01,30,J5BI,43.6
201511,2015-11-01,30,J5BI,43.8
201512,2015-12-01,30,J5BI,42.5
201601,2016-01-01,30,J5BI,46.6
201602,2016-02-01,30,J5BI,44.8
201603,2016-03-01,30,J5BI,46.1
201604,2016-04-01,30,J5BI,45.9
201605,2016-05-01,30,J5BI,49.1
201606,2016-06-01,30,J5BI,48.8
201607,2016-07-01,30,J5BI,49.1
201608,2016-08-01,30,J5BI,50.8
201609,2016-09-01,30,J5BI,53.0
201610,2016-10-01,30,J5BI,54.7
201611,2016-11-01,30,J5BI,56.0
201612,2016-12-01,30,J5BI,56.2
201701,2017-01-01,30,J5BI,55.5
201702,2017-02-01,30,J5BI,54.9
201703,2017-03-01,30,J5BI,55.0
201704,2017-04-01,30,J5BI,57.4
201705,2017-05-01,30,J5BI,55.8
201706,2017-06-01,30,J5BI,58.4
201707,2017-07-01,30,J5BI,57.6
201708,2017-08-01,30,J5BI,60.4
201709,2017-09-01,30,J5BI,64.3
201710,2017-10-01,30,J5BI,62.0
201711,2017-11-01,30,J5BI,62.8
201712,2017-12-01,30,J5BI,62.4
201801,2018-01-01,30,J5BI,60.5
201802,2018-02-01,30,J5BI,62.3
201803,2018-03-01,30,J5BI,60.9
201804,2018-04-01,30,J5BI,62.8
201805,2018-05-01,30,J5BI,65.7
201806,2018-06-01,30,J5BI,65.1
201807,2018-07-01,30,J5BI,67.5
201808,2018-08-01,30,J5BI,68.9
201809,2018-09-01,30,J5BI,68.8
201810,2018-10-01,30,J5BI,68.1
201811,2018-11-01,30,J5BI,69.4
201812,2018-12-01,30,J5BI,68.9
201901,2019-01-01,30,J5BI,68.2
201902,2019-02-01,30,J5BI,71.2
201903,2019-03-01,30,J5BI,73.6
201904,2019-04-01,30,J5BI,73.4
201905,2019-05-01,30,J5BI,73.3
201906,2019-06-01,30,J5BI,74.1
201907,2019-07-01,30,J5BI,81.8
201908,2019-08-01,30,J5BI,78.8
201909,2019-09-01,30,J5BI,78.4
201910,2019-10-01,30,J5BI,76.6
201911,2019-11-01,30,J5BI,76.9
201912,2019-12-01,30,J5BI,77.4
202001,2020-01-01,30,J5BI,76.6
202002,2020-02-01,30,J5BI,75.6
202003,2020-03-01,30,J5BI,77.8
202004,2020-04-01,30,J5BI,90.9
202005,2020-05-01,30,J5BI,110.8
202006,2020-06-01,30,J5BI,111.7
202007,2020-07-01,30,J5BI,108.2
202008,2020-08-01,30,J5BI,105.1
202009,2020-09-01,30,J5BI,103.6
202010,2020-10-01,30,J5BI,110.2
202011,2020-11-01,30,J5BI,108.9
202012,2020-12-01,30,J5BI,102.4
202101,2021-01-01,30,J5BI,112.9
202102,2021-02-01,30,J5BI,109.3
202103,2021-03-01,30,J5BI,108.5
202104,2021-04-01,30,J5BI,108.4
202105,2021-05-01,30,J5BI,102.9
202106,2021-06-01,30,J5BI,102.7
202107,2021-07-01,30,J5BI,98.1
202108,2021-08-01,30,J5BI,98.2
202109,2021-09-01,30,J5BI,99.7
202110,2021-10-01,30,J5BI,97.8
202111,2021-11-01,30,J5BI,100.0
202112,2021-12-01,30,J5BI,104.4
202201,2022-01-01,30,J5BI,109.2
202202,2022-02-01,30,J5BI,103.4
202203,2022-03-01,30,J5BI,95.9
202204,2022-04-01,30,J5BI,100.6
202205,2022-05-01,30,J5BI,98.5
202206,2022-06-01,30,J5BI,95.5
202207,2022-07-01,30,J5BI,96.1
202208,2022-08-01,30,J5BI,95.1
202209,2022-09-01,30,J5BI,94.7
202210,2022-10-01,30,J5BI,95.8
202211,2022-11-01,30,J5BI,93.0
202212,2022-12-01,30,J5BI,93.8
202301,2023-01-01,30,J5BI,97.4
202302,2023-02-01,30,J5BI,98.6
202303,2023-03-01,30,J5BI,98.6
202304,2023-04-01,30,J5BI,99.6
202305,2023-05-01,30,J5BI,99.6
202306,2023-06-01,30,J5BI,99.4
202307,2023-07-01,30,J5BI,100.8
202308,2023-08-01,30,J5BI,102.1
202309,2023-09-01,30,J5BI,99.6
202310,2023-10-01,30,J5BI,101.5
202311,2023-11-01,30,J5BI,102.9
202312,2023-12-01,30,J5BI,100.5
202401,2024-01-01,30,J5BI,100.8
202402,2024-02-01,30,J5BI,101.7
202403,2024-03-01,30,J5BI,100.5
202404,2024-04-01,30,J5BI,101.0
202405,2024-05-01,30,J5BI,106.6
202406,2024-06-01,30,J5BI,103.9
202407,2024-07-01,30,J5BI,104.7
202408,2024-08-01,30,J5BI,101.9
202409,2024-09-01,30,J5BI,102.1
202410,2024-10-01,30,J5BI,101.9
202411,2024-11-01,30,J5BI,102.7
202412,2024-12-01,30,J5BI,100.3
202501,2025-01-01,30,J5BI,96.7
202502,2025-02-01,30,J5BI,102.3
202503,2025-03-01,30,J5BI,104.6
202504,2025-04-01,30,J5BI,105.3
202505,2025-05-01,30,J5BI,105.3
202506,2025-06-01,30,J5BI,105.7
202507,2025-07-01,30,J5BI,108.2
202508,2025-08-01,30,J5BI,109.8
202509,2025-09-01,30,J5BI,110.7
202510,2025-10-01,30,J5BI,108.2
202511,2025-11-01,30,J5BI,105.0
202512,2025-12-01,30,J5BI,110.1
202601,2026-01-01,30,J5BI,111.7
202602,2026-02-01,30,J5BI,111.0
202603,2026-03-01,30,J5BI,114.1
202604,2026-04-01,30,J5BI,113.1
202605,2026-05-01,30,J5BI,118.3
202606,2026-06-01,30,J5BI,122.9
198801,1988-01-01,31,JO2X,10.8
198802,1988-02-01,31,JO2X,10.3
198803,1988-03-01,31,JO2X,10.4
198804,1988-04-01,31,JO2X,11.2
198805,1988-05-01,31,JO2X,10.7
198806,1988-06-01,31,JO2X,11.1
198807,1988-07-01,31,JO2X,11.3
198808,1988-08-01,31,JO2X,11.3
198809,1988-09-01,31,JO2X,10.7
198810,1988-10-01,31,JO2X,11.3
198811,1988-11-01,31,JO2X,11.5
198812,1988-12-01,31,JO2X,12.0
198901,1989-01-01,31,JO2X,11.3
198902,1989-02-01,31,JO2X,11.6
198903,1989-03-01,31,JO2X,12.0
198904,1989-04-01,31,JO2X,11.3
198905,1989-05-01,31,JO2X,11.9
198906,1989-06-01,31,JO2X,11.7
198907,1989-07-01,31,JO2X,11.6
198908,1989-08-01,31,JO2X,11.8
198909,1989-09-01,31,JO2X,11.7
198910,1989-10-01,31,JO2X,11.7
198911,1989-11-01,31,JO2X,11.7
198912,1989-12-01,31,JO2X,13.2
199001,1990-01-01,31,JO2X,12.1
199002,1990-02-01,31,JO2X,12.1
199003,1990-03-01,31,JO2X,12.4
199004,1990-04-01,31,JO2X,12.9
199005,1990-05-01,31,JO2X,12.8
199006,1990-06-01,31,JO2X,12.7
199007,1990-07-01,31,JO2X,12.9
199008,1990-08-01,31,JO2X,12.7
199009,1990-09-01,31,JO2X,12.2
199010,1990-10-01,31,JO2X,12.2
199011,1990-11-01,31,JO2X,12.2
199012,1990-12-01,31,JO2X,14.6
199101,1991-01-01,31,JO2X,12.7
199102,1991-02-01,31,JO2X,12.0
199103,1991-03-01,31,JO2X,12.3
199104,1991-04-01,31,JO2X,11.7
199105,1991-05-01,31,JO2X,12.2
199106,1991-06-01,31,JO2X,12.3
199107,1991-07-01,31,JO2X,12.4
199108,1991-08-01,31,JO2X,12.0
199109,1991-09-01,31,JO2X,12.3
199110,1991-10-01,31,JO2X,12.5
199111,1991-11-01,31,JO2X,12.6
199112,1991-12-01,31,JO2X,12.4
199201,1992-01-01,31,JO2X,13.0
199202,1992-02-01,31,JO2X,12.3
199203,1992-03-01,31,JO2X,11.3
199204,1992-04-01,31,JO2X,11.8
199205,1992-05-01,31,JO2X,11.9
199206,1992-06-01,31,JO2X,11.8
199207,1992-07-01,31,JO2X,11.7
199208,1992-08-01,31,JO2X,12.0
199209,1992-09-01,31,JO2X,13.0
199210,1992-10-01,31,JO2X,12.8
199211,1992-11-01,31,JO2X,13.0
199212,1992-12-01,31,JO2X,10.9
199301,1993-01-01,31,JO2X,12.8
199302,1993-02-01,31,JO2X,13.0
199303,1993-03-01,31,JO2X,13.4
199304,1993-04-01,31,JO2X,12.8
199305,1993-05-01,31,JO2X,12.6
199306,1993-06-01,31,JO2X,12.9
199307,1993-07-01,31,JO2X,12.7
199308,1993-08-01,31,JO2X,13.1
199309,1993-09-01,31,JO2X,13.3
199310,1993-10-01,31,JO2X,13.4
199311,1993-11-01,31,JO2X,13.3
199312,1993-12-01,31,JO2X,12.4
199401,1994-01-01,31,JO2X,13.2
199402,1994-02-01,31,JO2X,14.2
199403,1994-03-01,31,JO2X,13.4
199404,1994-04-01,31,JO2X,14.4
199405,1994-05-01,31,JO2X,14.3
199406,1994-06-01,31,JO2X,13.4
199407,1994-07-01,31,JO2X,12.8
199408,1994-08-01,31,JO2X,14.0
199409,1994-09-01,31,JO2X,13.4
199410,1994-10-01,31,JO2X,13.0
199411,1994-11-01,31,JO2X,13.3
199412,1994-12-01,31,JO2X,13.7
199501,1995-01-01,31,JO2X,12.6
199502,1995-02-01,31,JO2X,13.5
199503,1995-03-01,31,JO2X,13.6
199504,1995-04-01,31,JO2X,12.1
199505,1995-05-01,31,JO2X,13.1
199506,1995-06-01,31,JO2X,13.6
199507,1995-07-01,31,JO2X,13.4
199508,1995-08-01,31,JO2X,12.9
199509,1995-09-01,31,JO2X,12.5
199510,1995-10-01,31,JO2X,12.7
199511,1995-11-01,31,JO2X,12.9
199512,1995-12-01,31,JO2X,12.6
199601,1996-01-01,31,JO2X,12.8
199602,1996-02-01,31,JO2X,13.5
199603,1996-03-01,31,JO2X,12.7
199604,1996-04-01,31,JO2X,13.2
199605,1996-05-01,31,JO2X,13.0
199606,1996-06-01,31,JO2X,13.1
199607,1996-07-01,31,JO2X,13.4
199608,1996-08-01,31,JO2X,13.1
199609,1996-09-01,31,JO2X,13.6
199610,1996-10-01,31,JO2X,13.6
199611,1996-11-01,31,JO2X,13.0
199612,1996-12-01,31,JO2X,13.0
199701,1997-01-01,31,JO2X,13.6
199702,1997-02-01,31,JO2X,12.6
199703,1997-03-01,31,JO2X,13.5
199704,1997-04-01,31,JO2X,13.0
199705,1997-05-01,31,JO2X,13.4
199706,1997-06-01,31,JO2X,13.4
199707,1997-07-01,31,JO2X,14.2
199708,1997-08-01,31,JO2X,13.1
199709,1997-09-01,31,JO2X,13.2
199710,1997-10-01,31,JO2X,13.5
199711,1997-11-01,31,JO2X,13.1
199712,1997-12-01,31,JO2X,13.5
199801,1998-01-01,31,JO2X,13.5
199802,1998-02-01,31,JO2X,13.5
199803,1998-03-01,31,JO2X,13.7
199804,1998-04-01,31,JO2X,14.0
199805,1998-05-01,31,JO2X,13.6
199806,1998-06-01,31,JO2X,14.0
199807,1998-07-01,31,JO2X,14.0
199808,1998-08-01,31,JO2X,13.9
199809,1998-09-01,31,JO2X,13.7
199810,1998-10-01,31,JO2X,13.6
199811,1998-11-01,31,JO2X,13.8
199812,1998-12-01,31,JO2X,14.0
199901,1999-01-01,31,JO2X,14.3
199902,1999-02-01,31,JO2X,14.1
199903,1999-03-01,31,JO2X,14.6
199904,1999-04-01,31,JO2X,14.4
199905,1999-05-01,31,JO2X,14.1
199906,1999-06-01,31,JO2X,14.3
199907,1999-07-01,31,JO2X,13.9
199908,1999-08-01,31,JO2X,14.6
199909,1999-09-01,31,JO2X,13.8
199910,1999-10-01,31,JO2X,13.8
199911,1999-11-01,31,JO2X,14.1
199912,1999-12-01,31,JO2X,13.6
200001,2000-01-01,31,JO2X,13.9
200002,2000-02-01,31,JO2X,14.7
200003,2000-03-01,31,JO2X,14.8
200004,2000-04-01,31,JO2X,13.5
200005,2000-05-01,31,JO2X,14.7
200006,2000-06-01,31,JO2X,14.1
200007,2000-07-01,31,JO2X,14.2
200008,2000-08-01,31,JO2X,14.8
200009,2000-09-01,31,JO2X,15.0
200010,2000-10-01,31,JO2X,14.7
200011,2000-11-01,31,JO2X,15.0
200012,2000-12-01,31,JO2X,16.8
200101,2001-01-01,31,JO2X,13.6
200102,2001-02-01,31,JO2X,12.9
200103,2001-03-01,31,JO2X,13.7
200104,2001-04-01,31,JO2X,13.9
200105,2001-05-01,31,JO2X,14.5
200106,2001-06-01,31,JO2X,14.6
200107,2001-07-01,31,JO2X,15.3
200108,2001-08-01,31,JO2X,13.9
200109,2001-09-01,31,JO2X,15.2
200110,2001-10-01,31,JO2X,14.6
200111,2001-11-01,31,JO2X,13.9
200112,2001-12-01,31,JO2X,14.3
200201,2002-01-01,31,JO2X,13.6
200202,2002-02-01,31,JO2X,13.8
200203,2002-03-01,31,JO2X,13.8
200204,2002-04-01,31,JO2X,14.0
200205,2002-05-01,31,JO2X,13.9
200206,2002-06-01,31,JO2X,14.2
200207,2002-07-01,31,JO2X,14.5
200208,2002-08-01,31,JO2X,15.0
200209,2002-09-01,31,JO2X,14.6
200210,2002-10-01,31,JO2X,14.6
200211,2002-11-01,31,JO2X,14.6
200212,2002-12-01,31,JO2X,12.9
200301,2003-01-01,31,JO2X,12.8
200302,2003-02-01,31,JO2X,12.4
200303,2003-03-01,31,JO2X,12.8
200304,2003-04-01,31,JO2X,12.6
200305,2003-05-01,31,JO2X,12.7
200306,2003-06-01,31,JO2X,13.2
200307,2003-07-01,31,JO2X,13.2
200308,2003-08-01,31,JO2X,13.1
200309,2003-09-01,31,JO2X,13.5
200310,2003-10-01,31,JO2X,13.7
200311,2003-11-01,31,JO2X,14.1
200312,2003-12-01,31,JO2X,13.4
200401,2004-01-01,31,JO2X,14.0
200402,2004-02-01,31,JO2X,13.9
200403,2004-03-01,31,JO2X,14.2
200404,2004-04-01,31,JO2X,14.2
200405,2004-05-01,31,JO2X,14.7
200406,2004-06-01,31,JO2X,14.9
200407,2004-07-01,31,JO2X,14.7
200408,2004-08-01,31,JO2X,14.2
200409,2004-09-01,31,JO2X,15.2
200410,2004-10-01,31,JO2X,14.8
200411,2004-11-01,31,JO2X,15.1
200412,2004-12-01,31,JO2X,14.7
200501,2005-01-01,31,JO2X,15.1
200502,2005-02-01,31,JO2X,15.1
200503,2005-03-01,31,JO2X,14.9
200504,2005-04-01,31,JO2X,15.4
200505,2005-05-01,31,JO2X,14.7
200506,2005-06-01,31,JO2X,15.1
200507,2005-07-01,31,JO2X,14.9
200508,2005-08-01,31,JO2X,14.7
200509,2005-09-01,31,JO2X,14.7
200510,2005-10-01,31,JO2X,15.2
200511,2005-11-01,31,JO2X,14.5
200512,2005-12-01,31,JO2X,15.0
200601,2006-01-01,31,JO2X,15.2
200602,2006-02-01,31,JO2X,15.1
200603,2006-03-01,31,JO2X,16.2
200604,2006-04-01,31,JO2X,15.4
200605,2006-05-01,31,JO2X,15.5
200606,2006-06-01,31,JO2X,14.8
200607,2006-07-01,31,JO2X,14.5
200608,2006-08-01,31,JO2X,15.4
200609,2006-09-01,31,JO2X,15.1
200610,2006-10-01,31,JO2X,15.4
200611,2006-11-01,31,JO2X,15.4
200612,2006-12-01,31,JO2X,15.6
200701,2007-01-01,31,JO2X,15.1
200702,2007-02-01,31,JO2X,15.4
200703,2007-03-01,31,JO2X,15.6
200704,2007-04-01,31,JO2X,16.2
200705,2007-05-01,31,JO2X,16.4
200706,2007-06-01,31,JO2X,16.7
200707,2007-07-01,31,JO2X,17.0
200708,2007-08-01,31,JO2X,16.7
200709,2007-09-01,31,JO2X,16.6
200710,2007-10-01,31,JO2X,16.8
200711,2007-11-01,31,JO2X,17.7
200712,2007-12-01,31,JO2X,17.4
200801,2008-01-01,31,JO2X,17.6
200802,2008-02-01,31,JO2X,17.6
200803,2008-03-01,31,JO2X,17.2
200804,2008-04-01,31,JO2X,16.9
200805,2008-05-01,31,JO2X,17.1
200806,2008-06-01,31,JO2X,17.3
200807,2008-07-01,31,JO2X,17.1
200808,2008-08-01,31,JO2X,17.2
200809,2008-09-01,31,JO2X,17.4
200810,2008-10-01,31,JO2X,17.1
200811,2008-11-01,31,JO2X,17.1
200812,2008-12-01,31,JO2X,17.5
200901,2009-01-01,31,JO2X,18.1
200902,2009-02-01,31,JO2X,17.0
200903,2009-03-01,31,JO2X,18.0
200904,2009-04-01,31,JO2X,17.9
200905,2009-05-01,31,JO2X,18.0
200906,2009-06-01,31,JO2X,17.7
200907,2009-07-01,31,JO2X,18.2
200908,2009-08-01,31,JO2X,18.3
200909,2009-09-01,31,JO2X,18.8
200910,2009-10-01,31,JO2X,19.3
200911,2009-11-01,31,JO2X,19.2
200912,2009-12-01,31,JO2X,18.5
201001,2010-01-01,31,JO2X,19.1
201002,2010-02-01,31,JO2X,19.7
201003,2010-03-01,31,JO2X,19.7
201004,2010-04-01,31,JO2X,20.0
201005,2010-05-01,31,JO2X,19.6
201006,2010-06-01,31,JO2X,19.8
201007,2010-07-01,31,JO2X,20.5
201008,2010-08-01,31,JO2X,21.7
201009,2010-09-01,31,JO2X,21.6
201010,2010-10-01,31,JO2X,22.0
201011,2010-11-01,31,JO2X,21.3
201012,2010-12-01,31,JO2X,22.3
201101,2011-01-01,31,JO2X,22.9
201102,2011-02-01,31,JO2X,22.7
201103,2011-03-01,31,JO2X,22.4
201104,2011-04-01,31,JO2X,22.5
201105,2011-05-01,31,JO2X,23.4
201106,2011-06-01,31,JO2X,24.3
201107,2011-07-01,31,JO2X,24.5
201108,2011-08-01,31,JO2X,25.2
201109,2011-09-01,31,JO2X,25.2
201110,2011-10-01,31,JO2X,24.9
201111,2011-11-01,31,JO2X,26.4
201112,2011-12-01,31,JO2X,26.2
201201,2012-01-01,31,JO2X,25.9
201202,2012-02-01,31,JO2X,25.7
201203,2012-03-01,31,JO2X,26.3
201204,2012-04-01,31,JO2X,26.7
201205,2012-05-01,31,JO2X,26.8
201206,2012-06-01,31,JO2X,26.9
201207,2012-07-01,31,JO2X,28.3
201208,2012-08-01,31,JO2X,26.1
201209,2012-09-01,31,JO2X,27.7
201210,2012-10-01,31,JO2X,27.9
201211,2012-11-01,31,JO2X,27.9
201212,2012-12-01,31,JO2X,30.8
201301,2013-01-01,31,JO2X,29.8
201302,2013-02-01,31,JO2X,30.8
201303,2013-03-01,31,JO2X,31.1
201304,2013-04-01,31,JO2X,30.8
201305,2013-05-01,31,JO2X,31.2
201306,2013-06-01,31,JO2X,32.0
201307,2013-07-01,31,JO2X,32.1
201308,2013-08-01,31,JO2X,33.6
201309,2013-09-01,31,JO2X,32.1
201310,2013-10-01,31,JO2X,33.0
201311,2013-11-01,31,JO2X,33.7
201312,2013-12-01,31,JO2X,33.6
201401,2014-01-01,31,JO2X,32.5
201402,2014-02-01,31,JO2X,37.0
201403,2014-03-01,31,JO2X,36.1
201404,2014-04-01,31,JO2X,37.1
201405,2014-05-01,31,JO2X,39.1
201406,2014-06-01,31,JO2X,37.1
201407,2014-07-01,31,JO2X,36.7
201408,2014-08-01,31,JO2X,36.9
201409,2014-09-01,31,JO2X,37.4
201410,2014-10-01,31,JO2X,37.5
201411,2014-11-01,31,JO2X,37.5
201412,2014-12-01,31,JO2X,40.3
201501,2015-01-01,31,JO2X,40.8
201502,2015-02-01,31,JO2X,39.5
201503,2015-03-01,31,JO2X,40.3
201504,2015-04-01,31,JO2X,41.4
201505,2015-05-01,31,JO2X,40.7
201506,2015-06-01,31,JO2X,41.7
201507,2015-07-01,31,JO2X,43.2
201508,2015-08-01,31,JO2X,41.1
201509,2015-09-01,31,JO2X,42.4
201510,2015-10-01,31,JO2X,42.1
201511,2015-11-01,31,JO2X,42.3
201512,2015-12-01,31,JO2X,41.2
201601,2016-01-01,31,JO2X,45.1
201602,2016-02-01,31,JO2X,43.2
201603,2016-03-01,31,JO2X,44.8
201604,2016-04-01,31,JO2X,43.9
201605,2016-05-01,31,JO2X,47.4
201606,2016-06-01,31,JO2X,47.1
201607,2016-07-01,31,JO2X,47.7
201608,2016-08-01,31,JO2X,49.5
201609,2016-09-01,31,JO2X,51.7
201610,2016-10-01,31,JO2X,53.6
201611,2016-11-01,31,JO2X,54.5
201612,2016-12-01,31,JO2X,54.8
201701,2017-01-01,31,JO2X,54.3
201702,2017-02-01,31,JO2X,54.6
201703,2017-03-01,31,JO2X,53.8
201704,2017-04-01,31,JO2X,56.4
201705,2017-05-01,31,JO2X,55.0
201706,2017-06-01,31,JO2X,58.0
201707,2017-07-01,31,JO2X,57.0
201708,2017-08-01,31,JO2X,59.3
201709,2017-09-01,31,JO2X,63.8
201710,2017-10-01,31,JO2X,61.4
201711,2017-11-01,31,JO2X,62.4
201712,2017-12-01,31,JO2X,61.8
201801,2018-01-01,31,JO2X,59.6
201802,2018-02-01,31,JO2X,61.6
201803,2018-03-01,31,JO2X,59.5
201804,2018-04-01,31,JO2X,62.2
201805,2018-05-01,31,JO2X,65.2
201806,2018-06-01,31,JO2X,64.7
201807,2018-07-01,31,JO2X,67.1
201808,2018-08-01,31,JO2X,68.3
201809,2018-09-01,31,JO2X,68.4
201810,2018-10-01,31,JO2X,67.4
201811,2018-11-01,31,JO2X,69.1
201812,2018-12-01,31,JO2X,68.4
201901,2019-01-01,31,JO2X,68.7
201902,2019-02-01,31,JO2X,70.4
201903,2019-03-01,31,JO2X,73.1
201904,2019-04-01,31,JO2X,72.0
201905,2019-05-01,31,JO2X,72.6
201906,2019-06-01,31,JO2X,73.9
201907,2019-07-01,31,JO2X,81.5
201908,2019-08-01,31,JO2X,78.6
201909,2019-09-01,31,JO2X,77.7
201910,2019-10-01,31,JO2X,76.2
201911,2019-11-01,31,JO2X,76.5
201912,2019-12-01,31,JO2X,77.2
202001,2020-01-01,31,JO2X,76.4
202002,2020-02-01,31,JO2X,73.8
202003,2020-03-01,31,JO2X,78.3
202004,2020-04-01,31,JO2X,92.8
202005,2020-05-01,31,JO2X,112.9
202006,2020-06-01,31,JO2X,113.5
202007,2020-07-01,31,JO2X,108.3
202008,2020-08-01,31,JO2X,105.1
202009,2020-09-01,31,JO2X,103.6
202010,2020-10-01,31,JO2X,109.8
202011,2020-11-01,31,JO2X,109.8
202012,2020-12-01,31,JO2X,102.2
202101,2021-01-01,31,JO2X,113.1
202102,2021-02-01,31,JO2X,109.6
202103,2021-03-01,31,JO2X,108.6
202104,2021-04-01,31,JO2X,108.7
202105,2021-05-01,31,JO2X,102.7
202106,2021-06-01,31,JO2X,102.3
202107,2021-07-01,31,JO2X,97.3
202108,2021-08-01,31,JO2X,97.7
202109,2021-09-01,31,JO2X,99.6
202110,2021-10-01,31,JO2X,97.5
202111,2021-11-01,31,JO2X,99.8
202112,2021-12-01,31,JO2X,104.5
202201,2022-01-01,31,JO2X,109.7
202202,2022-02-01,31,JO2X,103.6
202203,2022-03-01,31,JO2X,94.7
202204,2022-04-01,31,JO2X,100.4
202205,2022-05-01,31,JO2X,98.4
202206,2022-06-01,31,JO2X,95.0
202207,2022-07-01,31,JO2X,96.0
202208,2022-08-01,31,JO2X,94.8
202209,2022-09-01,31,JO2X,94.3
202210,2022-10-01,31,JO2X,95.5
202211,2022-11-01,31,JO2X,92.2
202212,2022-12-01,31,JO2X,93.2
202301,2023-01-01,31,JO2X,97.0
202302,2023-02-01,31,JO2X,98.3
202303,2023-03-01,31,JO2X,98.3
202304,2023-04-01,31,JO2X,99.6
202305,2023-05-01,31,JO2X,99.4
202306,2023-06-01,31,JO2X,99.6
202307,2023-07-01,31,JO2X,100.9
202308,2023-08-01,31,JO2X,102.1
202309,2023-09-01,31,JO2X,99.8
202310,2023-10-01,31,JO2X,101.6
202311,2023-11-01,31,JO2X,103.1
202312,2023-12-01,31,JO2X,100.8
202401,2024-01-01,31,JO2X,100.9
202402,2024-02-01,31,JO2X,101.2
202403,2024-03-01,31,JO2X,100.8
202404,2024-04-01,31,JO2X,101.3
202405,2024-05-01,31,JO2X,107.0
202406,2024-06-01,31,JO2X,104.3
202407,2024-07-01,31,JO2X,105.1
202408,2024-08-01,31,JO2X,102.3
202409,2024-09-01,31,JO2X,102.3
202410,2024-10-01,31,JO2X,102.4
202411,2024-11-01,31,JO2X,101.7
202412,2024-12-01,31,JO2X,99.9
202501,2025-01-01,31,JO2X,96.4
202502,2025-02-01,31,JO2X,102.4
202503,2025-03-01,31,JO2X,103.8
202504,2025-04-01,31,JO2X,105.1
202505,2025-05-01,31,JO2X,105.4
202506,2025-06-01,31,JO2X,105.4
202507,2025-07-01,31,JO2X,107.9
202508,2025-08-01,31,JO2X,109.2
202509,2025-09-01,31,JO2X,110.1
202510,2025-10-01,31,JO2X,108.0
202511,2025-11-01,31,JO2X,104.7
202512,2025-12-01,31,JO2X,109.9
202601,2026-01-01,31,JO2X,111.4
202602,2026-02-01,31,JO2X,110.6
202603,2026-03-01,31,JO2X,113.7
202604,2026-04-01,31,JO2X,112.1
202605,2026-05-01,31,JO2X,117.6
202606,2026-06-01,31,JO2X,122.8
198801,1988-01-01,32,JO2Y,110.5
198802,1988-02-01,32,JO2Y,107.9
198803,1988-03-01,32,JO2Y,108.1
198804,1988-04-01,32,JO2Y,112.2
198805,1988-05-01,32,JO2Y,116.6
198806,1988-06-01,32,JO2Y,113.3
198807,1988-07-01,32,JO2Y,115.3
198808,1988-08-01,32,JO2Y,116.1
198809,1988-09-01,32,JO2Y,114.3
198810,1988-10-01,32,JO2Y,115.7
198811,1988-11-01,32,JO2Y,114.4
198812,1988-12-01,32,JO2Y,115.3
198901,1989-01-01,32,JO2Y,114.3
198902,1989-02-01,32,JO2Y,115.0
198903,1989-03-01,32,JO2Y,117.6
198904,1989-04-01,32,JO2Y,117.4
198905,1989-05-01,32,JO2Y,119.0
198906,1989-06-01,32,JO2Y,118.0
198907,1989-07-01,32,JO2Y,118.9
198908,1989-08-01,32,JO2Y,116.8
198909,1989-09-01,32,JO2Y,119.6
198910,1989-10-01,32,JO2Y,121.0
198911,1989-11-01,32,JO2Y,119.4
198912,1989-12-01,32,JO2Y,123.4
199001,1990-01-01,32,JO2Y,115.6
199002,1990-02-01,32,JO2Y,120.1
199003,1990-03-01,32,JO2Y,120.1
199004,1990-04-01,32,JO2Y,121.5
199005,1990-05-01,32,JO2Y,120.9
199006,1990-06-01,32,JO2Y,121.6
199007,1990-07-01,32,JO2Y,122.3
199008,1990-08-01,32,JO2Y,123.2
199009,1990-09-01,32,JO2Y,123.5
199010,1990-10-01,32,JO2Y,122.3
199011,1990-11-01,32,JO2Y,123.1
199012,1990-12-01,32,JO2Y,127.1
199101,1991-01-01,32,JO2Y,119.3
199102,1991-02-01,32,JO2Y,124.7
199103,1991-03-01,32,JO2Y,123.0
199104,1991-04-01,32,JO2Y,122.4
199105,1991-05-01,32,JO2Y,120.3
199106,1991-06-01,32,JO2Y,123.4
199107,1991-07-01,32,JO2Y,124.3
199108,1991-08-01,32,JO2Y,125.2
199109,1991-09-01,32,JO2Y,127.2
199110,1991-10-01,32,JO2Y,120.6
199111,1991-11-01,32,JO2Y,121.1
199112,1991-12-01,32,JO2Y,124.7
199201,1992-01-01,32,JO2Y,123.7
199202,1992-02-01,32,JO2Y,127.1
199203,1992-03-01,32,JO2Y,121.9
199204,1992-04-01,32,JO2Y,119.8
199205,1992-05-01,32,JO2Y,118.4
199206,1992-06-01,32,JO2Y,121.1
199207,1992-07-01,32,JO2Y,117.6
199208,1992-08-01,32,JO2Y,119.1
199209,1992-09-01,32,JO2Y,119.4
199210,1992-10-01,32,JO2Y,118.8
199211,1992-11-01,32,JO2Y,119.8
199212,1992-12-01,32,JO2Y,118.4
199301,1993-01-01,32,JO2Y,120.7
199302,1993-02-01,32,JO2Y,120.9
199303,1993-03-01,32,JO2Y,121.3
199304,1993-04-01,32,JO2Y,122.3
199305,1993-05-01,32,JO2Y,122.1
199306,1993-06-01,32,JO2Y,118.7
199307,1993-07-01,32,JO2Y,119.0
199308,1993-08-01,32,JO2Y,117.3
199309,1993-09-01,32,JO2Y,116.3
199310,1993-10-01,32,JO2Y,116.8
199311,1993-11-01,32,JO2Y,116.5
199312,1993-12-01,32,JO2Y,118.5
199401,1994-01-01,32,JO2Y,116.5
199402,1994-02-01,32,JO2Y,111.4
199403,1994-03-01,32,JO2Y,116.0
199404,1994-04-01,32,JO2Y,113.5
199405,1994-05-01,32,JO2Y,116.3
199406,1994-06-01,32,JO2Y,113.3
199407,1994-07-01,32,JO2Y,115.6
199408,1994-08-01,32,JO2Y,115.1
199409,1994-09-01,32,JO2Y,115.3
199410,1994-10-01,32,JO2Y,116.6
199411,1994-11-01,32,JO2Y,115.8
199412,1994-12-01,32,JO2Y,117.4
199501,1995-01-01,32,JO2Y,108.5
199502,1995-02-01,32,JO2Y,107.0
199503,1995-03-01,32,JO2Y,105.9
199504,1995-04-01,32,JO2Y,107.0
199505,1995-05-01,32,JO2Y,106.0
199506,1995-06-01,32,JO2Y,106.0
199507,1995-07-01,32,JO2Y,108.1
199508,1995-08-01,32,JO2Y,105.1
199509,1995-09-01,32,JO2Y,103.0
199510,1995-10-01,32,JO2Y,103.4
199511,1995-11-01,32,JO2Y,103.9
199512,1995-12-01,32,JO2Y,103.1
199601,1996-01-01,32,JO2Y,101.7
199602,1996-02-01,32,JO2Y,105.3
199603,1996-03-01,32,JO2Y,104.6
199604,1996-04-01,32,JO2Y,104.5
199605,1996-05-01,32,JO2Y,104.1
199606,1996-06-01,32,JO2Y,105.3
199607,1996-07-01,32,JO2Y,105.1
199608,1996-08-01,32,JO2Y,103.5
199609,1996-09-01,32,JO2Y,105.2
199610,1996-10-01,32,JO2Y,102.5
199611,1996-11-01,32,JO2Y,103.2
199612,1996-12-01,32,JO2Y,103.4
199701,1997-01-01,32,JO2Y,104.4
199702,1997-02-01,32,JO2Y,105.6
199703,1997-03-01,32,JO2Y,105.3
199704,1997-04-01,32,JO2Y,105.0
199705,1997-05-01,32,JO2Y,103.8
199706,1997-06-01,32,JO2Y,104.3
199707,1997-07-01,32,JO2Y,100.7
199708,1997-08-01,32,JO2Y,103.0
199709,1997-09-01,32,JO2Y,100.8
199710,1997-10-01,32,JO2Y,100.2
199711,1997-11-01,32,JO2Y,100.2
199712,1997-12-01,32,JO2Y,99.2
199801,1998-01-01,32,JO2Y,99.6
199802,1998-02-01,32,JO2Y,97.4
199803,1998-03-01,32,JO2Y,97.0
199804,1998-04-01,32,JO2Y,95.9
199805,1998-05-01,32,JO2Y,95.2
199806,1998-06-01,32,JO2Y,97.4
199807,1998-07-01,32,JO2Y,97.0
199808,1998-08-01,32,JO2Y,98.2
199809,1998-09-01,32,JO2Y,98.4
199810,1998-10-01,32,JO2Y,96.7
199811,1998-11-01,32,JO2Y,92.0
199812,1998-12-01,32,JO2Y,89.6
199901,1999-01-01,32,JO2Y,92.6
199902,1999-02-01,32,JO2Y,89.4
199903,1999-03-01,32,JO2Y,88.3
199904,1999-04-01,32,JO2Y,86.6
199905,1999-05-01,32,JO2Y,84.8
199906,1999-06-01,32,JO2Y,86.4
199907,1999-07-01,32,JO2Y,85.2
199908,1999-08-01,32,JO2Y,80.9
199909,1999-09-01,32,JO2Y,82.7
199910,1999-10-01,32,JO2Y,81.5
199911,1999-11-01,32,JO2Y,83.9
199912,1999-12-01,32,JO2Y,79.6
200001,2000-01-01,32,JO2Y,92.4
200002,2000-02-01,32,JO2Y,88.6
200003,2000-03-01,32,JO2Y,92.6
200004,2000-04-01,32,JO2Y,93.8
200005,2000-05-01,32,JO2Y,93.2
200006,2000-06-01,32,JO2Y,88.5
200007,2000-07-01,32,JO2Y,86.1
200008,2000-08-01,32,JO2Y,86.9
200009,2000-09-01,32,JO2Y,86.6
200010,2000-10-01,32,JO2Y,99.7
200011,2000-11-01,32,JO2Y,99.0
200012,2000-12-01,32,JO2Y,86.1
200101,2001-01-01,32,JO2Y,83.4
200102,2001-02-01,32,JO2Y,73.9
200103,2001-03-01,32,JO2Y,88.7
200104,2001-04-01,32,JO2Y,83.7
200105,2001-05-01,32,JO2Y,86.5
200106,2001-06-01,32,JO2Y,80.6
200107,2001-07-01,32,JO2Y,82.8
200108,2001-08-01,32,JO2Y,85.4
200109,2001-09-01,32,JO2Y,86.4
200110,2001-10-01,32,JO2Y,88.8
200111,2001-11-01,32,JO2Y,93.8
200112,2001-12-01,32,JO2Y,93.0
200201,2002-01-01,32,JO2Y,93.4
200202,2002-02-01,32,JO2Y,92.2
200203,2002-03-01,32,JO2Y,91.2
200204,2002-04-01,32,JO2Y,90.1
200205,2002-05-01,32,JO2Y,95.3
200206,2002-06-01,32,JO2Y,102.5
200207,2002-07-01,32,JO2Y,105.6
200208,2002-08-01,32,JO2Y,103.9
200209,2002-09-01,32,JO2Y,99.6
200210,2002-10-01,32,JO2Y,102.3
200211,2002-11-01,32,JO2Y,95.2
200212,2002-12-01,32,JO2Y,102.8
200301,2003-01-01,32,JO2Y,94.4
200302,2003-02-01,32,JO2Y,84.0
200303,2003-03-01,32,JO2Y,78.4
200304,2003-04-01,32,JO2Y,85.6
200305,2003-05-01,32,JO2Y,80.4
200306,2003-06-01,32,JO2Y,74.7
200307,2003-07-01,32,JO2Y,79.3
200308,2003-08-01,32,JO2Y,77.8
200309,2003-09-01,32,JO2Y,81.9
200310,2003-10-01,32,JO2Y,81.9
200311,2003-11-01,32,JO2Y,86.8
200312,2003-12-01,32,JO2Y,86.3
200401,2004-01-01,32,JO2Y,93.5
200402,2004-02-01,32,JO2Y,84.2
200403,2004-03-01,32,JO2Y,89.7
200404,2004-04-01,32,JO2Y,94.2
200405,2004-05-01,32,JO2Y,91.2
200406,2004-06-01,32,JO2Y,95.5
200407,2004-07-01,32,JO2Y,92.5
200408,2004-08-01,32,JO2Y,80.2
200409,2004-09-01,32,JO2Y,94.6
200410,2004-10-01,32,JO2Y,90.9
200411,2004-11-01,32,JO2Y,84.1
200412,2004-12-01,32,JO2Y,84.2
200501,2005-01-01,32,JO2Y,87.4
200502,2005-02-01,32,JO2Y,89.9
200503,2005-03-01,32,JO2Y,86.5
200504,2005-04-01,32,JO2Y,80.4
200505,2005-05-01,32,JO2Y,81.0
200506,2005-06-01,32,JO2Y,76.7
200507,2005-07-01,32,JO2Y,80.1
200508,2005-08-01,32,JO2Y,78.8
200509,2005-09-01,32,JO2Y,74.3
200510,2005-10-01,32,JO2Y,74.5
200511,2005-11-01,32,JO2Y,81.2
200512,2005-12-01,32,JO2Y,83.6
200601,2006-01-01,32,JO2Y,69.5
200602,2006-02-01,32,JO2Y,68.0
200603,2006-03-01,32,JO2Y,76.1
200604,2006-04-01,32,JO2Y,70.7
200605,2006-05-01,32,JO2Y,78.7
200606,2006-06-01,32,JO2Y,99.0
200607,2006-07-01,32,JO2Y,80.6
200608,2006-08-01,32,JO2Y,94.6
200609,2006-09-01,32,JO2Y,86.9
200610,2006-10-01,32,JO2Y,81.1
200611,2006-11-01,32,JO2Y,81.5
200612,2006-12-01,32,JO2Y,86.9
200701,2007-01-01,32,JO2Y,84.4
200702,2007-02-01,32,JO2Y,82.5
200703,2007-03-01,32,JO2Y,80.8
200704,2007-04-01,32,JO2Y,78.9
200705,2007-05-01,32,JO2Y,73.5
200706,2007-06-01,32,JO2Y,74.6
200707,2007-07-01,32,JO2Y,73.5
200708,2007-08-01,32,JO2Y,66.6
200709,2007-09-01,32,JO2Y,66.8
200710,2007-10-01,32,JO2Y,69.5
200711,2007-11-01,32,JO2Y,71.4
200712,2007-12-01,32,JO2Y,70.4
200801,2008-01-01,32,JO2Y,78.4
200802,2008-02-01,32,JO2Y,88.4
200803,2008-03-01,32,JO2Y,84.5
200804,2008-04-01,32,JO2Y,84.0
200805,2008-05-01,32,JO2Y,85.2
200806,2008-06-01,32,JO2Y,80.0
200807,2008-07-01,32,JO2Y,76.0
200808,2008-08-01,32,JO2Y,76.7
200809,2008-09-01,32,JO2Y,83.2
200810,2008-10-01,32,JO2Y,87.5
200811,2008-11-01,32,JO2Y,111.4
200812,2008-12-01,32,JO2Y,105.1
200901,2009-01-01,32,JO2Y,81.5
200902,2009-02-01,32,JO2Y,68.7
200903,2009-03-01,32,JO2Y,74.5
200904,2009-04-01,32,JO2Y,84.7
200905,2009-05-01,32,JO2Y,80.9
200906,2009-06-01,32,JO2Y,85.1
200907,2009-07-01,32,JO2Y,103.0
200908,2009-08-01,32,JO2Y,109.5
200909,2009-09-01,32,JO2Y,113.6
200910,2009-10-01,32,JO2Y,96.4
200911,2009-11-01,32,JO2Y,119.2
200912,2009-12-01,32,JO2Y,108.1
201001,2010-01-01,32,JO2Y,95.3
201002,2010-02-01,32,JO2Y,87.1
201003,2010-03-01,32,JO2Y,96.5
201004,2010-04-01,32,JO2Y,94.8
201005,2010-05-01,32,JO2Y,95.4
201006,2010-06-01,32,JO2Y,88.3
201007,2010-07-01,32,JO2Y,108.2
201008,2010-08-01,32,JO2Y,99.3
201009,2010-09-01,32,JO2Y,92.6
201010,2010-10-01,32,JO2Y,89.9
201011,2010-11-01,32,JO2Y,98.0
201012,2010-12-01,32,JO2Y,94.1
201101,2011-01-01,32,JO2Y,101.8
201102,2011-02-01,32,JO2Y,103.5
201103,2011-03-01,32,JO2Y,100.0
201104,2011-04-01,32,JO2Y,100.3
201105,2011-05-01,32,JO2Y,99.1
201106,2011-06-01,32,JO2Y,100.2
201107,2011-07-01,32,JO2Y,94.6
201108,2011-08-01,32,JO2Y,92.7
201109,2011-09-01,32,JO2Y,92.7
201110,2011-10-01,32,JO2Y,100.1
201111,2011-11-01,32,JO2Y,91.8
201112,2011-12-01,32,JO2Y,94.6
201201,2012-01-01,32,JO2Y,93.4
201202,2012-02-01,32,JO2Y,90.7
201203,2012-03-01,32,JO2Y,91.4
201204,2012-04-01,32,JO2Y,89.2
201205,2012-05-01,32,JO2Y,100.1
201206,2012-06-01,32,JO2Y,81.5
201207,2012-07-01,32,JO2Y,88.0
201208,2012-08-01,32,JO2Y,91.4
201209,2012-09-01,32,JO2Y,89.9
201210,2012-10-01,32,JO2Y,99.2
201211,2012-11-01,32,JO2Y,95.5
201212,2012-12-01,32,JO2Y,88.4
201301,2013-01-01,32,JO2Y,94.5
201302,2013-02-01,32,JO2Y,94.8
201303,2013-03-01,32,JO2Y,99.9
201304,2013-04-01,32,JO2Y,96.0
201305,2013-05-01,32,JO2Y,106.2
201306,2013-06-01,32,JO2Y,109.9
201307,2013-07-01,32,JO2Y,114.7
201308,2013-08-01,32,JO2Y,115.1
201309,2013-09-01,32,JO2Y,105.3
201310,2013-10-01,32,JO2Y,92.2
201311,2013-11-01,32,JO2Y,102.5
201312,2013-12-01,32,JO2Y,106.7
201401,2014-01-01,32,JO2Y,95.2
201402,2014-02-01,32,JO2Y,101.8
201403,2014-03-01,32,JO2Y,83.7
201404,2014-04-01,32,JO2Y,91.3
201405,2014-05-01,32,JO2Y,91.3
201406,2014-06-01,32,JO2Y,93.1
201407,2014-07-01,32,JO2Y,90.5
201408,2014-08-01,32,JO2Y,81.1
201409,2014-09-01,32,JO2Y,86.7
201410,2014-10-01,32,JO2Y,80.9
201411,2014-11-01,32,JO2Y,81.3
201412,2014-12-01,32,JO2Y,84.2
201501,2015-01-01,32,JO2Y,77.8
201502,2015-02-01,32,JO2Y,81.9
201503,2015-03-01,32,JO2Y,75.9
201504,2015-04-01,32,JO2Y,78.1
201505,2015-05-01,32,JO2Y,73.9
201506,2015-06-01,32,JO2Y,79.9
201507,2015-07-01,32,JO2Y,78.3
201508,2015-08-01,32,JO2Y,73.1
201509,2015-09-01,32,JO2Y,75.7
201510,2015-10-01,32,JO2Y,75.0
201511,2015-11-01,32,JO2Y,74.1
201512,2015-12-01,32,JO2Y,71.0
201601,2016-01-01,32,JO2Y,78.5
201602,2016-02-01,32,JO2Y,79.1
201603,2016-03-01,32,JO2Y,73.6
201604,2016-04-01,32,JO2Y,86.3
201605,2016-05-01,32,JO2Y,84.2
201606,2016-06-01,32,JO2Y,84.6
201607,2016-07-01,32,JO2Y,78.9
201608,2016-08-01,32,JO2Y,79.3
201609,2016-09-01,32,JO2Y,80.2
201610,2016-10-01,32,JO2Y,78.9
201611,2016-11-01,32,JO2Y,86.8
201612,2016-12-01,32,JO2Y,84.7
201701,2017-01-01,32,JO2Y,80.3
201702,2017-02-01,32,JO2Y,62.7
201703,2017-03-01,32,JO2Y,79.9
201704,2017-04-01,32,JO2Y,77.2
201705,2017-05-01,32,JO2Y,73.6
201706,2017-06-01,32,JO2Y,67.0
201707,2017-07-01,32,JO2Y,70.2
201708,2017-08-01,32,JO2Y,84.7
201709,2017-09-01,32,JO2Y,73.5
201710,2017-10-01,32,JO2Y,74.0
201711,2017-11-01,32,JO2Y,72.2
201712,2017-12-01,32,JO2Y,74.8
201801,2018-01-01,32,JO2Y,78.9
201802,2018-02-01,32,JO2Y,77.4
201803,2018-03-01,32,JO2Y,88.6
201804,2018-04-01,32,JO2Y,76.5
201805,2018-05-01,32,JO2Y,75.4
201806,2018-06-01,32,JO2Y,73.2
201807,2018-07-01,32,JO2Y,75.8
201808,2018-08-01,32,JO2Y,80.6
201809,2018-09-01,32,JO2Y,77.1
201810,2018-10-01,32,JO2Y,82.2
201811,2018-11-01,32,JO2Y,75.0
201812,2018-12-01,32,JO2Y,80.0
201901,2019-01-01,32,JO2Y,58.7
201902,2019-02-01,32,JO2Y,86.2
201903,2019-03-01,32,JO2Y,83.5
201904,2019-04-01,32,JO2Y,102.4
201905,2019-05-01,32,JO2Y,87.2
201906,2019-06-01,32,JO2Y,77.6
201907,2019-07-01,32,JO2Y,88.8
201908,2019-08-01,32,JO2Y,84.0
201909,2019-09-01,32,JO2Y,92.8
201910,2019-10-01,32,JO2Y,86.9
201911,2019-11-01,32,JO2Y,84.8
201912,2019-12-01,32,JO2Y,81.2
202001,2020-01-01,32,JO2Y,81.2
202002,2020-02-01,32,JO2Y,112.5
202003,2020-03-01,32,JO2Y,67.9
202004,2020-04-01,32,JO2Y,52.3
202005,2020-05-01,32,JO2Y,68.4
202006,2020-06-01,32,JO2Y,74.0
202007,2020-07-01,32,JO2Y,104.7
202008,2020-08-01,32,JO2Y,104.9
202009,2020-09-01,32,JO2Y,103.6
202010,2020-10-01,32,JO2Y,118.0
202011,2020-11-01,32,JO2Y,90.1
202012,2020-12-01,32,JO2Y,106.4
202101,2021-01-01,32,JO2Y,107.6
202102,2021-02-01,32,JO2Y,102.7
202103,2021-03-01,32,JO2Y,106.6
202104,2021-04-01,32,JO2Y,103.1
202105,2021-05-01,32,JO2Y,107.0
202106,2021-06-01,32,JO2Y,112.7
202107,2021-07-01,32,JO2Y,113.9
202108,2021-08-01,32,JO2Y,110.0
202109,2021-09-01,32,JO2Y,101.9
202110,2021-10-01,32,JO2Y,104.3
202111,2021-11-01,32,JO2Y,102.6
202112,2021-12-01,32,JO2Y,102.0
202201,2022-01-01,32,JO2Y,99.4
202202,2022-02-01,32,JO2Y,98.6
202203,2022-03-01,32,JO2Y,122.2
202204,2022-04-01,32,JO2Y,104.9
202205,2022-05-01,32,JO2Y,102.1
202206,2022-06-01,32,JO2Y,105.9
202207,2022-07-01,32,JO2Y,97.3
202208,2022-08-01,32,JO2Y,100.1
202209,2022-09-01,32,JO2Y,103.6
202210,2022-10-01,32,JO2Y,101.7
202211,2022-11-01,32,JO2Y,109.5
202212,2022-12-01,32,JO2Y,106.4
202301,2023-01-01,32,JO2Y,106.5
202302,2023-02-01,32,JO2Y,104.1
202303,2023-03-01,32,JO2Y,104.8
202304,2023-04-01,32,JO2Y,100.0
202305,2023-05-01,32,JO2Y,103.8
202306,2023-06-01,32,JO2Y,94.0
202307,2023-07-01,32,JO2Y,98.2
202308,2023-08-01,32,JO2Y,101.6
202309,2023-09-01,32,JO2Y,95.9
202310,2023-10-01,32,JO2Y,100.9
202311,2023-11-01,32,JO2Y,98.5
202312,2023-12-01,32,JO2Y,94.5
202401,2024-01-01,32,JO2Y,98.4
202402,2024-02-01,32,JO2Y,112.4
202403,2024-03-01,32,JO2Y,94.2
202404,2024-04-01,32,JO2Y,95.2
202405,2024-05-01,32,JO2Y,97.0
202406,2024-06-01,32,JO2Y,96.2
202407,2024-07-01,32,JO2Y,97.2
202408,2024-08-01,32,JO2Y,92.8
202409,2024-09-01,32,JO2Y,98.2
202410,2024-10-01,32,JO2Y,90.3
202411,2024-11-01,32,JO2Y,124.2
202412,2024-12-01,32,JO2Y,107.6
202501,2025-01-01,32,JO2Y,103.0
202502,2025-02-01,32,JO2Y,100.5
202503,2025-03-01,32,JO2Y,121.4
202504,2025-04-01,32,JO2Y,110.4
202505,2025-05-01,32,JO2Y,103.7
202506,2025-06-01,32,JO2Y,111.6
202507,2025-07-01,32,JO2Y,112.5
202508,2025-08-01,32,JO2Y,121.2
202509,2025-09-01,32,JO2Y,123.3
202510,2025-10-01,32,JO2Y,112.2
202511,2025-11-01,32,JO2Y,111.1
202512,2025-12-01,32,JO2Y,112.5
202601,2026-01-01,32,JO2Y,117.5
202602,2026-02-01,32,JO2Y,120.5
202603,2026-03-01,32,JO2Y,122.7
202604,2026-04-01,32,JO2Y,133.5
202605,2026-05-01,32,JO2Y,132.3
202606,2026-06-01,32,JO2Y,123.1
198801,1988-01-01,33,JO2G,
198802,1988-02-01,33,JO2G,
198803,1988-03-01,33,JO2G,
198804,1988-04-01,33,JO2G,
198805,1988-05-01,33,JO2G,
198806,1988-06-01,33,JO2G,
198807,1988-07-01,33,JO2G,
198808,1988-08-01,33,JO2G,
198809,1988-09-01,33,JO2G,
198810,1988-10-01,33,JO2G,
198811,1988-11-01,33,JO2G,
198812,1988-12-01,33,JO2G,
198901,1989-01-01,33,JO2G,
198902,1989-02-01,33,JO2G,
198903,1989-03-01,33,JO2G,
198904,1989-04-01,33,JO2G,
198905,1989-05-01,33,JO2G,
198906,1989-06-01,33,JO2G,
198907,1989-07-01,33,JO2G,
198908,1989-08-01,33,JO2G,
198909,1989-09-01,33,JO2G,
198910,1989-10-01,33,JO2G,
198911,1989-11-01,33,JO2G,
198912,1989-12-01,33,JO2G,
199001,1990-01-01,33,JO2G,
199002,1990-02-01,33,JO2G,
199003,1990-03-01,33,JO2G,
199004,1990-04-01,33,JO2G,
199005,1990-05-01,33,JO2G,
199006,1990-06-01,33,JO2G,
199007,1990-07-01,33,JO2G,
199008,1990-08-01,33,JO2G,
199009,1990-09-01,33,JO2G,
199010,1990-10-01,33,JO2G,
199011,1990-11-01,33,JO2G,
199012,1990-12-01,33,JO2G,
199101,1991-01-01,33,JO2G,
199102,1991-02-01,33,JO2G,
199103,1991-03-01,33,JO2G,
199104,1991-04-01,33,JO2G,
199105,1991-05-01,33,JO2G,
199106,1991-06-01,33,JO2G,
199107,1991-07-01,33,JO2G,
199108,1991-08-01,33,JO2G,
199109,1991-09-01,33,JO2G,
199110,1991-10-01,33,JO2G,
199111,1991-11-01,33,JO2G,
199112,1991-12-01,33,JO2G,
199201,1992-01-01,33,JO2G,
199202,1992-02-01,33,JO2G,
199203,1992-03-01,33,JO2G,
199204,1992-04-01,33,JO2G,
199205,1992-05-01,33,JO2G,
199206,1992-06-01,33,JO2G,
199207,1992-07-01,33,JO2G,
199208,1992-08-01,33,JO2G,
199209,1992-09-01,33,JO2G,
199210,1992-10-01,33,JO2G,
199211,1992-11-01,33,JO2G,
199212,1992-12-01,33,JO2G,
199301,1993-01-01,33,JO2G,
199302,1993-02-01,33,JO2G,
199303,1993-03-01,33,JO2G,
199304,1993-04-01,33,JO2G,
199305,1993-05-01,33,JO2G,
199306,1993-06-01,33,JO2G,
199307,1993-07-01,33,JO2G,
199308,1993-08-01,33,JO2G,
199309,1993-09-01,33,JO2G,
199310,1993-10-01,33,JO2G,
199311,1993-11-01,33,JO2G,
199312,1993-12-01,33,JO2G,
199401,1994-01-01,33,JO2G,
199402,1994-02-01,33,JO2G,
199403,1994-03-01,33,JO2G,
199404,1994-04-01,33,JO2G,
199405,1994-05-01,33,JO2G,
199406,1994-06-01,33,JO2G,
199407,1994-07-01,33,JO2G,
199408,1994-08-01,33,JO2G,
199409,1994-09-01,33,JO2G,
199410,1994-10-01,33,JO2G,
199411,1994-11-01,33,JO2G,
199412,1994-12-01,33,JO2G,
199501,1995-01-01,33,JO2G,
199502,1995-02-01,33,JO2G,
199503,1995-03-01,33,JO2G,
199504,1995-04-01,33,JO2G,
199505,1995-05-01,33,JO2G,
199506,1995-06-01,33,JO2G,
199507,1995-07-01,33,JO2G,
199508,1995-08-01,33,JO2G,
199509,1995-09-01,33,JO2G,
199510,1995-10-01,33,JO2G,
199511,1995-11-01,33,JO2G,
199512,1995-12-01,33,JO2G,
199601,1996-01-01,33,JO2G,32.6
199602,1996-02-01,33,JO2G,33.7
199603,1996-03-01,33,JO2G,34.9
199604,1996-04-01,33,JO2G,34.2
199605,1996-05-01,33,JO2G,34.1
199606,1996-06-01,33,JO2G,31.9
199607,1996-07-01,33,JO2G,33.0
199608,1996-08-01,33,JO2G,33.4
199609,1996-09-01,33,JO2G,34.0
199610,1996-10-01,33,JO2G,33.7
199611,1996-11-01,33,JO2G,33.4
199612,1996-12-01,33,JO2G,31.3
199701,1997-01-01,33,JO2G,33.6
199702,1997-02-01,33,JO2G,34.5
199703,1997-03-01,33,JO2G,35.8
199704,1997-04-01,33,JO2G,33.9
199705,1997-05-01,33,JO2G,36.6
199706,1997-06-01,33,JO2G,35.2
199707,1997-07-01,33,JO2G,35.8
199708,1997-08-01,33,JO2G,35.8
199709,1997-09-01,33,JO2G,36.4
199710,1997-10-01,33,JO2G,37.7
199711,1997-11-01,33,JO2G,38.8
199712,1997-12-01,33,JO2G,38.0
199801,1998-01-01,33,JO2G,38.3
199802,1998-02-01,33,JO2G,38.1
199803,1998-03-01,33,JO2G,36.0
199804,1998-04-01,33,JO2G,35.7
199805,1998-05-01,33,JO2G,36.6
199806,1998-06-01,33,JO2G,35.6
199807,1998-07-01,33,JO2G,38.2
199808,1998-08-01,33,JO2G,39.3
199809,1998-09-01,33,JO2G,39.3
199810,1998-10-01,33,JO2G,38.4
199811,1998-11-01,33,JO2G,37.2
199812,1998-12-01,33,JO2G,33.9
199901,1999-01-01,33,JO2G,36.0
199902,1999-02-01,33,JO2G,36.5
199903,1999-03-01,33,JO2G,36.1
199904,1999-04-01,33,JO2G,38.0
199905,1999-05-01,33,JO2G,38.0
199906,1999-06-01,33,JO2G,40.2
199907,1999-07-01,33,JO2G,39.5
199908,1999-08-01,33,JO2G,39.9
199909,1999-09-01,33,JO2G,39.9
199910,1999-10-01,33,JO2G,41.8
199911,1999-11-01,33,JO2G,42.9
199912,1999-12-01,33,JO2G,45.6
200001,2000-01-01,33,JO2G,45.8
200002,2000-02-01,33,JO2G,45.9
200003,2000-03-01,33,JO2G,43.8
200004,2000-04-01,33,JO2G,57.6
200005,2000-05-01,33,JO2G,48.6
200006,2000-06-01,33,JO2G,49.3
200007,2000-07-01,33,JO2G,46.5
200008,2000-08-01,33,JO2G,46.8
200009,2000-09-01,33,JO2G,47.6
200010,2000-10-01,33,JO2G,46.4
200011,2000-11-01,33,JO2G,49.1
200012,2000-12-01,33,JO2G,48.0
200101,2001-01-01,33,JO2G,47.0
200102,2001-02-01,33,JO2G,46.0
200103,2001-03-01,33,JO2G,43.9
200104,2001-04-01,33,JO2G,44.9
200105,2001-05-01,33,JO2G,45.4
200106,2001-06-01,33,JO2G,47.1
200107,2001-07-01,33,JO2G,46.9
200108,2001-08-01,33,JO2G,46.3
200109,2001-09-01,33,JO2G,44.9
200110,2001-10-01,33,JO2G,45.3
200111,2001-11-01,33,JO2G,44.7
200112,2001-12-01,33,JO2G,44.2
200201,2002-01-01,33,JO2G,45.1
200202,2002-02-01,33,JO2G,45.6
200203,2002-03-01,33,JO2G,46.6
200204,2002-04-01,33,JO2G,46.6
200205,2002-05-01,33,JO2G,46.0
200206,2002-06-01,33,JO2G,42.7
200207,2002-07-01,33,JO2G,42.4
200208,2002-08-01,33,JO2G,42.6
200209,2002-09-01,33,JO2G,44.7
200210,2002-10-01,33,JO2G,45.2
200211,2002-11-01,33,JO2G,44.6
200212,2002-12-01,33,JO2G,44.2
200301,2003-01-01,33,JO2G,49.0
200302,2003-02-01,33,JO2G,50.2
200303,2003-03-01,33,JO2G,50.3
200304,2003-04-01,33,JO2G,48.5
200305,2003-05-01,33,JO2G,47.8
200306,2003-06-01,33,JO2G,46.7
200307,2003-07-01,33,JO2G,48.7
200308,2003-08-01,33,JO2G,49.7
200309,2003-09-01,33,JO2G,50.0
200310,2003-10-01,33,JO2G,50.4
200311,2003-11-01,33,JO2G,49.7
200312,2003-12-01,33,JO2G,48.2
200401,2004-01-01,33,JO2G,48.2
200402,2004-02-01,33,JO2G,48.7
200403,2004-03-01,33,JO2G,49.3
200404,2004-04-01,33,JO2G,49.3
200405,2004-05-01,33,JO2G,49.1
200406,2004-06-01,33,JO2G,51.5
200407,2004-07-01,33,JO2G,51.3
200408,2004-08-01,33,JO2G,53.5
200409,2004-09-01,33,JO2G,52.3
200410,2004-10-01,33,JO2G,58.6
200411,2004-11-01,33,JO2G,55.1
200412,2004-12-01,33,JO2G,55.6
200501,2005-01-01,33,JO2G,50.0
200502,2005-02-01,33,JO2G,52.5
200503,2005-03-01,33,JO2G,52.0
200504,2005-04-01,33,JO2G,53.0
200505,2005-05-01,33,JO2G,53.8
200506,2005-06-01,33,JO2G,54.8
200507,2005-07-01,33,JO2G,55.5
200508,2005-08-01,33,JO2G,53.5
200509,2005-09-01,33,JO2G,55.3
200510,2005-10-01,33,JO2G,54.4
200511,2005-11-01,33,JO2G,54.8
200512,2005-12-01,33,JO2G,54.6
200601,2006-01-01,33,JO2G,62.8
200602,2006-02-01,33,JO2G,61.8
200603,2006-03-01,33,JO2G,62.6
200604,2006-04-01,33,JO2G,62.6
200605,2006-05-01,33,JO2G,64.1
200606,2006-06-01,33,JO2G,63.0
200607,2006-07-01,33,JO2G,64.5
200608,2006-08-01,33,JO2G,64.2
200609,2006-09-01,33,JO2G,62.7
200610,2006-10-01,33,JO2G,60.9
200611,2006-11-01,33,JO2G,61.5
200612,2006-12-01,33,JO2G,62.7
200701,2007-01-01,33,JO2G,63.2
200702,2007-02-01,33,JO2G,62.6
200703,2007-03-01,33,JO2G,65.2
200704,2007-04-01,33,JO2G,66.9
200705,2007-05-01,33,JO2G,65.5
200706,2007-06-01,33,JO2G,66.4
200707,2007-07-01,33,JO2G,66.0
200708,2007-08-01,33,JO2G,66.4
200709,2007-09-01,33,JO2G,67.5
200710,2007-10-01,33,JO2G,69.2
200711,2007-11-01,33,JO2G,73.5
200712,2007-12-01,33,JO2G,73.6
200801,2008-01-01,33,JO2G,73.7
200802,2008-02-01,33,JO2G,74.6
200803,2008-03-01,33,JO2G,75.0
200804,2008-04-01,33,JO2G,75.1
200805,2008-05-01,33,JO2G,76.3
200806,2008-06-01,33,JO2G,76.9
200807,2008-07-01,33,JO2G,80.3
200808,2008-08-01,33,JO2G,75.9
200809,2008-09-01,33,JO2G,77.7
200810,2008-10-01,33,JO2G,72.7
200811,2008-11-01,33,JO2G,67.5
200812,2008-12-01,33,JO2G,62.5
200901,2009-01-01,33,JO2G,65.5
200902,2009-02-01,33,JO2G,64.4
200903,2009-03-01,33,JO2G,63.8
200904,2009-04-01,33,JO2G,63.0
200905,2009-05-01,33,JO2G,65.6
200906,2009-06-01,33,JO2G,68.0
200907,2009-07-01,33,JO2G,67.2
200908,2009-08-01,33,JO2G,69.6
200909,2009-09-01,33,JO2G,71.2
200910,2009-10-01,33,JO2G,72.8
200911,2009-11-01,33,JO2G,70.4
200912,2009-12-01,33,JO2G,67.9
201001,2010-01-01,33,JO2G,66.0
201002,2010-02-01,33,JO2G,68.4
201003,2010-03-01,33,JO2G,69.7
201004,2010-04-01,33,JO2G,71.9
201005,2010-05-01,33,JO2G,71.4
201006,2010-06-01,33,JO2G,70.1
201007,2010-07-01,33,JO2G,71.0
201008,2010-08-01,33,JO2G,70.0
201009,2010-09-01,33,JO2G,69.6
201010,2010-10-01,33,JO2G,72.5
201011,2010-11-01,33,JO2G,74.7
201012,2010-12-01,33,JO2G,73.1
201101,2011-01-01,33,JO2G,80.3
201102,2011-02-01,33,JO2G,81.4
201103,2011-03-01,33,JO2G,82.0
201104,2011-04-01,33,JO2G,84.6
201105,2011-05-01,33,JO2G,83.3
201106,2011-06-01,33,JO2G,83.7
201107,2011-07-01,33,JO2G,83.6
201108,2011-08-01,33,JO2G,83.1
201109,2011-09-01,33,JO2G,84.2
201110,2011-10-01,33,JO2G,85.6
201111,2011-11-01,33,JO2G,88.7
201112,2011-12-01,33,JO2G,89.7
201201,2012-01-01,33,JO2G,87.2
201202,2012-02-01,33,JO2G,86.3
201203,2012-03-01,33,JO2G,93.4
201204,2012-04-01,33,JO2G,82.1
201205,2012-05-01,33,JO2G,83.0
201206,2012-06-01,33,JO2G,79.0
201207,2012-07-01,33,JO2G,80.8
201208,2012-08-01,33,JO2G,82.6
201209,2012-09-01,33,JO2G,86.2
201210,2012-10-01,33,JO2G,83.8
201211,2012-11-01,33,JO2G,81.5
201212,2012-12-01,33,JO2G,81.0
201301,2013-01-01,33,JO2G,79.4
201302,2013-02-01,33,JO2G,83.3
201303,2013-03-01,33,JO2G,85.3
201304,2013-04-01,33,JO2G,82.0
201305,2013-05-01,33,JO2G,80.5
201306,2013-06-01,33,JO2G,81.8
201307,2013-07-01,33,JO2G,83.5
201308,2013-08-01,33,JO2G,83.3
201309,2013-09-01,33,JO2G,82.7
201310,2013-10-01,33,JO2G,78.4
201311,2013-11-01,33,JO2G,77.9
201312,2013-12-01,33,JO2G,78.3
201401,2014-01-01,33,JO2G,77.4
201402,2014-02-01,33,JO2G,78.4
201403,2014-03-01,33,JO2G,84.3
201404,2014-04-01,33,JO2G,79.1
201405,2014-05-01,33,JO2G,78.6
201406,2014-06-01,33,JO2G,79.5
201407,2014-07-01,33,JO2G,79.5
201408,2014-08-01,33,JO2G,78.5
201409,2014-09-01,33,JO2G,77.3
201410,2014-10-01,33,JO2G,76.4
201411,2014-11-01,33,JO2G,75.8
201412,2014-12-01,33,JO2G,76.3
201501,2015-01-01,33,JO2G,76.2
201502,2015-02-01,33,JO2G,70.6
201503,2015-03-01,33,JO2G,73.3
201504,2015-04-01,33,JO2G,74.3
201505,2015-05-01,33,JO2G,74.4
201506,2015-06-01,33,JO2G,75.0
201507,2015-07-01,33,JO2G,73.4
201508,2015-08-01,33,JO2G,72.9
201509,2015-09-01,33,JO2G,73.7
201510,2015-10-01,33,JO2G,73.6
201511,2015-11-01,33,JO2G,74.4
201512,2015-12-01,33,JO2G,72.7
201601,2016-01-01,33,JO2G,76.5
201602,2016-02-01,33,JO2G,70.4
201603,2016-03-01,33,JO2G,74.1
201604,2016-04-01,33,JO2G,73.8
201605,2016-05-01,33,JO2G,74.7
201606,2016-06-01,33,JO2G,75.3
201607,2016-07-01,33,JO2G,77.4
201608,2016-08-01,33,JO2G,77.6
201609,2016-09-01,33,JO2G,77.9
201610,2016-10-01,33,JO2G,80.5
201611,2016-11-01,33,JO2G,80.4
201612,2016-12-01,33,JO2G,83.4
201701,2017-01-01,33,JO2G,83.1
201702,2017-02-01,33,JO2G,83.3
201703,2017-03-01,33,JO2G,81.8
201704,2017-04-01,33,JO2G,82.6
201705,2017-05-01,33,JO2G,82.7
201706,2017-06-01,33,JO2G,79.7
201707,2017-07-01,33,JO2G,78.5
201708,2017-08-01,33,JO2G,80.3
201709,2017-09-01,33,JO2G,82.2
201710,2017-10-01,33,JO2G,83.7
201711,2017-11-01,33,JO2G,85.3
201712,2017-12-01,33,JO2G,89.9
201801,2018-01-01,33,JO2G,88.2
201802,2018-02-01,33,JO2G,88.7
201803,2018-03-01,33,JO2G,83.4
201804,2018-04-01,33,JO2G,86.3
201805,2018-05-01,33,JO2G,89.3
201806,2018-06-01,33,JO2G,90.8
201807,2018-07-01,33,JO2G,90.0
201808,2018-08-01,33,JO2G,90.0
201809,2018-09-01,33,JO2G,91.2
201810,2018-10-01,33,JO2G,91.6
201811,2018-11-01,33,JO2G,94.4
201812,2018-12-01,33,JO2G,92.2
201901,2019-01-01,33,JO2G,94.1
201902,2019-02-01,33,JO2G,95.6
201903,2019-03-01,33,JO2G,95.8
201904,2019-04-01,33,JO2G,96.2
201905,2019-05-01,33,JO2G,96.1
201906,2019-06-01,33,JO2G,96.5
201907,2019-07-01,33,JO2G,96.5
201908,2019-08-01,33,JO2G,95.6
201909,2019-09-01,33,JO2G,93.8
201910,2019-10-01,33,JO2G,95.7
201911,2019-11-01,33,JO2G,94.6
201912,2019-12-01,33,JO2G,96.7
202001,2020-01-01,33,JO2G,96.7
202002,2020-02-01,33,JO2G,95.5
202003,2020-03-01,33,JO2G,74.5
202004,2020-04-01,33,JO2G,32.0
202005,2020-05-01,33,JO2G,45.8
202006,2020-06-01,33,JO2G,53.0
202007,2020-07-01,33,JO2G,70.8
202008,2020-08-01,33,JO2G,74.2
202009,2020-09-01,33,JO2G,74.5
202010,2020-10-01,33,JO2G,76.1
202011,2020-11-01,33,JO2G,63.9
202012,2020-12-01,33,JO2G,69.5
202101,2021-01-01,33,JO2G,68.5
202102,2021-02-01,33,JO2G,69.2
202103,2021-03-01,33,JO2G,76.4
202104,2021-04-01,33,JO2G,83.6
202105,2021-05-01,33,JO2G,86.8
202106,2021-06-01,33,JO2G,90.6
202107,2021-07-01,33,JO2G,94.5
202108,2021-08-01,33,JO2G,96.5
202109,2021-09-01,33,JO2G,99.0
202110,2021-10-01,33,JO2G,94.3
202111,2021-11-01,33,JO2G,104.2
202112,2021-12-01,33,JO2G,105.0
202201,2022-01-01,33,JO2G,104.3
202202,2022-02-01,33,JO2G,108.2
202203,2022-03-01,33,JO2G,112.4
202204,2022-04-01,33,JO2G,113.4
202205,2022-05-01,33,JO2G,115.6
202206,2022-06-01,33,JO2G,122.8
202207,2022-07-01,33,JO2G,124.4
202208,2022-08-01,33,JO2G,116.4
202209,2022-09-01,33,JO2G,110.0
202210,2022-10-01,33,JO2G,116.0
202211,2022-11-01,33,JO2G,114.0
202212,2022-12-01,33,JO2G,111.7
202301,2023-01-01,33,JO2G,110.4
202302,2023-02-01,33,JO2G,106.5
202303,2023-03-01,33,JO2G,100.8
202304,2023-04-01,33,JO2G,98.9
202305,2023-05-01,33,JO2G,94.9
202306,2023-06-01,33,JO2G,94.5
202307,2023-07-01,33,JO2G,94.1
202308,2023-08-01,33,JO2G,97.9
202309,2023-09-01,33,JO2G,101.4
202310,2023-10-01,33,JO2G,102.4
202311,2023-11-01,33,JO2G,101.6
202312,2023-12-01,33,JO2G,97.9
202401,2024-01-01,33,JO2G,102.6
202402,2024-02-01,33,JO2G,101.8
202403,2024-03-01,33,JO2G,102.1
202404,2024-04-01,33,JO2G,100.5
202405,2024-05-01,33,JO2G,101.7
202406,2024-06-01,33,JO2G,100.7
202407,2024-07-01,33,JO2G,99.2
202408,2024-08-01,33,JO2G,99.2
202409,2024-09-01,33,JO2G,94.5
202410,2024-10-01,33,JO2G,94.8
202411,2024-11-01,33,JO2G,94.1
202412,2024-12-01,33,JO2G,95.3
202501,2025-01-01,33,JO2G,97.7
202502,2025-02-01,33,JO2G,100.9
202503,2025-03-01,33,JO2G,95.2
202504,2025-04-01,33,JO2G,92.5
202505,2025-05-01,33,JO2G,91.2
202506,2025-06-01,33,JO2G,89.8
202507,2025-07-01,33,JO2G,91.5
202508,2025-08-01,33,JO2G,86.9
202509,2025-09-01,33,JO2G,88.1
202510,2025-10-01,33,JO2G,88.1
202511,2025-11-01,33,JO2G,90.2
202512,2025-12-01,33,JO2G,91.3
202601,2026-01-01,33,JO2G,90.9
202602,2026-02-01,33,JO2G,90.1
202603,2026-03-01,33,JO2G,100.6
202604,2026-04-01,33,JO2G,101.4
202605,2026-05-01,33,JO2G,102.0
202606,2026-06-01,33,JO2G,100.2
